{
"type": "FeatureCollection",
"name": "kindergarden",
"crs": { "type": "name", "properties": { "name": "urn:ogc:def:crs:OGC:1.3:CRS84" } },
"features": [
{ "type": "Feature", "properties": { "Наименование": "Волшебная страна", "Описание": null, "Рубрики": "Детские сады", "Адрес": "Стахановский переулок, 2а", "Комментарий к адресу": null, "Почтовый индекс": 650903, "Микрорайон": "Кедровка м-н", "Район": "Рудничный район", "Город": "Кемерово", "Округ": "Кемеровский городской округ", "Регион": "Кемеровская область — Кузбасс", "Страна": "Россия", "Часы работы": "Пн: 07:00-19:00; Вт: 07:00-19:00; Ср: 07:00-19:00; Чт: 07:00-19:00; Пт: 07:00-19:00", "Часовой пояс": "+07:00", "Рейтинг": 5.0, "Количество отзывов": 2, "Телефон 1": "83842694354", "Телефон 2": "83842694356", "Телефон 3": "83842694355", "E-mail": null, "Веб-сайт 1": "http://detsad228.ucoz.com", "Веб-сайт 2": null, "ВКонтакте": "https://vk.com/public151244651", "WhatsApp 1": null, "WhatsApp 2": null, "Viber": null, "Telegram 1": null, "Telegram 2": null, "YouTube": null, "Широта": 55.517405, "Долгота": 86.101853, "2GIS URL": "https://2gis.com/firm/704215722877357", "capacity": 115 }, "geometry": { "type": "Point", "coordinates": [ 86.101853, 55.517405 ] } },
{ "type": "Feature", "properties": { "Наименование": "Детский сад №118 комбинированного вида", "Описание": null, "Рубрики": "Детские сады", "Адрес": "Новогодняя, 21а", "Комментарий к адресу": null, "Почтовый индекс": 650903, "Микрорайон": "Кедровка м-н", "Район": "Рудничный район", "Город": "Кемерово", "Округ": "Кемеровский городской округ", "Регион": "Кемеровская область — Кузбасс", "Страна": "Россия", "Часы работы": "Пн: 07:00-19:00; Вт: 07:00-19:00; Ср: 07:00-19:00; Чт: 07:00-19:00; Пт: 07:00-19:00", "Часовой пояс": "+07:00", "Рейтинг": 4.5, "Количество отзывов": 2, "Телефон 1": "83842692437", "Телефон 2": null, "Телефон 3": null, "E-mail": null, "Веб-сайт 1": "http://d118belochka.ucoz.net", "Веб-сайт 2": null, "ВКонтакте": null, "WhatsApp 1": null, "WhatsApp 2": null, "Viber": null, "Telegram 1": null, "Telegram 2": null, "YouTube": null, "Широта": 55.519775, "Долгота": 86.097759, "2GIS URL": "https://2gis.com/firm/704215722776879", "capacity": 140 }, "geometry": { "type": "Point", "coordinates": [ 86.097759, 55.519775 ] } },
{ "type": "Feature", "properties": { "Наименование": "Детский сад №69 общеразвивающего вида", "Описание": null, "Рубрики": "Детские сады", "Адрес": "8 Марта, 3а", "Комментарий к адресу": null, "Почтовый индекс": 650903, "Микрорайон": "Кедровка м-н", "Район": "Рудничный район", "Город": "Кемерово", "Округ": "Кемеровский городской округ", "Регион": "Кемеровская область — Кузбасс", "Страна": "Россия", "Часы работы": "Пн: 07:00-19:00; Вт: 07:00-19:00; Ср: 07:00-19:00; Чт: 07:00-19:00; Пт: 07:00-19:00", "Часовой пояс": "+07:00", "Рейтинг": 5.0, "Количество отзывов": 2, "Телефон 1": "83842692335", "Телефон 2": null, "Телефон 3": null, "E-mail": null, "Веб-сайт 1": "http://mdou69-kem.ucoz.ru", "Веб-сайт 2": null, "ВКонтакте": null, "WhatsApp 1": null, "WhatsApp 2": null, "Viber": null, "Telegram 1": null, "Telegram 2": null, "YouTube": null, "Широта": 55.518993, "Долгота": 86.102637, "2GIS URL": "https://2gis.com/firm/704215722776878", "capacity": 140 }, "geometry": { "type": "Point", "coordinates": [ 86.102637, 55.518993 ] } },
{ "type": "Feature", "properties": { "Наименование": "Катюша", "Описание": null, "Рубрики": "Детские сады", "Адрес": "Стахановская, 3", "Комментарий к адресу": null, "Почтовый индекс": 650903, "Микрорайон": "Кедровка м-н", "Район": "Рудничный район", "Город": "Кемерово", "Округ": "Кемеровский городской округ", "Регион": "Кемеровская область — Кузбасс", "Страна": "Россия", "Часы работы": "Пн: 07:00-19:00; Вт: 07:00-19:00; Ср: 07:00-19:00; Чт: 07:00-19:00; Пт: 07:00-19:00", "Часовой пояс": "+07:00", "Рейтинг": null, "Количество отзывов": null, "Телефон 1": "83842692523", "Телефон 2": null, "Телефон 3": null, "E-mail": null, "Веб-сайт 1": "http://detsad212.ucoz.org", "Веб-сайт 2": null, "ВКонтакте": null, "WhatsApp 1": null, "WhatsApp 2": null, "Viber": null, "Telegram 1": null, "Telegram 2": null, "YouTube": null, "Широта": 55.518628, "Долгота": 86.094477, "2GIS URL": "https://2gis.com/firm/704215722755098", "capacity": 120 }, "geometry": { "type": "Point", "coordinates": [ 86.094477, 55.518628 ] } },
{ "type": "Feature", "properties": { "Наименование": "Подсолнушек", "Описание": "детский сад №237 общеразвивающего вида", "Рубрики": "Детские сады", "Адрес": "улица Греческая деревня, 157а к1", "Комментарий к адресу": null, "Почтовый индекс": 650903, "Микрорайон": "Кедровка м-н", "Район": "Рудничный район", "Город": "Кемерово", "Округ": "Кемеровский городской округ", "Регион": "Кемеровская область — Кузбасс", "Страна": "Россия", "Часы работы": "Пн: 07:00-19:00; Вт: 07:00-19:00; Ср: 07:00-19:00; Чт: 07:00-19:00; Пт: 07:00-19:00", "Часовой пояс": "+07:00", "Рейтинг": 5.0, "Количество отзывов": 1, "Телефон 1": "83842691790", "Телефон 2": null, "Телефон 3": null, "E-mail": null, "Веб-сайт 1": null, "Веб-сайт 2": null, "ВКонтакте": "https://vk.com/public212217566", "WhatsApp 1": null, "WhatsApp 2": null, "Viber": null, "Telegram 1": null, "Telegram 2": null, "YouTube": null, "Широта": 55.507317, "Долгота": 86.114932, "2GIS URL": "https://2gis.com/firm/704215722776881", "capacity": 75 }, "geometry": { "type": "Point", "coordinates": [ 86.114932, 55.507317 ] } },
{ "type": "Feature", "properties": { "Наименование": "Аленушка", "Описание": null, "Рубрики": "Детские сады", "Адрес": "Новогодняя, 18Б", "Комментарий к адресу": null, "Почтовый индекс": 650903, "Микрорайон": "Кедровка м-н", "Район": "Рудничный район", "Город": "Кемерово", "Округ": "Кемеровский городской округ", "Регион": "Кемеровская область — Кузбасс", "Страна": "Россия", "Часы работы": "Пн: 07:00-19:00; Вт: 07:00-19:00; Ср: 07:00-19:00; Чт: 07:00-19:00; Пт: 07:00-19:00", "Часовой пояс": "+07:00", "Рейтинг": 3.0, "Количество отзывов": 2, "Телефон 1": "83842692431", "Телефон 2": null, "Телефон 3": null, "E-mail": null, "Веб-сайт 1": "http://mbdoy165.ucoz.net", "Веб-сайт 2": null, "ВКонтакте": "https://vk.com/mbdou165", "WhatsApp 1": null, "WhatsApp 2": null, "Viber": null, "Telegram 1": null, "Telegram 2": null, "YouTube": null, "Широта": 55.521559, "Долгота": 86.098608, "2GIS URL": "https://2gis.com/firm/704215722776917", "capacity": 115 }, "geometry": { "type": "Point", "coordinates": [ 86.098608, 55.521559 ] } },
{ "type": "Feature", "properties": { "Наименование": "Волшебная страна", "Описание": null, "Рубрики": "Детские сады", "Адрес": "Комсомольский проезд, 11", "Комментарий к адресу": null, "Почтовый индекс": 650903, "Микрорайон": "Кедровка м-н", "Район": "Рудничный район", "Город": "Кемерово", "Округ": "Кемеровский городской округ", "Регион": "Кемеровская область — Кузбасс", "Страна": "Россия", "Часы работы": "Пн: 07:00-19:00; Вт: 07:00-19:00; Ср: 07:00-19:00; Чт: 07:00-19:00; Пт: 07:00-19:00 (администрация: пн-пт 8:00-17:00)", "Часовой пояс": "+07:00", "Рейтинг": null, "Количество отзывов": null, "Телефон 1": "83842692201", "Телефон 2": null, "Телефон 3": null, "E-mail": null, "Веб-сайт 1": "http://detsad228.ucoz.com", "Веб-сайт 2": null, "ВКонтакте": "https://vk.com/public151244651", "WhatsApp 1": null, "WhatsApp 2": null, "Viber": null, "Telegram 1": null, "Telegram 2": null, "YouTube": null, "Широта": 55.522538, "Долгота": 86.111112, "2GIS URL": "https://2gis.com/firm/704215722776880", "capacity": 175 }, "geometry": { "type": "Point", "coordinates": [ 86.111112, 55.522538 ] } },
{ "type": "Feature", "properties": { "Наименование": "Детский сад №3 общеразвивающего вида", "Описание": null, "Рубрики": "Детские сады", "Адрес": "Промышленновское шоссе, 37", "Комментарий к адресу": null, "Почтовый индекс": 650904, "Микрорайон": "Промышленновский м-н", "Район": "Рудничный район", "Город": "Кемерово", "Округ": "Кемеровский городской округ", "Регион": "Кемеровская область — Кузбасс", "Страна": "Россия", "Часы работы": "Пн: 07:00-19:00; Вт: 07:00-19:00; Ср: 07:00-19:00; Чт: 07:00-19:00; Пт: 07:00-19:00", "Часовой пояс": "+07:00", "Рейтинг": 5.0, "Количество отзывов": 1, "Телефон 1": "83842606589", "Телефон 2": null, "Телефон 3": null, "E-mail": null, "Веб-сайт 1": null, "Веб-сайт 2": null, "ВКонтакте": null, "WhatsApp 1": null, "WhatsApp 2": null, "Viber": null, "Telegram 1": null, "Telegram 2": null, "YouTube": null, "Широта": 55.49829, "Долгота": 86.165784, "2GIS URL": "https://2gis.com/firm/704215722877280", "capacity": 120 }, "geometry": { "type": "Point", "coordinates": [ 86.165784, 55.49829 ] } },
{ "type": "Feature", "properties": { "Наименование": "Детский сад №23 комбинированного вида", "Описание": null, "Рубрики": "Детские сады", "Адрес": "Лапичевская, 1а", "Комментарий к адресу": null, "Почтовый индекс": 650014, "Микрорайон": "Петровский м-н", "Район": "Рудничный район", "Город": "Кемерово", "Округ": "Кемеровский городской округ", "Регион": "Кемеровская область — Кузбасс", "Страна": "Россия", "Часы работы": "Пн: 07:00-19:00; Вт: 07:00-19:00; Ср: 07:00-19:00; Чт: 07:00-19:00; Пт: 07:00-19:00", "Часовой пояс": "+07:00", "Рейтинг": 5.0, "Количество отзывов": 12, "Телефон 1": "83842492501", "Телефон 2": "83842492503", "Телефон 3": null, "E-mail": null, "Веб-сайт 1": "http://detsad23.ucoz.org", "Веб-сайт 2": null, "ВКонтакте": null, "WhatsApp 1": null, "WhatsApp 2": null, "Viber": null, "Telegram 1": null, "Telegram 2": null, "YouTube": null, "Широта": 55.474808, "Долгота": 86.153058, "2GIS URL": "https://2gis.com/firm/704216723302389", "capacity": 38 }, "geometry": { "type": "Point", "coordinates": [ 86.153058, 55.474808 ] } },
{ "type": "Feature", "properties": { "Наименование": "Лесная академия", "Описание": null, "Рубрики": "Детские сады", "Адрес": "проспект Владимира Михайлова, 5а", "Комментарий к адресу": null, "Почтовый индекс": 650071, "Микрорайон": "Лесная Поляна м-н", "Район": "Рудничный район", "Город": "Кемерово", "Округ": "Кемеровский городской округ", "Регион": "Кемеровская область — Кузбасс", "Страна": "Россия", "Часы работы": "Пн: 07:00-19:00; Вт: 07:00-19:00; Ср: 07:00-19:00; Чт: 07:00-19:00; Пт: 07:00-19:00", "Часовой пояс": "+07:00", "Рейтинг": 4.7, "Количество отзывов": 3, "Телефон 1": "83842900463", "Телефон 2": "83842900461", "Телефон 3": null, "E-mail": null, "Веб-сайт 1": null, "Веб-сайт 2": null, "ВКонтакте": null, "WhatsApp 1": null, "WhatsApp 2": null, "Viber": null, "Telegram 1": null, "Telegram 2": null, "YouTube": null, "Широта": 55.424915, "Долгота": 86.224528, "2GIS URL": "https://2gis.com/firm/70000001028919189", "capacity": 337 }, "geometry": { "type": "Point", "coordinates": [ 86.224528, 55.424915 ] } },
{ "type": "Feature", "properties": { "Наименование": "Сказочная страна", "Описание": null, "Рубрики": "Детские сады", "Адрес": "Осенний бульвар, 4а", "Комментарий к адресу": null, "Почтовый индекс": 650071, "Микрорайон": "Лесная Поляна м-н", "Район": "Рудничный район", "Город": "Кемерово", "Округ": "Кемеровский городской округ", "Регион": "Кемеровская область — Кузбасс", "Страна": "Россия", "Часы работы": "Пн: 07:00-19:00; Вт: 07:00-19:00; Ср: 07:00-19:00; Чт: 07:00-19:00; Пт: 07:00-19:00", "Часовой пояс": "+07:00", "Рейтинг": 5.0, "Количество отзывов": 2, "Телефон 1": "83842466964", "Телефон 2": "83842466963", "Телефон 3": "83842466962", "E-mail": null, "Веб-сайт 1": null, "Веб-сайт 2": null, "ВКонтакте": "https://vk.com/public151244651", "WhatsApp 1": null, "WhatsApp 2": null, "Viber": null, "Telegram 1": null, "Telegram 2": null, "YouTube": null, "Широта": 55.41747, "Долгота": 86.230142, "2GIS URL": "https://2gis.com/firm/704215723226104", "capacity": 271 }, "geometry": { "type": "Point", "coordinates": [ 86.230142, 55.41747 ] } },
{ "type": "Feature", "properties": { "Наименование": "Лесная сказка", "Описание": null, "Рубрики": "Детские сады", "Адрес": "Щегловская, 30", "Комментарий к адресу": null, "Почтовый индекс": 650071, "Микрорайон": "Лесная Поляна м-н", "Район": "Рудничный район", "Город": "Кемерово", "Округ": "Кемеровский городской округ", "Регион": "Кемеровская область — Кузбасс", "Страна": "Россия", "Часы работы": "Пн: 07:00-19:00; Вт: 07:00-19:00; Ср: 07:00-19:00; Чт: 07:00-19:00; Пт: 07:00-19:00", "Часовой пояс": "+07:00", "Рейтинг": 5.0, "Количество отзывов": 1, "Телефон 1": "83842346781", "Телефон 2": null, "Телефон 3": null, "E-mail": null, "Веб-сайт 1": null, "Веб-сайт 2": null, "ВКонтакте": null, "WhatsApp 1": null, "WhatsApp 2": null, "Viber": null, "Telegram 1": null, "Telegram 2": null, "YouTube": null, "Широта": 55.421263, "Долгота": 86.2377, "2GIS URL": "https://2gis.com/firm/70000001055197293", "capacity": 267 }, "geometry": { "type": "Point", "coordinates": [ 86.2377, 55.421263 ] } },
{ "type": "Feature", "properties": { "Наименование": "Центр развития ребенка-детский сад №238", "Описание": null, "Рубрики": "Детские сады", "Адрес": "Авроры, 10а", "Комментарий к адресу": null, "Почтовый индекс": 650002, "Микрорайон": "Радуга м-н", "Район": "Рудничный район", "Город": "Кемерово", "Округ": "Кемеровский городской округ", "Регион": "Кемеровская область — Кузбасс", "Страна": "Россия", "Часы работы": "Пн: 07:00-19:00; Вт: 07:00-19:00; Ср: 07:00-19:00; Чт: 07:00-19:00; Пт: 07:00-19:00", "Часовой пояс": "+07:00", "Рейтинг": 4.4, "Количество отзывов": 6, "Телефон 1": "83842661113", "Телефон 2": "83842661114", "Телефон 3": null, "E-mail": null, "Веб-сайт 1": null, "Веб-сайт 2": null, "ВКонтакте": "https://vk.com/madou238", "WhatsApp 1": null, "WhatsApp 2": null, "Viber": null, "Telegram 1": "https://t.me/madou238", "Telegram 2": null, "YouTube": null, "Широта": 55.408555, "Долгота": 86.121518, "2GIS URL": "https://2gis.com/firm/704215722878637", "capacity": 250 }, "geometry": { "type": "Point", "coordinates": [ 86.121518, 55.408555 ] } },
{ "type": "Feature", "properties": { "Наименование": "Центр развития ребенка-детский сад №238", "Описание": null, "Рубрики": "Детские сады", "Адрес": "проспект Шахтёров, 72в", "Комментарий к адресу": null, "Почтовый индекс": 650061, "Микрорайон": "Серебряный бор на Радуге жилой комплекс", "Район": "Рудничный район", "Город": "Кемерово", "Округ": "Кемеровский городской округ", "Регион": "Кемеровская область — Кузбасс", "Страна": "Россия", "Часы работы": "Пн: 07:00-19:00; Вт: 07:00-19:00; Ср: 07:00-19:00; Чт: 07:00-19:00; Пт: 07:00-19:00", "Часовой пояс": "+07:00", "Рейтинг": 3.3, "Количество отзывов": 4, "Телефон 1": "83842661115", "Телефон 2": "83842661116", "Телефон 3": "83842661117", "E-mail": null, "Веб-сайт 1": null, "Веб-сайт 2": null, "ВКонтакте": null, "WhatsApp 1": null, "WhatsApp 2": null, "Viber": null, "Telegram 1": null, "Telegram 2": null, "YouTube": null, "Широта": 55.406126, "Долгота": 86.128425, "2GIS URL": "https://2gis.com/firm/70000001029526401", "capacity": 250 }, "geometry": { "type": "Point", "coordinates": [ 86.128425, 55.406126 ] } },
{ "type": "Feature", "properties": { "Наименование": "Радужная карусель", "Описание": null, "Рубрики": "Детские сады", "Адрес": "Авроры, 4а", "Комментарий к адресу": null, "Почтовый индекс": 650002, "Микрорайон": "Радуга м-н", "Район": "Рудничный район", "Город": "Кемерово", "Округ": "Кемеровский городской округ", "Регион": "Кемеровская область — Кузбасс", "Страна": "Россия", "Часы работы": "Пн: 07:00-19:00; Вт: 07:00-19:00; Ср: 07:00-19:00; Чт: 07:00-19:00; Пт: 07:00-19:00", "Часовой пояс": "+07:00", "Рейтинг": 3.7, "Количество отзывов": 9, "Телефон 1": "83842657999", "Телефон 2": "83842645917", "Телефон 3": "83842646138", "E-mail": null, "Веб-сайт 1": null, "Веб-сайт 2": null, "ВКонтакте": "https://vk.com/public151244651", "WhatsApp 1": null, "WhatsApp 2": null, "Viber": null, "Telegram 1": null, "Telegram 2": null, "YouTube": null, "Широта": 55.404349, "Долгота": 86.117715, "2GIS URL": "https://2gis.com/firm/704215723372009", "capacity": 250 }, "geometry": { "type": "Point", "coordinates": [ 86.117715, 55.404349 ] } },
{ "type": "Feature", "properties": { "Наименование": "Детский сад №223 общеразвивающего вида", "Описание": null, "Рубрики": "Детские сады", "Адрес": "проспект Шахтёров, 85Б", "Комментарий к адресу": null, "Почтовый индекс": 650002, "Микрорайон": "МЖК м-н", "Район": "Рудничный район", "Город": "Кемерово", "Округ": "Кемеровский городской округ", "Регион": "Кемеровская область — Кузбасс", "Страна": "Россия", "Часы работы": "Пн: 07:00-19:00; Вт: 07:00-19:00; Ср: 07:00-19:00; Чт: 07:00-19:00; Пт: 07:00-19:00", "Часовой пояс": "+07:00", "Рейтинг": 5.0, "Количество отзывов": 1, "Телефон 1": "83842648055", "Телефон 2": null, "Телефон 3": null, "E-mail": null, "Веб-сайт 1": "http://мбдоу223.рф", "Веб-сайт 2": null, "ВКонтакте": "https://vk.com/public215954604", "WhatsApp 1": null, "WhatsApp 2": null, "Viber": null, "Telegram 1": null, "Telegram 2": null, "YouTube": null, "Широта": 55.400637, "Долгота": 86.115545, "2GIS URL": "https://2gis.com/firm/704215722755104", "capacity": 115 }, "geometry": { "type": "Point", "coordinates": [ 86.115545, 55.400637 ] } },
{ "type": "Feature", "properties": { "Наименование": "Радужная карусель", "Описание": null, "Рубрики": "Детские сады", "Адрес": "Серебряный Бор, 20", "Комментарий к адресу": null, "Почтовый индекс": 650061, "Микрорайон": "Радуга м-н", "Район": "Рудничный район", "Город": "Кемерово", "Округ": "Кемеровский городской округ", "Регион": "Кемеровская область — Кузбасс", "Страна": "Россия", "Часы работы": "Пн: 07:00-19:00; Вт: 07:00-19:00; Ср: 07:00-19:00; Чт: 07:00-19:00; Пт: 07:00-19:00", "Часовой пояс": "+07:00", "Рейтинг": 3.4, "Количество отзывов": 7, "Телефон 1": "83842646872", "Телефон 2": "83842645917", "Телефон 3": "83842646138", "E-mail": null, "Веб-сайт 1": null, "Веб-сайт 2": null, "ВКонтакте": "https://vk.com/public151244651", "WhatsApp 1": null, "WhatsApp 2": null, "Viber": null, "Telegram 1": null, "Telegram 2": null, "YouTube": null, "Широта": 55.40097, "Долгота": 86.131364, "2GIS URL": "https://2gis.com/firm/70000001054294389", "capacity": 208 }, "geometry": { "type": "Point", "coordinates": [ 86.131364, 55.40097 ] } },
{ "type": "Feature", "properties": { "Наименование": "Растишка", "Описание": null, "Рубрики": "Детские сады", "Адрес": "проспект Шахтёров, 28а", "Комментарий к адресу": null, "Почтовый индекс": 650002, "Микрорайон": null, "Район": "Рудничный район", "Город": "Кемерово", "Округ": "Кемеровский городской округ", "Регион": "Кемеровская область — Кузбасс", "Страна": "Россия", "Часы работы": "Пн: 07:00-19:00; Вт: 07:00-19:00; Ср: 07:00-19:00; Чт: 07:00-19:00; Пт: 07:00-19:00", "Часовой пояс": "+07:00", "Рейтинг": 4.7, "Количество отзывов": 4, "Телефон 1": "83842641800", "Телефон 2": "83842641264", "Телефон 3": null, "E-mail": null, "Веб-сайт 1": null, "Веб-сайт 2": null, "ВКонтакте": null, "WhatsApp 1": null, "WhatsApp 2": null, "Viber": null, "Telegram 1": null, "Telegram 2": null, "YouTube": null, "Широта": 55.387191, "Долгота": 86.105246, "2GIS URL": "https://2gis.com/firm/704215722877291", "capacity": 204 }, "geometry": { "type": "Point", "coordinates": [ 86.105246, 55.387191 ] } },
{ "type": "Feature", "properties": { "Наименование": "Изумрудный город", "Описание": null, "Рубрики": "Детские сады", "Адрес": "Серебряный Бор, 7а", "Комментарий к адресу": null, "Почтовый индекс": 650061, "Микрорайон": "Серебряный бор на Радуге жилой комплекс", "Район": "Рудничный район", "Город": "Кемерово", "Округ": "Кемеровский городской округ", "Регион": "Кемеровская область — Кузбасс", "Страна": "Россия", "Часы работы": "Пн: 07:00-19:00; Вт: 07:00-19:00; Ср: 07:00-19:00; Чт: 07:00-19:00; Пт: 07:00-19:00", "Часовой пояс": "+07:00", "Рейтинг": 4.4, "Количество отзывов": 5, "Телефон 1": "83842660014", "Телефон 2": "83842660015", "Телефон 3": null, "E-mail": null, "Веб-сайт 1": "http://madou19.kuz-edu.ru", "Веб-сайт 2": null, "ВКонтакте": "https://vk.com/public215952170", "WhatsApp 1": null, "WhatsApp 2": null, "Viber": null, "Telegram 1": null, "Telegram 2": null, "YouTube": null, "Широта": 55.402886, "Долгота": 86.126153, "2GIS URL": "https://2gis.com/firm/70000001017867051", "capacity": 250 }, "geometry": { "type": "Point", "coordinates": [ 86.126153, 55.402886 ] } },
{ "type": "Feature", "properties": { "Наименование": "Детский сад №189 комбинированного вида", "Описание": null, "Рубрики": "Детские сады", "Адрес": "Юрия Смирнова, 16а", "Комментарий к адресу": null, "Почтовый индекс": 650002, "Микрорайон": "Радуга м-н", "Район": "Рудничный район", "Город": "Кемерово", "Округ": "Кемеровский городской округ", "Регион": "Кемеровская область — Кузбасс", "Страна": "Россия", "Часы работы": "Пн: 07:00-19:00; Вт: 07:00-19:00; Ср: 07:00-19:00; Чт: 07:00-19:00; Пт: 07:00-19:00", "Часовой пояс": "+07:00", "Рейтинг": 4.2, "Количество отзывов": 9, "Телефон 1": "83842643419", "Телефон 2": null, "Телефон 3": null, "E-mail": null, "Веб-сайт 1": null, "Веб-сайт 2": null, "ВКонтакте": null, "WhatsApp 1": null, "WhatsApp 2": null, "Viber": null, "Telegram 1": "https://t.me/mbo189", "Telegram 2": null, "YouTube": null, "Широта": 55.390402, "Долгота": 86.104784, "2GIS URL": "https://2gis.com/firm/704215722877300", "capacity": 158 }, "geometry": { "type": "Point", "coordinates": [ 86.104784, 55.390402 ] } },
{ "type": "Feature", "properties": { "Наименование": "Боровичок", "Описание": null, "Рубрики": "Детские сады", "Адрес": "Благовещенская, 22", "Комментарий к адресу": null, "Почтовый индекс": 650902, "Микрорайон": "Боровой м-н", "Район": "Рудничный район", "Город": "Кемерово", "Округ": "Кемеровский городской округ", "Регион": "Кемеровская область — Кузбасс", "Страна": "Россия", "Часы работы": "Пн: 07:00-19:00; Вт: 07:00-19:00; Ср: 07:00-19:00; Чт: 07:00-19:00; Пт: 07:00-19:00", "Часовой пояс": "+07:00", "Рейтинг": 5.0, "Количество отзывов": 2, "Телефон 1": "83842780526", "Телефон 2": null, "Телефон 3": null, "E-mail": null, "Веб-сайт 1": null, "Веб-сайт 2": null, "ВКонтакте": null, "WhatsApp 1": null, "WhatsApp 2": null, "Viber": null, "Telegram 1": null, "Telegram 2": null, "YouTube": null, "Широта": 55.440404, "Долгота": 86.090867, "2GIS URL": "https://2gis.com/firm/704215723077994", "capacity": 115 }, "geometry": { "type": "Point", "coordinates": [ 86.090867, 55.440404 ] } },
{ "type": "Feature", "properties": { "Наименование": "Серебряный родничок", "Описание": null, "Рубрики": "Детские сады", "Адрес": "проспект Шахтёров, 70Б", "Комментарий к адресу": null, "Почтовый индекс": 650061, "Микрорайон": "Серебряный бор на Радуге жилой комплекс", "Район": "Рудничный район", "Город": "Кемерово", "Округ": "Кемеровский городской округ", "Регион": "Кемеровская область — Кузбасс", "Страна": "Россия", "Часы работы": "Пн: 07:00-19:00; Вт: 07:00-19:00; Ср: 07:00-19:00; Чт: 07:00-19:00; Пт: 07:00-19:00", "Часовой пояс": "+07:00", "Рейтинг": 5.0, "Количество отзывов": 6, "Телефон 1": "83842660360", "Телефон 2": "83842660363", "Телефон 3": null, "E-mail": null, "Веб-сайт 1": "http://239detsad.ru", "Веб-сайт 2": null, "ВКонтакте": "https://vk.com/club90118844", "WhatsApp 1": null, "WhatsApp 2": null, "Viber": null, "Telegram 1": null, "Telegram 2": null, "YouTube": null, "Широта": 55.40564, "Долгота": 86.126924, "2GIS URL": "https://2gis.com/firm/704215722993956", "capacity": 250 }, "geometry": { "type": "Point", "coordinates": [ 86.126924, 55.40564 ] } },
{ "type": "Feature", "properties": { "Наименование": "Антошка", "Описание": "детский сад №91", "Рубрики": "Детские сады", "Адрес": "проспект Шахтёров, 66а", "Комментарий к адресу": null, "Почтовый индекс": 650061, "Микрорайон": "Серебряный бор на Радуге жилой комплекс", "Район": "Рудничный район", "Город": "Кемерово", "Округ": "Кемеровский городской округ", "Регион": "Кемеровская область — Кузбасс", "Страна": "Россия", "Часы работы": "Пн: 07:00-19:00; Вт: 07:00-19:00; Ср: 07:00-19:00; Чт: 07:00-19:00; Пт: 07:00-19:00", "Часовой пояс": "+07:00", "Рейтинг": 4.4, "Количество отзывов": 7, "Телефон 1": "83842657304", "Телефон 2": "83842657301 (заведующая)", "Телефон 3": "83842657302", "E-mail": null, "Веб-сайт 1": null, "Веб-сайт 2": null, "ВКонтакте": "https://vk.com/public214638665", "WhatsApp 1": null, "WhatsApp 2": null, "Viber": null, "Telegram 1": null, "Telegram 2": null, "YouTube": null, "Широта": 55.40393, "Долгота": 86.125391, "2GIS URL": "https://2gis.com/firm/70000001021894382", "capacity": 250 }, "geometry": { "type": "Point", "coordinates": [ 86.125391, 55.40393 ] } },
{ "type": "Feature", "properties": { "Наименование": "Детский сад №111 комбинированного вида", "Описание": null, "Рубрики": "Детские сады", "Адрес": "Волкова 1-й переулок, 3а", "Комментарий к адресу": null, "Почтовый индекс": 650002, "Микрорайон": null, "Район": "Рудничный район", "Город": "Кемерово", "Округ": "Кемеровский городской округ", "Регион": "Кемеровская область — Кузбасс", "Страна": "Россия", "Часы работы": "Пн: 07:00-19:00; Вт: 07:00-19:00; Ср: 07:00-19:00; Чт: 07:00-19:00; Пт: 07:00-19:00", "Часовой пояс": "+07:00", "Рейтинг": 5.0, "Количество отзывов": 1, "Телефон 1": "83842641349", "Телефон 2": null, "Телефон 3": null, "E-mail": null, "Веб-сайт 1": null, "Веб-сайт 2": null, "ВКонтакте": "https://vk.com/public215952152", "WhatsApp 1": null, "WhatsApp 2": null, "Viber": null, "Telegram 1": null, "Telegram 2": null, "YouTube": "https://youtube.com/channel/UCHitec9McXzjj7Dk3sI03nA", "Широта": 55.386626, "Долгота": 86.101288, "2GIS URL": "https://2gis.com/firm/704215722754715", "capacity": 115 }, "geometry": { "type": "Point", "coordinates": [ 86.101288, 55.386626 ] } },
{ "type": "Feature", "properties": { "Наименование": "Соловушка", "Описание": null, "Рубрики": "Детские сады", "Адрес": "проспект Владимира Михайлова, 3", "Комментарий к адресу": null, "Почтовый индекс": null, "Микрорайон": "Лесная Поляна м-н", "Район": "Рудничный район", "Город": "Кемерово", "Округ": "Кемеровский городской округ", "Регион": "Кемеровская область — Кузбасс", "Страна": "Россия", "Часы работы": "Пн: 07:00-19:00; Вт: 07:00-19:00; Ср: 07:00-19:00; Чт: 07:00-19:00; Пт: 07:00-19:00", "Часовой пояс": "+07:00", "Рейтинг": 3.3, "Количество отзывов": 5, "Телефон 1": "83842900601", "Телефон 2": null, "Телефон 3": null, "E-mail": null, "Веб-сайт 1": null, "Веб-сайт 2": null, "ВКонтакте": null, "WhatsApp 1": null, "WhatsApp 2": null, "Viber": null, "Telegram 1": null, "Telegram 2": null, "YouTube": null, "Широта": 55.429917, "Долгота": 86.220094, "2GIS URL": "https://2gis.com/firm/70000001050562344", "capacity": 309 }, "geometry": { "type": "Point", "coordinates": [ 86.220094, 55.429917 ] } },
{ "type": "Feature", "properties": { "Наименование": "Детский сад №44 общеразвивающего вида", "Описание": null, "Рубрики": "Детские сады", "Адрес": "Юрия Смирнова, 55", "Комментарий к адресу": null, "Почтовый индекс": 650002, "Микрорайон": "Радуга м-н", "Район": "Рудничный район", "Город": "Кемерово", "Округ": "Кемеровский городской округ", "Регион": "Кемеровская область — Кузбасс", "Страна": "Россия", "Часы работы": "Пн: 07:00-19:00; Вт: 07:00-19:00; Ср: 07:00-19:00; Чт: 07:00-19:00; Пт: 07:00-19:00", "Часовой пояс": "+07:00", "Рейтинг": 5.0, "Количество отзывов": 1, "Телефон 1": "83842641892", "Телефон 2": null, "Телефон 3": null, "E-mail": null, "Веб-сайт 1": null, "Веб-сайт 2": null, "ВКонтакте": null, "WhatsApp 1": null, "WhatsApp 2": null, "Viber": null, "Telegram 1": null, "Telegram 2": null, "YouTube": null, "Широта": 55.395685, "Долгота": 86.107575, "2GIS URL": "https://2gis.com/firm/704215722805929", "capacity": 80 }, "geometry": { "type": "Point", "coordinates": [ 86.107575, 55.395685 ] } },
{ "type": "Feature", "properties": { "Наименование": "Центр развития ребенка-детский сад №238", "Описание": null, "Рубрики": "Детские сады", "Адрес": "Суворова, 10", "Комментарий к адресу": "3 корпус", "Почтовый индекс": 650044, "Микрорайон": null, "Район": "Рудничный район", "Город": "Кемерово", "Округ": "Кемеровский городской округ", "Регион": "Кемеровская область — Кузбасс", "Страна": "Россия", "Часы работы": "Пн: 07:00-19:00; Вт: 07:00-19:00; Ср: 07:00-19:00; Чт: 07:00-19:00; Пт: 07:00-19:00", "Часовой пояс": "+07:00", "Рейтинг": 3.7, "Количество отзывов": 3, "Телефон 1": "83842661112", "Телефон 2": null, "Телефон 3": null, "E-mail": null, "Веб-сайт 1": null, "Веб-сайт 2": null, "ВКонтакте": "https://vk.com/planeta238", "WhatsApp 1": null, "WhatsApp 2": null, "Viber": null, "Telegram 1": null, "Telegram 2": null, "YouTube": null, "Широта": 55.377088, "Долгота": 86.078494, "2GIS URL": "https://2gis.com/firm/70000001062688072", "capacity": 140 }, "geometry": { "type": "Point", "coordinates": [ 86.078494, 55.377088 ] } },
{ "type": "Feature", "properties": { "Наименование": "Солнечная полянка", "Описание": null, "Рубрики": "Детские сады", "Адрес": "проспект Владимира Михайлова, 4", "Комментарий к адресу": null, "Почтовый индекс": 650071, "Микрорайон": "Лесная Поляна м-н", "Район": "Рудничный район", "Город": "Кемерово", "Округ": "Кемеровский городской округ", "Регион": "Кемеровская область — Кузбасс", "Страна": "Россия", "Часы работы": "Пн: 07:00-19:00; Вт: 07:00-19:00; Ср: 07:00-19:00; Чт: 07:00-19:00; Пт: 07:00-19:00", "Часовой пояс": "+07:00", "Рейтинг": 5.0, "Количество отзывов": 4, "Телефон 1": "83842772990", "Телефон 2": "83842772992", "Телефон 3": "83842772991", "E-mail": null, "Веб-сайт 1": null, "Веб-сайт 2": null, "ВКонтакте": null, "WhatsApp 1": null, "WhatsApp 2": null, "Viber": null, "Telegram 1": null, "Telegram 2": null, "YouTube": null, "Широта": 55.427065, "Долгота": 86.229829, "2GIS URL": "https://2gis.com/firm/70000001007271106", "capacity": 302 }, "geometry": { "type": "Point", "coordinates": [ 86.229829, 55.427065 ] } },
{ "type": "Feature", "properties": { "Наименование": "Детский сад №111 комбинированного вида", "Описание": null, "Рубрики": "Детские сады", "Адрес": "Авроры 2-й переулок, 8", "Комментарий к адресу": null, "Почтовый индекс": 650002, "Микрорайон": "Радуга м-н", "Район": "Рудничный район", "Город": "Кемерово", "Округ": "Кемеровский городской округ", "Регион": "Кемеровская область — Кузбасс", "Страна": "Россия", "Часы работы": "Пн: 07:00-19:00; Вт: 07:00-19:00; Ср: 07:00-19:00; Чт: 07:00-19:00; Пт: 07:00-19:00", "Часовой пояс": "+07:00", "Рейтинг": 4.5, "Количество отзывов": 8, "Телефон 1": "83842780208", "Телефон 2": null, "Телефон 3": null, "E-mail": null, "Веб-сайт 1": null, "Веб-сайт 2": null, "ВКонтакте": "https://vk.com/public215952152", "WhatsApp 1": null, "WhatsApp 2": null, "Viber": null, "Telegram 1": null, "Telegram 2": null, "YouTube": "https://youtube.com/channel/UCHitec9McXzjj7Dk3sI03nA", "Широта": 55.410126, "Долгота": 86.11918, "2GIS URL": "https://2gis.com/firm/704215722885166", "capacity": 40 }, "geometry": { "type": "Point", "coordinates": [ 86.11918, 55.410126 ] } },
{ "type": "Feature", "properties": { "Наименование": "Ромашка", "Описание": "детский сад №131 общеразвивающего вида", "Рубрики": "Детские сады", "Адрес": "Юрия Смирнова, 34", "Комментарий к адресу": null, "Почтовый индекс": 650002, "Микрорайон": "Радуга м-н", "Район": "Рудничный район", "Город": "Кемерово", "Округ": "Кемеровский городской округ", "Регион": "Кемеровская область — Кузбасс", "Страна": "Россия", "Часы работы": "Пн: 07:00-19:00; Вт: 07:00-19:00; Ср: 07:00-19:00; Чт: 07:00-19:00; Пт: 07:00-19:00", "Часовой пояс": "+07:00", "Рейтинг": null, "Количество отзывов": null, "Телефон 1": "83842641339", "Телефон 2": null, "Телефон 3": null, "E-mail": null, "Веб-сайт 1": null, "Веб-сайт 2": null, "ВКонтакте": null, "WhatsApp 1": null, "WhatsApp 2": null, "Viber": null, "Telegram 1": null, "Telegram 2": null, "YouTube": null, "Широта": 55.394667, "Долгота": 86.108401, "2GIS URL": "https://2gis.com/firm/704215722754840", "capacity": 121 }, "geometry": { "type": "Point", "coordinates": [ 86.108401, 55.394667 ] } },
{ "type": "Feature", "properties": { "Наименование": "Детский сад общеразвивающего вида с приоритетным осуществлением деятельности по художественно-эстетическому направлению развития воспитанников №24", "Описание": null, "Рубрики": "Детские сады", "Адрес": "Пограничная, 11", "Комментарий к адресу": null, "Почтовый индекс": 650044, "Микрорайон": null, "Район": "Рудничный район", "Город": "Кемерово", "Округ": "Кемеровский городской округ", "Регион": "Кемеровская область — Кузбасс", "Страна": "Россия", "Часы работы": "Пн: 07:00-19:00; Вт: 07:00-19:00; Ср: 07:00-19:00; Чт: 07:00-19:00; Пт: 07:00-19:00", "Часовой пояс": "+07:00", "Рейтинг": 5.0, "Количество отзывов": 3, "Телефон 1": "83842641824", "Телефон 2": null, "Телефон 3": null, "E-mail": null, "Веб-сайт 1": null, "Веб-сайт 2": null, "ВКонтакте": null, "WhatsApp 1": null, "WhatsApp 2": null, "Viber": null, "Telegram 1": null, "Telegram 2": null, "YouTube": null, "Широта": 55.38862, "Долгота": 86.062871, "2GIS URL": "https://2gis.com/firm/704215722754738", "capacity": 105 }, "geometry": { "type": "Point", "coordinates": [ 86.062871, 55.38862 ] } },
{ "type": "Feature", "properties": { "Наименование": "Боровичок", "Описание": null, "Рубрики": "Детские сады", "Адрес": "Карачинская, 3", "Комментарий к адресу": null, "Почтовый индекс": 650902, "Микрорайон": "Боровой м-н", "Район": "Рудничный район", "Город": "Кемерово", "Округ": "Кемеровский городской округ", "Регион": "Кемеровская область — Кузбасс", "Страна": "Россия", "Часы работы": "Пн: 07:00-19:00; Вт: 07:00-19:00; Ср: 07:00-19:00; Чт: 07:00-19:00; Пт: 07:00-19:00", "Часовой пояс": "+07:00", "Рейтинг": null, "Количество отзывов": null, "Телефон 1": "83842714530", "Телефон 2": null, "Телефон 3": null, "E-mail": null, "Веб-сайт 1": null, "Веб-сайт 2": null, "ВКонтакте": null, "WhatsApp 1": null, "WhatsApp 2": null, "Viber": null, "Telegram 1": null, "Telegram 2": null, "YouTube": null, "Широта": 55.440533, "Долгота": 86.092819, "2GIS URL": "https://2gis.com/firm/704215722754688", "capacity": 75 }, "geometry": { "type": "Point", "coordinates": [ 86.092819, 55.440533 ] } },
{ "type": "Feature", "properties": { "Наименование": "Детский сад №175 общеразвивающего вида", "Описание": null, "Рубрики": "Детские сады", "Адрес": "Халтурина, 33а", "Комментарий к адресу": null, "Почтовый индекс": 650068, "Микрорайон": null, "Район": "Кировский район", "Город": "Кемерово", "Округ": "Кемеровский городской округ", "Регион": "Кемеровская область — Кузбасс", "Страна": "Россия", "Часы работы": "Пн: 07:00-19:00; Вт: 07:00-19:00; Ср: 07:00-19:00; Чт: 07:00-19:00; Пт: 07:00-19:00", "Часовой пояс": "+07:00", "Рейтинг": 3.3, "Количество отзывов": 4, "Телефон 1": "83842614116", "Телефон 2": null, "Телефон 3": null, "E-mail": null, "Веб-сайт 1": "http://t.me/mbdou175", "Веб-сайт 2": null, "ВКонтакте": "https://vk.com/public215952117", "WhatsApp 1": null, "WhatsApp 2": null, "Viber": null, "Telegram 1": null, "Telegram 2": null, "YouTube": null, "Широта": 55.409921, "Долгота": 86.052857, "2GIS URL": "https://2gis.com/firm/704215722755030", "capacity": 131 }, "geometry": { "type": "Point", "coordinates": [ 86.052857, 55.409921 ] } },
{ "type": "Feature", "properties": { "Наименование": "Город мастеров", "Описание": null, "Рубрики": "Детские сады", "Адрес": "проспект Шахтёров, 86а", "Комментарий к адресу": null, "Почтовый индекс": 650014, "Микрорайон": "Радуга м-н", "Район": "Рудничный район", "Город": "Кемерово", "Округ": "Кемеровский городской округ", "Регион": "Кемеровская область — Кузбасс", "Страна": "Россия", "Часы работы": "Пн: 07:00-19:00; Вт: 07:00-19:00; Ср: 07:00-19:00; Чт: 07:00-19:00; Пт: 07:00-19:00", "Часовой пояс": "+07:00", "Рейтинг": 4.2, "Количество отзывов": 7, "Телефон 1": "83842900813", "Телефон 2": "83842900814", "Телефон 3": "83842900812", "E-mail": null, "Веб-сайт 1": "http://239detsad.ru", "Веб-сайт 2": null, "ВКонтакте": null, "WhatsApp 1": null, "WhatsApp 2": null, "Viber": null, "Telegram 1": null, "Telegram 2": null, "YouTube": null, "Широта": 55.410279, "Долгота": 86.129997, "2GIS URL": "https://2gis.com/firm/70000001021766916", "capacity": 420 }, "geometry": { "type": "Point", "coordinates": [ 86.129997, 55.410279 ] } },
{ "type": "Feature", "properties": { "Наименование": "Детский сад №234 комбинированного вида", "Описание": null, "Рубрики": "Детские сады", "Адрес": "проспект Шахтёров, 81в", "Комментарий к адресу": null, "Почтовый индекс": 650002, "Микрорайон": "МЖК м-н", "Район": "Рудничный район", "Город": "Кемерово", "Округ": "Кемеровский городской округ", "Регион": "Кемеровская область — Кузбасс", "Страна": "Россия", "Часы работы": "Пн: 07:00-19:00; Вт: 07:00-19:00; Ср: 07:00-19:00; Чт: 07:00-19:00; Пт: 07:00-19:00", "Часовой пояс": "+07:00", "Рейтинг": null, "Количество отзывов": null, "Телефон 1": "83842647959", "Телефон 2": "83842647944", "Телефон 3": null, "E-mail": null, "Веб-сайт 1": "http://mdou234-kem.ucoz.ru", "Веб-сайт 2": null, "ВКонтакте": "https://vk.com/public211689023", "WhatsApp 1": null, "WhatsApp 2": null, "Viber": null, "Telegram 1": "https://t.me/madoy234", "Telegram 2": null, "YouTube": null, "Широта": 55.399073, "Долгота": 86.11415, "2GIS URL": "https://2gis.com/firm/704215722755121", "capacity": 120 }, "geometry": { "type": "Point", "coordinates": [ 86.11415, 55.399073 ] } },
{ "type": "Feature", "properties": { "Наименование": "Детский сад №176 комбинированного вида", "Описание": null, "Рубрики": "Детские сады", "Адрес": "проспект Шахтёров, 46/1", "Комментарий к адресу": null, "Почтовый индекс": 650002, "Микрорайон": "Радуга м-н", "Район": "Рудничный район", "Город": "Кемерово", "Округ": "Кемеровский городской округ", "Регион": "Кемеровская область — Кузбасс", "Страна": "Россия", "Часы работы": "Пн: 07:00-19:00; Вт: 07:00-19:00; Ср: 07:00-19:00; Чт: 07:00-19:00; Пт: 07:00-19:00", "Часовой пояс": "+07:00", "Рейтинг": 5.0, "Количество отзывов": 1, "Телефон 1": "83842643170", "Телефон 2": null, "Телефон 3": null, "E-mail": null, "Веб-сайт 1": null, "Веб-сайт 2": null, "ВКонтакте": "https://vk.com/club194721443", "WhatsApp 1": null, "WhatsApp 2": null, "Viber": null, "Telegram 1": null, "Telegram 2": null, "YouTube": null, "Широта": 55.395374, "Долгота": 86.115291, "2GIS URL": "https://2gis.com/firm/704215722755033", "capacity": 150 }, "geometry": { "type": "Point", "coordinates": [ 86.115291, 55.395374 ] } },
{ "type": "Feature", "properties": { "Наименование": "Детский сад №68", "Описание": null, "Рубрики": "Детские сады", "Адрес": "Красная Горка, 29", "Комментарий к адресу": null, "Почтовый индекс": 650044, "Микрорайон": null, "Район": "Рудничный район", "Город": "Кемерово", "Округ": "Кемеровский городской округ", "Регион": "Кемеровская область — Кузбасс", "Страна": "Россия", "Часы работы": "Пн: 07:00-19:00; Вт: 07:00-19:00; Ср: 07:00-19:00; Чт: 07:00-19:00; Пт: 07:00-19:00", "Часовой пояс": "+07:00", "Рейтинг": null, "Количество отзывов": null, "Телефон 1": "83842641868", "Телефон 2": null, "Телефон 3": null, "E-mail": null, "Веб-сайт 1": "http://detsad68.ucoz.com", "Веб-сайт 2": null, "ВКонтакте": null, "WhatsApp 1": null, "WhatsApp 2": null, "Viber": null, "Telegram 1": null, "Telegram 2": null, "YouTube": null, "Широта": 55.375474, "Долгота": 86.076548, "2GIS URL": "https://2gis.com/firm/704215722754796", "capacity": 115 }, "geometry": { "type": "Point", "coordinates": [ 86.076548, 55.375474 ] } },
{ "type": "Feature", "properties": { "Наименование": "Ромашка", "Описание": "детский сад №131 общеразвивающего вида", "Рубрики": "Детские сады", "Адрес": "Юрия Смирнова, 36", "Комментарий к адресу": null, "Почтовый индекс": 650002, "Микрорайон": "Радуга м-н", "Район": "Рудничный район", "Город": "Кемерово", "Округ": "Кемеровский городской округ", "Регион": "Кемеровская область — Кузбасс", "Страна": "Россия", "Часы работы": "Пн: 07:00-19:00; Вт: 07:00-19:00; Ср: 07:00-19:00; Чт: 07:00-19:00; Пт: 07:00-19:00", "Часовой пояс": "+07:00", "Рейтинг": 4.3, "Количество отзывов": 4, "Телефон 1": "83842642682", "Телефон 2": null, "Телефон 3": null, "E-mail": null, "Веб-сайт 1": null, "Веб-сайт 2": null, "ВКонтакте": null, "WhatsApp 1": null, "WhatsApp 2": null, "Viber": null, "Telegram 1": null, "Telegram 2": null, "YouTube": null, "Широта": 55.395102, "Долгота": 86.10882, "2GIS URL": "https://2gis.com/firm/704215722754852", "capacity": 119 }, "geometry": { "type": "Point", "coordinates": [ 86.10882, 55.395102 ] } },
{ "type": "Feature", "properties": { "Наименование": "Детский сад №8 общеразвивающего вида", "Описание": null, "Рубрики": "Детские сады", "Адрес": "Антипова, 7а", "Комментарий к адресу": null, "Почтовый индекс": 650014, "Микрорайон": "Шахта Северная пос.", "Район": "Рудничный район", "Город": "Кемерово", "Округ": "Кемеровский городской округ", "Регион": "Кемеровская область — Кузбасс", "Страна": "Россия", "Часы работы": "Пн: 07:00-19:00; Вт: 07:00-19:00; Ср: 07:00-19:00; Чт: 07:00-19:00; Пт: 07:00-19:00", "Часовой пояс": "+07:00", "Рейтинг": 5.0, "Количество отзывов": 2, "Телефон 1": "83842646118", "Телефон 2": "83842646042", "Телефон 3": null, "E-mail": null, "Веб-сайт 1": null, "Веб-сайт 2": null, "ВКонтакте": "https://vk.com/public211750807", "WhatsApp 1": null, "WhatsApp 2": null, "Viber": null, "Telegram 1": null, "Telegram 2": null, "YouTube": null, "Широта": 55.424138, "Долгота": 86.128911, "2GIS URL": "https://2gis.com/firm/704215723348805", "capacity": 50 }, "geometry": { "type": "Point", "coordinates": [ 86.128911, 55.424138 ] } },
{ "type": "Feature", "properties": { "Наименование": "Детский сад №8 общеразвивающего вида", "Описание": null, "Рубрики": "Детские сады", "Адрес": "улица Дегтярёва, 4", "Комментарий к адресу": null, "Почтовый индекс": 650014, "Микрорайон": "Шахта Северная пос.", "Район": "Рудничный район", "Город": "Кемерово", "Округ": "Кемеровский городской округ", "Регион": "Кемеровская область — Кузбасс", "Страна": "Россия", "Часы работы": "Пн: 07:00-19:00; Вт: 07:00-19:00; Ср: 07:00-19:00; Чт: 07:00-19:00; Пт: 07:00-19:00", "Часовой пояс": "+07:00", "Рейтинг": 3.3, "Количество отзывов": 5, "Телефон 1": "83842657288", "Телефон 2": "83842657388", "Телефон 3": null, "E-mail": null, "Веб-сайт 1": null, "Веб-сайт 2": null, "ВКонтакте": "https://vk.com/public211750807", "WhatsApp 1": null, "WhatsApp 2": null, "Viber": null, "Telegram 1": null, "Telegram 2": null, "YouTube": null, "Широта": 55.42288, "Долгота": 86.126612, "2GIS URL": "https://2gis.com/firm/70000001045065658", "capacity": 50 }, "geometry": { "type": "Point", "coordinates": [ 86.126612, 55.42288 ] } },
{ "type": "Feature", "properties": { "Наименование": "Кораблик", "Описание": null, "Рубрики": "Детские сады", "Адрес": "Халтурина, 41а", "Комментарий к адресу": null, "Почтовый индекс": 650068, "Микрорайон": null, "Район": "Кировский район", "Город": "Кемерово", "Округ": "Кемеровский городской округ", "Регион": "Кемеровская область — Кузбасс", "Страна": "Россия", "Часы работы": "Пн: 07:00-19:00; Вт: 07:00-19:00; Ср: 07:00-19:00; Чт: 07:00-19:00; Пт: 07:00-19:00", "Часовой пояс": "+07:00", "Рейтинг": 3.7, "Количество отзывов": 3, "Телефон 1": "83842613300", "Телефон 2": null, "Телефон 3": null, "E-mail": null, "Веб-сайт 1": null, "Веб-сайт 2": null, "ВКонтакте": null, "WhatsApp 1": null, "WhatsApp 2": null, "Viber": null, "Telegram 1": null, "Telegram 2": null, "YouTube": null, "Широта": 55.41119, "Долгота": 86.056908, "2GIS URL": "https://2gis.com/firm/704215722755088", "capacity": 140 }, "geometry": { "type": "Point", "coordinates": [ 86.056908, 55.41119 ] } },
{ "type": "Feature", "properties": { "Наименование": "Подсолнушек", "Описание": null, "Рубрики": "Детские сады", "Адрес": "проспект Владимира Михайлова, 3в", "Комментарий к адресу": null, "Почтовый индекс": null, "Микрорайон": "Лесная Поляна м-н", "Район": "Рудничный район", "Город": "Кемерово", "Округ": "Кемеровский городской округ", "Регион": "Кемеровская область — Кузбасс", "Страна": "Россия", "Часы работы": "Пн: 07:00-19:00; Вт: 07:00-19:00; Ср: 07:00-19:00; Чт: 07:00-19:00; Пт: 07:00-19:00", "Часовой пояс": "+07:00", "Рейтинг": 5.0, "Количество отзывов": 1, "Телефон 1": "83842900601", "Телефон 2": null, "Телефон 3": null, "E-mail": null, "Веб-сайт 1": null, "Веб-сайт 2": null, "ВКонтакте": null, "WhatsApp 1": null, "WhatsApp 2": null, "Viber": null, "Telegram 1": null, "Telegram 2": null, "YouTube": null, "Широта": 55.42935, "Долгота": 86.218819, "2GIS URL": "https://2gis.com/firm/70000001050564078", "capacity": 30 }, "geometry": { "type": "Point", "coordinates": [ 86.218819, 55.42935 ] } },
{ "type": "Feature", "properties": { "Наименование": "Детский сад №181 комбинированного вида", "Описание": null, "Рубрики": "Детские сады", "Адрес": "Халтурина, 39а", "Комментарий к адресу": null, "Почтовый индекс": 650068, "Микрорайон": null, "Район": "Кировский район", "Город": "Кемерово", "Округ": "Кемеровский городской округ", "Регион": "Кемеровская область — Кузбасс", "Страна": "Россия", "Часы работы": "Пн: 07:00-19:00; Вт: 07:00-19:00; Ср: 07:00-19:00; Чт: 07:00-19:00; Пт: 07:00-19:00", "Часовой пояс": "+07:00", "Рейтинг": 5.0, "Количество отзывов": 2, "Телефон 1": "83842614026", "Телефон 2": null, "Телефон 3": null, "E-mail": null, "Веб-сайт 1": "http://www.mdou181.ucoz.ru", "Веб-сайт 2": "http://t.me/mbdou181kem", "ВКонтакте": "https://vk.com/public215954293", "WhatsApp 1": null, "WhatsApp 2": null, "Viber": null, "Telegram 1": null, "Telegram 2": null, "YouTube": null, "Широта": 55.410866, "Долгота": 86.055891, "2GIS URL": "https://2gis.com/firm/704215722755057", "capacity": 140 }, "geometry": { "type": "Point", "coordinates": [ 86.055891, 55.410866 ] } },
{ "type": "Feature", "properties": { "Наименование": "Ивушка", "Описание": null, "Рубрики": "Детские сады", "Адрес": "Халтурина, 31а", "Комментарий к адресу": null, "Почтовый индекс": 650068, "Микрорайон": null, "Район": "Кировский район", "Город": "Кемерово", "Округ": "Кемеровский городской округ", "Регион": "Кемеровская область — Кузбасс", "Страна": "Россия", "Часы работы": "Пн: 07:00-19:00; Вт: 07:00-19:00; Ср: 07:00-19:00; Чт: 07:00-19:00; Пт: 07:00-19:00", "Часовой пояс": "+07:00", "Рейтинг": 3.5, "Количество отзывов": 2, "Телефон 1": "83842614246", "Телефон 2": "83842614065", "Телефон 3": null, "E-mail": null, "Веб-сайт 1": "http://t.me/mbdou186", "Веб-сайт 2": null, "ВКонтакте": "https://vk.com/public215954955", "WhatsApp 1": null, "WhatsApp 2": null, "Viber": null, "Telegram 1": null, "Telegram 2": null, "YouTube": null, "Широта": 55.4096, "Долгота": 86.051836, "2GIS URL": "https://2gis.com/firm/704215722755059", "capacity": 131 }, "geometry": { "type": "Point", "coordinates": [ 86.051836, 55.4096 ] } },
{ "type": "Feature", "properties": { "Наименование": "Bambika-club", "Описание": null, "Рубрики": "Частные детские сады; Центры раннего развития детей; Услуги логопеда", "Адрес": "1-я Лесная улица, 15", "Комментарий к адресу": null, "Почтовый индекс": null, "Микрорайон": "Лесная Поляна м-н", "Район": "Рудничный район", "Город": "Кемерово", "Округ": "Кемеровский городской округ", "Регион": "Кемеровская область — Кузбасс", "Страна": "Россия", "Часы работы": "Пн: 08:00-19:00; Вт: 08:00-19:00; Ср: 08:00-19:00; Чт: 08:00-19:00; Пт: 08:00-19:00", "Часовой пояс": "+07:00", "Рейтинг": 5.0, "Количество отзывов": 19, "Телефон 1": "89234602111", "Телефон 2": null, "Телефон 3": null, "E-mail": "bambini.kemerovo@gmail.com", "Веб-сайт 1": "http://kembambika.ru/sad-na-lesnoy-polyane", "Веб-сайт 2": null, "ВКонтакте": "https://vk.com/kemerovo.bambikaclub", "WhatsApp 1": "https://wa.me/79234602111", "WhatsApp 2": null, "Viber": null, "Telegram 1": "https://t.me/bambikakemerovo", "Telegram 2": null, "YouTube": null, "Широта": 55.431556, "Долгота": 86.215655, "2GIS URL": "https://2gis.com/firm/70000001076502140", "capacity": 75 }, "geometry": { "type": "Point", "coordinates": [ 86.215655, 55.431556 ] } },
{ "type": "Feature", "properties": { "Наименование": "Колибри", "Описание": "центр детского развития", "Рубрики": "Частные детские сады; Центры раннего развития детей", "Адрес": "Серебряный Бор, 5", "Комментарий к адресу": "1 этаж", "Почтовый индекс": 650061, "Микрорайон": "Серебряный бор на Радуге жилой комплекс", "Район": "Рудничный район", "Город": "Кемерово", "Округ": "Кемеровский городской округ", "Регион": "Кемеровская область — Кузбасс", "Страна": "Россия", "Часы работы": "Пн: 07:00-19:00; Вт: 07:00-19:00; Ср: 07:00-19:00; Чт: 07:00-19:00; Пт: 07:00-19:00; Сб: 10:00-13:00", "Часовой пояс": "+07:00", "Рейтинг": 5.0, "Количество отзывов": 20, "Телефон 1": "89511618925", "Телефон 2": null, "Телефон 3": null, "E-mail": null, "Веб-сайт 1": null, "Веб-сайт 2": null, "ВКонтакте": null, "WhatsApp 1": "https://wa.me/79511618925", "WhatsApp 2": null, "Viber": null, "Telegram 1": null, "Telegram 2": null, "YouTube": null, "Широта": 55.401602, "Долгота": 86.125887, "2GIS URL": "https://2gis.com/firm/70000001044838550", "capacity": 75 }, "geometry": { "type": "Point", "coordinates": [ 86.125887, 55.401602 ] } },
{ "type": "Feature", "properties": { "Наименование": "Кроха", "Описание": "частный детский сад", "Рубрики": "Частные детские сады", "Адрес": "Академическая, 24", "Комментарий к адресу": null, "Почтовый индекс": 650071, "Микрорайон": "Лесная Поляна м-н", "Район": "Рудничный район", "Город": "Кемерово", "Округ": "Кемеровский городской округ", "Регион": "Кемеровская область — Кузбасс", "Страна": "Россия", "Часы работы": "Пн: 07:00-19:00; Вт: 07:00-19:00; Ср: 07:00-19:00; Чт: 07:00-19:00; Пт: 07:00-19:00; Сб: 00:00-24:00; Вс: 00:00-24:00", "Часовой пояс": "+07:00", "Рейтинг": 5.0, "Количество отзывов": 13, "Телефон 1": "89039079077 (круглосуточный)", "Телефон 2": "89235223377", "Телефон 3": null, "E-mail": null, "Веб-сайт 1": null, "Веб-сайт 2": null, "ВКонтакте": "https://vk.com/kpoxa42", "WhatsApp 1": null, "WhatsApp 2": null, "Viber": "viber://chat/?number=79039079077", "Telegram 1": "https://t.me/kpoxa42sad", "Telegram 2": null, "YouTube": null, "Широта": 55.425764, "Долгота": 86.238819, "2GIS URL": "https://2gis.com/firm/70000001034936706", "capacity": 15 }, "geometry": { "type": "Point", "coordinates": [ 86.238819, 55.425764 ] } },
{ "type": "Feature", "properties": { "Наименование": "Звёздочки на земле", "Описание": "частный детский сад", "Рубрики": "Частные детские сады", "Адрес": "Молодёжная, 5", "Комментарий к адресу": null, "Почтовый индекс": 650071, "Микрорайон": "Лесная Поляна м-н", "Район": "Рудничный район", "Город": "Кемерово", "Округ": "Кемеровский городской округ", "Регион": "Кемеровская область — Кузбасс", "Страна": "Россия", "Часы работы": "Пн: 07:30-19:00; Вт: 07:30-19:00; Ср: 07:30-19:00; Чт: 07:30-19:00; Пт: 07:30-19:00", "Часовой пояс": "+07:00", "Рейтинг": 5.0, "Количество отзывов": 16, "Телефон 1": "89505855154", "Телефон 2": null, "Телефон 3": null, "E-mail": null, "Веб-сайт 1": null, "Веб-сайт 2": null, "ВКонтакте": "https://vk.com/club213883089", "WhatsApp 1": "https://wa.me/79505855154", "WhatsApp 2": null, "Viber": "viber://chat/?number=79505855154", "Telegram 1": "https://t.me/+YWOn9I3ju2U1NzIy", "Telegram 2": null, "YouTube": null, "Широта": 55.418235, "Долгота": 86.233339, "2GIS URL": "https://2gis.com/firm/70000001061603932", "capacity": 35 }, "geometry": { "type": "Point", "coordinates": [ 86.233339, 55.418235 ] } },
{ "type": "Feature", "properties": { "Наименование": "Зайчонок", "Описание": "частный детский сад", "Рубрики": "Частные детские сады", "Адрес": "проспект Шахтёров, 85", "Комментарий к адресу": "1 этаж", "Почтовый индекс": 650002, "Микрорайон": "МЖК м-н", "Район": "Рудничный район", "Город": "Кемерово", "Округ": "Кемеровский городской округ", "Регион": "Кемеровская область — Кузбасс", "Страна": "Россия", "Часы работы": "Пн: 07:00-19:00; Вт: 07:00-19:00; Ср: 07:00-19:00; Чт: 07:00-19:00; Пт: 07:00-18:00", "Часовой пояс": "+07:00", "Рейтинг": 1.0, "Количество отзывов": 1, "Телефон 1": null, "Телефон 2": null, "Телефон 3": null, "E-mail": null, "Веб-сайт 1": null, "Веб-сайт 2": null, "ВКонтакте": null, "WhatsApp 1": null, "WhatsApp 2": null, "Viber": null, "Telegram 1": null, "Telegram 2": null, "YouTube": null, "Широта": 55.400252, "Долгота": 86.11612, "2GIS URL": "https://2gis.com/firm/70000001035344639", "capacity": 50 }, "geometry": { "type": "Point", "coordinates": [ 86.11612, 55.400252 ] } },
{ "type": "Feature", "properties": { "Наименование": "Детский сад общеразвивающего вида с приоритетным осуществлением деятельности по познавательно-речевому направлению воспитанников №120", "Описание": null, "Рубрики": "Детские сады", "Адрес": "40 лет Октября, 15а", "Комментарий к адресу": null, "Почтовый индекс": 650001, "Микрорайон": null, "Район": "Кировский район", "Город": "Кемерово", "Округ": "Кемеровский городской округ", "Регион": "Кемеровская область — Кузбасс", "Страна": "Россия", "Часы работы": "Пн: 07:00-19:00; Вт: 07:00-19:00; Ср: 07:00-19:00; Чт: 07:00-19:00; Пт: 07:00-19:00", "Часовой пояс": "+07:00", "Рейтинг": 5.0, "Количество отзывов": 7, "Телефон 1": "83842253995", "Телефон 2": null, "Телефон 3": null, "E-mail": null, "Веб-сайт 1": null, "Веб-сайт 2": null, "ВКонтакте": null, "WhatsApp 1": null, "WhatsApp 2": null, "Viber": null, "Telegram 1": null, "Telegram 2": null, "YouTube": null, "Широта": 55.391092, "Долгота": 86.008618, "2GIS URL": "https://2gis.com/firm/704215722754846", "capacity": 123 }, "geometry": { "type": "Point", "coordinates": [ 86.008618, 55.391092 ] } },
{ "type": "Feature", "properties": { "Наименование": "Радуга детства", "Описание": "детский сад №109", "Рубрики": "Детские сады", "Адрес": "Рекордный переулок, 8", "Комментарий к адресу": null, "Почтовый индекс": 650033, "Микрорайон": null, "Район": "Кировский район", "Город": "Кемерово", "Округ": "Кемеровский городской округ", "Регион": "Кемеровская область — Кузбасс", "Страна": "Россия", "Часы работы": "Пн: 07:00-19:00; Вт: 07:00-19:00; Ср: 07:00-19:00; Чт: 07:00-19:00; Пт: 07:00-19:00", "Часовой пояс": "+07:00", "Рейтинг": null, "Количество отзывов": null, "Телефон 1": "83842252434", "Телефон 2": "83842251919", "Телефон 3": null, "E-mail": null, "Веб-сайт 1": null, "Веб-сайт 2": null, "ВКонтакте": "https://vk.com/club211632743", "WhatsApp 1": null, "WhatsApp 2": null, "Viber": null, "Telegram 1": null, "Telegram 2": null, "YouTube": null, "Широта": 55.39188, "Долгота": 86.018136, "2GIS URL": "https://2gis.com/firm/704215722754836", "capacity": 111 }, "geometry": { "type": "Point", "coordinates": [ 86.018136, 55.39188 ] } },
{ "type": "Feature", "properties": { "Наименование": "Детский сад №92", "Описание": null, "Рубрики": "Детские сады", "Адрес": "40 лет Октября, 17Б", "Комментарий к адресу": null, "Почтовый индекс": 650001, "Микрорайон": null, "Район": "Кировский район", "Город": "Кемерово", "Округ": "Кемеровский городской округ", "Регион": "Кемеровская область — Кузбасс", "Страна": "Россия", "Часы работы": "Пн: 07:00-19:00; Вт: 07:00-19:00; Ср: 07:00-19:00; Чт: 07:00-19:00; Пт: 07:00-19:00", "Часовой пояс": "+07:00", "Рейтинг": 3.5, "Количество отзывов": 13, "Телефон 1": "83842251312", "Телефон 2": null, "Телефон 3": null, "E-mail": null, "Веб-сайт 1": null, "Веб-сайт 2": null, "ВКонтакте": "https://vk.com/teremok92kem", "WhatsApp 1": null, "WhatsApp 2": null, "Viber": null, "Telegram 1": null, "Telegram 2": null, "YouTube": null, "Широта": 55.391726, "Долгота": 86.009742, "2GIS URL": "https://2gis.com/firm/704215722754872", "capacity": 89 }, "geometry": { "type": "Point", "coordinates": [ 86.009742, 55.391726 ] } },
{ "type": "Feature", "properties": { "Наименование": "Детский сад №43 комбинированного вида", "Описание": null, "Рубрики": "Детские сады", "Адрес": "Леонова, 22а", "Комментарий к адресу": null, "Почтовый индекс": 650033, "Микрорайон": null, "Район": "Кировский район", "Город": "Кемерово", "Округ": "Кемеровский городской округ", "Регион": "Кемеровская область — Кузбасс", "Страна": "Россия", "Часы работы": "Пн: 07:00-19:00; Вт: 07:00-19:00; Ср: 07:00-19:00; Чт: 07:00-19:00; Пт: 07:00-19:00", "Часовой пояс": "+07:00", "Рейтинг": null, "Количество отзывов": null, "Телефон 1": "83842774282", "Телефон 2": null, "Телефон 3": null, "E-mail": null, "Веб-сайт 1": null, "Веб-сайт 2": null, "ВКонтакте": null, "WhatsApp 1": null, "WhatsApp 2": null, "Viber": null, "Telegram 1": null, "Telegram 2": null, "YouTube": null, "Широта": 55.39658, "Долгота": 86.022382, "2GIS URL": "https://2gis.com/firm/70000001007513047", "capacity": 115 }, "geometry": { "type": "Point", "coordinates": [ 86.022382, 55.39658 ] } },
{ "type": "Feature", "properties": { "Наименование": "Детский сад развивающего вида №128", "Описание": "Корпус №2", "Рубрики": "Детские сады", "Адрес": "Инициативная, 18Б", "Комментарий к адресу": null, "Почтовый индекс": 650033, "Микрорайон": null, "Район": "Кировский район", "Город": "Кемерово", "Округ": "Кемеровский городской округ", "Регион": "Кемеровская область — Кузбасс", "Страна": "Россия", "Часы работы": "Пн: 07:00-19:00; Вт: 07:00-19:00; Ср: 07:00-19:00; Чт: 07:00-19:00; Пт: 07:00-19:00", "Часовой пояс": "+07:00", "Рейтинг": 5.0, "Количество отзывов": 3, "Телефон 1": "83842250872", "Телефон 2": null, "Телефон 3": null, "E-mail": null, "Веб-сайт 1": null, "Веб-сайт 2": null, "ВКонтакте": "https://vk.com/public211507214", "WhatsApp 1": null, "WhatsApp 2": null, "Viber": null, "Telegram 1": null, "Telegram 2": null, "YouTube": null, "Широта": 55.395486, "Долгота": 86.011068, "2GIS URL": "https://2gis.com/firm/704215722755013", "capacity": 120 }, "geometry": { "type": "Point", "coordinates": [ 86.011068, 55.395486 ] } },
{ "type": "Feature", "properties": { "Наименование": "Детский сад №211 общеразвивающего вида", "Описание": null, "Рубрики": "Детские сады", "Адрес": "Попова, 3а", "Комментарий к адресу": null, "Почтовый индекс": 650033, "Микрорайон": null, "Район": "Кировский район", "Город": "Кемерово", "Округ": "Кемеровский городской округ", "Регион": "Кемеровская область — Кузбасс", "Страна": "Россия", "Часы работы": "Пн: 07:00-19:00; Вт: 07:00-19:00; Ср: 07:00-19:00; Чт: 07:00-19:00; Пт: 07:00-19:00", "Часовой пояс": "+07:00", "Рейтинг": 5.0, "Количество отзывов": 9, "Телефон 1": "83842250068", "Телефон 2": null, "Телефон 3": null, "E-mail": null, "Веб-сайт 1": "http://ds211.kemobl.ru", "Веб-сайт 2": null, "ВКонтакте": "https://vk.com/public215952423", "WhatsApp 1": null, "WhatsApp 2": null, "Viber": null, "Telegram 1": null, "Telegram 2": null, "YouTube": null, "Широта": 55.400826, "Долгота": 86.014308, "2GIS URL": "https://2gis.com/firm/704215722755086", "capacity": 140 }, "geometry": { "type": "Point", "coordinates": [ 86.014308, 55.400826 ] } },
{ "type": "Feature", "properties": { "Наименование": "Детский сад №102 присмотра и оздоровления", "Описание": null, "Рубрики": "Детские сады", "Адрес": "Леонова, 5а", "Комментарий к адресу": null, "Почтовый индекс": 650033, "Микрорайон": null, "Район": "Кировский район", "Город": "Кемерово", "Округ": "Кемеровский городской округ", "Регион": "Кемеровская область — Кузбасс", "Страна": "Россия", "Часы работы": "Пн: 07:00-19:00; Вт: 07:00-19:00; Ср: 07:00-19:00; Чт: 07:00-19:00; Пт: 07:00-19:00", "Часовой пояс": "+07:00", "Рейтинг": 5.0, "Количество отзывов": 1, "Телефон 1": "83842250623", "Телефон 2": null, "Телефон 3": null, "E-mail": null, "Веб-сайт 1": "http://kemdetsad45.ucoz.ru", "Веб-сайт 2": null, "ВКонтакте": "https://vk.com/public215951980", "WhatsApp 1": null, "WhatsApp 2": null, "Viber": null, "Telegram 1": null, "Telegram 2": null, "YouTube": null, "Широта": 55.391966, "Долгота": 86.013364, "2GIS URL": "https://2gis.com/firm/704215722877285", "capacity": 80 }, "geometry": { "type": "Point", "coordinates": [ 86.013364, 55.391966 ] } },
{ "type": "Feature", "properties": { "Наименование": "Детский сад №211 общеразвивающего вида", "Описание": null, "Рубрики": "Детские сады", "Адрес": "Аллейная, 7а", "Комментарий к адресу": null, "Почтовый индекс": 650033, "Микрорайон": null, "Район": "Кировский район", "Город": "Кемерово", "Округ": "Кемеровский городской округ", "Регион": "Кемеровская область — Кузбасс", "Страна": "Россия", "Часы работы": "Пн: 07:00-19:00; Вт: 07:00-19:00; Ср: 07:00-19:00; Чт: 07:00-19:00; Пт: 07:00-19:00", "Часовой пояс": "+07:00", "Рейтинг": 5.0, "Количество отзывов": 5, "Телефон 1": "83842250920", "Телефон 2": null, "Телефон 3": null, "E-mail": null, "Веб-сайт 1": "http://ds211.kemobl.ru", "Веб-сайт 2": null, "ВКонтакте": "https://vk.com/public215952423", "WhatsApp 1": null, "WhatsApp 2": null, "Viber": null, "Telegram 1": null, "Telegram 2": null, "YouTube": null, "Широта": 55.400443, "Долгота": 86.013507, "2GIS URL": "https://2gis.com/firm/704215722755096", "capacity": 140 }, "geometry": { "type": "Point", "coordinates": [ 86.013507, 55.400443 ] } },
{ "type": "Feature", "properties": { "Наименование": "Детский сад №211 общеразвивающего вида", "Описание": null, "Рубрики": "Детские сады", "Адрес": "Инициативная, 31", "Комментарий к адресу": null, "Почтовый индекс": 650033, "Микрорайон": null, "Район": "Кировский район", "Город": "Кемерово", "Округ": "Кемеровский городской округ", "Регион": "Кемеровская область — Кузбасс", "Страна": "Россия", "Часы работы": "Пн: 07:00-19:00; Вт: 07:00-19:00; Ср: 07:00-19:00; Чт: 07:00-19:00; Пт: 07:00-19:00", "Часовой пояс": "+07:00", "Рейтинг": 5.0, "Количество отзывов": 1, "Телефон 1": "83842252465", "Телефон 2": null, "Телефон 3": null, "E-mail": null, "Веб-сайт 1": "http://ds211.kemobl.ru", "Веб-сайт 2": null, "ВКонтакте": "https://vk.com/public215952423", "WhatsApp 1": null, "WhatsApp 2": null, "Viber": null, "Telegram 1": null, "Telegram 2": null, "YouTube": null, "Широта": 55.399732, "Долгота": 86.015423, "2GIS URL": "https://2gis.com/firm/704215722754800", "capacity": 75 }, "geometry": { "type": "Point", "coordinates": [ 86.015423, 55.399732 ] } },
{ "type": "Feature", "properties": { "Наименование": "Детский сад развивающего вида №128", "Описание": "корпус №1", "Рубрики": "Детские сады", "Адрес": "Инициативная, 6а", "Комментарий к адресу": null, "Почтовый индекс": 650001, "Микрорайон": null, "Район": "Кировский район", "Город": "Кемерово", "Округ": "Кемеровский городской округ", "Регион": "Кемеровская область — Кузбасс", "Страна": "Россия", "Часы работы": "Пн: 07:00-19:00; Вт: 07:00-19:00; Ср: 07:00-19:00; Чт: 07:00-19:00; Пт: 07:00-19:00", "Часовой пояс": "+07:00", "Рейтинг": 2.2, "Количество отзывов": 5, "Телефон 1": "83842253814", "Телефон 2": null, "Телефон 3": null, "E-mail": null, "Веб-сайт 1": null, "Веб-сайт 2": null, "ВКонтакте": "https://vk.com/public211507214", "WhatsApp 1": null, "WhatsApp 2": null, "Viber": null, "Telegram 1": null, "Telegram 2": null, "YouTube": null, "Широта": 55.392983, "Долгота": 86.005502, "2GIS URL": "https://2gis.com/firm/704215722877287", "capacity": 120 }, "geometry": { "type": "Point", "coordinates": [ 86.005502, 55.392983 ] } },
{ "type": "Feature", "properties": { "Наименование": "Детский сад №102 присмотра и оздоровления", "Описание": "корпус №2", "Рубрики": "Детские сады", "Адрес": "Леонова, 11Б", "Комментарий к адресу": null, "Почтовый индекс": 650033, "Микрорайон": null, "Район": "Кировский район", "Город": "Кемерово", "Округ": "Кемеровский городской округ", "Регион": "Кемеровская область — Кузбасс", "Страна": "Россия", "Часы работы": "Пн: 07:00-19:00; Вт: 07:00-19:00; Ср: 07:00-19:00; Чт: 07:00-19:00; Пт: 07:00-19:00", "Часовой пояс": "+07:00", "Рейтинг": 5.0, "Количество отзывов": 1, "Телефон 1": "83842253163", "Телефон 2": null, "Телефон 3": null, "E-mail": null, "Веб-сайт 1": "http://kemdetsad45.ucoz.ru", "Веб-сайт 2": null, "ВКонтакте": "https://vk.com/public215951980", "WhatsApp 1": null, "WhatsApp 2": null, "Viber": null, "Telegram 1": null, "Telegram 2": null, "YouTube": null, "Широта": 55.394357, "Долгота": 86.015916, "2GIS URL": "https://2gis.com/firm/704215722754806", "capacity": 80 }, "geometry": { "type": "Point", "coordinates": [ 86.015916, 55.394357 ] } },
{ "type": "Feature", "properties": { "Наименование": "Радуга детства", "Описание": "детский сад №109", "Рубрики": "Детские сады", "Адрес": "Рекордный переулок, 11", "Комментарий к адресу": null, "Почтовый индекс": 650033, "Микрорайон": null, "Район": "Кировский район", "Город": "Кемерово", "Округ": "Кемеровский городской округ", "Регион": "Кемеровская область — Кузбасс", "Страна": "Россия", "Часы работы": "Пн: 07:00-19:00; Вт: 07:00-19:00; Ср: 07:00-19:00; Чт: 07:00-19:00; Пт: 07:00-19:00", "Часовой пояс": "+07:00", "Рейтинг": 4.3, "Количество отзывов": 4, "Телефон 1": "83842251919", "Телефон 2": null, "Телефон 3": null, "E-mail": null, "Веб-сайт 1": null, "Веб-сайт 2": null, "ВКонтакте": "https://vk.com/club211632743", "WhatsApp 1": null, "WhatsApp 2": null, "Viber": null, "Telegram 1": null, "Telegram 2": null, "YouTube": null, "Широта": 55.391531, "Долгота": 86.017439, "2GIS URL": "https://2gis.com/firm/704215722754767", "capacity": 111 }, "geometry": { "type": "Point", "coordinates": [ 86.017439, 55.391531 ] } },
{ "type": "Feature", "properties": { "Наименование": "Сказочный город", "Описание": null, "Рубрики": "Детские сады", "Адрес": "40 лет Октября, 13а", "Комментарий к адресу": null, "Почтовый индекс": 650001, "Микрорайон": null, "Район": "Кировский район", "Город": "Кемерово", "Округ": "Кемеровский городской округ", "Регион": "Кемеровская область — Кузбасс", "Страна": "Россия", "Часы работы": "Пн: 07:00-19:00; Вт: 07:00-19:00; Ср: 07:00-19:00; Чт: 07:00-19:00; Пт: 07:00-19:00", "Часовой пояс": "+07:00", "Рейтинг": 3.7, "Количество отзывов": 3, "Телефон 1": "83842253309", "Телефон 2": null, "Телефон 3": null, "E-mail": null, "Веб-сайт 1": null, "Веб-сайт 2": null, "ВКонтакте": null, "WhatsApp 1": null, "WhatsApp 2": null, "Viber": null, "Telegram 1": null, "Telegram 2": null, "YouTube": null, "Широта": 55.391247, "Долгота": 86.007521, "2GIS URL": "https://2gis.com/firm/704215722998250", "capacity": 112 }, "geometry": { "type": "Point", "coordinates": [ 86.007521, 55.391247 ] } },
{ "type": "Feature", "properties": { "Наименование": "Детский сад №43 комбинированного вида", "Описание": null, "Рубрики": "Детские сады", "Адрес": "Леонова, 22Б", "Комментарий к адресу": null, "Почтовый индекс": 650033, "Микрорайон": null, "Район": "Кировский район", "Город": "Кемерово", "Округ": "Кемеровский городской округ", "Регион": "Кемеровская область — Кузбасс", "Страна": "Россия", "Часы работы": "Пн: 07:00-19:00; Вт: 07:00-19:00; Ср: 07:00-19:00; Чт: 07:00-19:00; Пт: 07:00-19:00", "Часовой пояс": "+07:00", "Рейтинг": 3.2, "Количество отзывов": 6, "Телефон 1": "83842252856", "Телефон 2": null, "Телефон 3": null, "E-mail": null, "Веб-сайт 1": "http://t.me/mdou_43", "Веб-сайт 2": null, "ВКонтакте": "https://vk.com/public215940052", "WhatsApp 1": null, "WhatsApp 2": null, "Viber": null, "Telegram 1": null, "Telegram 2": null, "YouTube": null, "Широта": 55.396407, "Долгота": 86.022892, "2GIS URL": "https://2gis.com/firm/704215722754763", "capacity": 115 }, "geometry": { "type": "Point", "coordinates": [ 86.022892, 55.396407 ] } },
{ "type": "Feature", "properties": { "Наименование": "Светлячок", "Описание": null, "Рубрики": "Детские сады", "Адрес": "40 лет Октября, 11Б", "Комментарий к адресу": null, "Почтовый индекс": 650001, "Микрорайон": null, "Район": "Кировский район", "Город": "Кемерово", "Округ": "Кемеровский городской округ", "Регион": "Кемеровская область — Кузбасс", "Страна": "Россия", "Часы работы": "Пн: 07:00-19:00; Вт: 07:00-19:00; Ср: 07:00-19:00; Чт: 07:00-19:00; Пт: 07:00-19:00", "Часовой пояс": "+07:00", "Рейтинг": 5.0, "Количество отзывов": 2, "Телефон 1": "83842253348", "Телефон 2": null, "Телефон 3": null, "E-mail": null, "Веб-сайт 1": "http://kem-dou127.ucoz.net", "Веб-сайт 2": null, "ВКонтакте": null, "WhatsApp 1": null, "WhatsApp 2": null, "Viber": null, "Telegram 1": null, "Telegram 2": null, "YouTube": null, "Широта": 55.392376, "Долгота": 86.007547, "2GIS URL": "https://2gis.com/firm/704215722754850", "capacity": 98 }, "geometry": { "type": "Point", "coordinates": [ 86.007547, 55.392376 ] } },
{ "type": "Feature", "properties": { "Наименование": "Детский сад №102 присмотра и оздоровления", "Описание": null, "Рубрики": "Детские сады", "Адрес": "переулок Леонова, 3а", "Комментарий к адресу": null, "Почтовый индекс": 650033, "Микрорайон": null, "Район": "Кировский район", "Город": "Кемерово", "Округ": "Кемеровский городской округ", "Регион": "Кемеровская область — Кузбасс", "Страна": "Россия", "Часы работы": "Пн: 07:00-19:00; Вт: 07:00-19:00; Ср: 07:00-19:00; Чт: 07:00-19:00; Пт: 07:00-19:00", "Часовой пояс": "+07:00", "Рейтинг": 5.0, "Количество отзывов": 1, "Телефон 1": "83842251816", "Телефон 2": "83842250623", "Телефон 3": null, "E-mail": null, "Веб-сайт 1": "http://kemdetsad45.ucoz.ru", "Веб-сайт 2": null, "ВКонтакте": "https://vk.com/public215951980", "WhatsApp 1": null, "WhatsApp 2": null, "Viber": null, "Telegram 1": null, "Telegram 2": null, "YouTube": null, "Широта": 55.393121, "Долгота": 86.020264, "2GIS URL": "https://2gis.com/firm/704215722754821", "capacity": 115 }, "geometry": { "type": "Point", "coordinates": [ 86.020264, 55.393121 ] } },
{ "type": "Feature", "properties": { "Наименование": "Детский сад №103 комбинированного вида", "Описание": null, "Рубрики": "Детские сады", "Адрес": "Металлистов, 15а", "Комментарий к адресу": null, "Почтовый индекс": 650052, "Микрорайон": null, "Район": "Кировский район", "Город": "Кемерово", "Округ": "Кемеровский городской округ", "Регион": "Кемеровская область — Кузбасс", "Страна": "Россия", "Часы работы": "Пн: 07:00-19:00; Вт: 07:00-19:00; Ср: 07:00-19:00; Чт: 07:00-19:00; Пт: 07:00-19:00", "Часовой пояс": "+07:00", "Рейтинг": 4.2, "Количество отзывов": 5, "Телефон 1": "83842613605", "Телефон 2": "83842613413", "Телефон 3": null, "E-mail": null, "Веб-сайт 1": null, "Веб-сайт 2": null, "ВКонтакте": "https://vk.com/madoy103", "WhatsApp 1": null, "WhatsApp 2": null, "Viber": null, "Telegram 1": null, "Telegram 2": null, "YouTube": null, "Широта": 55.40077, "Долгота": 86.036238, "2GIS URL": "https://2gis.com/firm/704215722754823", "capacity": 303 }, "geometry": { "type": "Point", "coordinates": [ 86.036238, 55.40077 ] } },
{ "type": "Feature", "properties": { "Наименование": "Чудодетки", "Описание": "частный детский сад", "Рубрики": "Частные детские сады; Центры раннего развития детей", "Адрес": "40 лет Октября, 31", "Комментарий к адресу": "1 этаж", "Почтовый индекс": 650033, "Микрорайон": null, "Район": "Кировский район", "Город": "Кемерово", "Округ": "Кемеровский городской округ", "Регион": "Кемеровская область — Кузбасс", "Страна": "Россия", "Часы работы": "Пн: 07:00-19:00; Вт: 07:00-19:00; Ср: 07:00-19:00; Чт: 07:00-19:00; Пт: 07:00-19:00", "Часовой пояс": "+07:00", "Рейтинг": 5.0, "Количество отзывов": 39, "Телефон 1": "89049902306", "Телефон 2": null, "Телефон 3": null, "E-mail": null, "Веб-сайт 1": null, "Веб-сайт 2": null, "ВКонтакте": "https://vk.com/club60549501", "WhatsApp 1": "https://wa.me/79609255580", "WhatsApp 2": null, "Viber": null, "Telegram 1": "https://t.me/+79609255580", "Telegram 2": null, "YouTube": null, "Широта": 55.390333, "Долгота": 86.017904, "2GIS URL": "https://2gis.com/firm/704216723332407", "capacity": 35 }, "geometry": { "type": "Point", "coordinates": [ 86.017904, 55.390333 ] } },
{ "type": "Feature", "properties": { "Наименование": "Незабудка", "Описание": null, "Рубрики": "Детские сады", "Адрес": "проспект Химиков, 37а", "Комментарий к адресу": "1 корпус", "Почтовый индекс": 650003, "Микрорайон": null, "Район": "Ленинский район", "Город": "Кемерово", "Округ": "Кемеровский городской округ", "Регион": "Кемеровская область — Кузбасс", "Страна": "Россия", "Часы работы": "Пн: 07:00-19:00; Вт: 07:00-19:00; Ср: 07:00-19:00; Чт: 07:00-19:00; Пт: 07:00-19:00", "Часовой пояс": "+07:00", "Рейтинг": 5.0, "Количество отзывов": 5, "Телефон 1": "83842739127", "Телефон 2": "83842739176", "Телефон 3": null, "E-mail": null, "Веб-сайт 1": null, "Веб-сайт 2": null, "ВКонтакте": "https://vk.com/madou231", "WhatsApp 1": null, "WhatsApp 2": null, "Viber": null, "Telegram 1": "https://t.me/madou231", "Telegram 2": null, "YouTube": "https://youtube.com/channel/UCnZcmELwK1K0xYqihw1Wqwg/featured", "Широта": 55.344299, "Долгота": 86.187127, "2GIS URL": "https://2gis.com/firm/704215722755115", "capacity": 281 }, "geometry": { "type": "Point", "coordinates": [ 86.187127, 55.344299 ] } },
{ "type": "Feature", "properties": { "Наименование": "Золотой ключик", "Описание": null, "Рубрики": "Детские сады", "Адрес": "Октябрьский проспект, 103а", "Комментарий к адресу": null, "Почтовый индекс": 650065, "Микрорайон": "Шалготарьян м-н", "Район": "Ленинский район", "Город": "Кемерово", "Округ": "Кемеровский городской округ", "Регион": "Кемеровская область — Кузбасс", "Страна": "Россия", "Часы работы": "Пн: 07:00-19:00; Вт: 07:00-19:00; Ср: 07:00-19:00; Чт: 07:00-19:00; Пт: 07:00-19:00", "Часовой пояс": "+07:00", "Рейтинг": 4.3, "Количество отзывов": 14, "Телефон 1": "83842535690", "Телефон 2": "83842531887", "Телефон 3": "83842531876", "E-mail": null, "Веб-сайт 1": null, "Веб-сайт 2": null, "ВКонтакте": "https://vk.com/public151244651", "WhatsApp 1": null, "WhatsApp 2": null, "Viber": null, "Telegram 1": null, "Telegram 2": null, "YouTube": null, "Широта": 55.356598, "Долгота": 86.175816, "2GIS URL": "https://2gis.com/firm/704215722755100", "capacity": 281 }, "geometry": { "type": "Point", "coordinates": [ 86.175816, 55.356598 ] } },
{ "type": "Feature", "properties": { "Наименование": "Жемчужинка", "Описание": null, "Рубрики": "Детские сады", "Адрес": "Волгоградская, 4а", "Комментарий к адресу": null, "Почтовый индекс": 650023, "Микрорайон": null, "Район": "Ленинский район", "Город": "Кемерово", "Округ": "Кемеровский городской округ", "Регион": "Кемеровская область — Кузбасс", "Страна": "Россия", "Часы работы": "Пн: 07:00-19:00; Вт: 07:00-19:00; Ср: 07:00-19:00; Чт: 07:00-19:00; Пт: 07:00-19:00", "Часовой пояс": "+07:00", "Рейтинг": 5.0, "Количество отзывов": 6, "Телефон 1": "83842515632", "Телефон 2": null, "Телефон 3": null, "E-mail": null, "Веб-сайт 1": "http://kem-mdou183.ucoz.club", "Веб-сайт 2": null, "ВКонтакте": "https://vk.com/public215974105", "WhatsApp 1": null, "WhatsApp 2": null, "Viber": null, "Telegram 1": null, "Telegram 2": null, "YouTube": null, "Широта": 55.35251, "Долгота": 86.150055, "2GIS URL": "https://2gis.com/firm/704215722755058", "capacity": 140 }, "geometry": { "type": "Point", "coordinates": [ 86.150055, 55.35251 ] } },
{ "type": "Feature", "properties": { "Наименование": "Детский сад №216", "Описание": null, "Рубрики": "Детские сады", "Адрес": "проспект Ленина, 152а", "Комментарий к адресу": null, "Почтовый индекс": 650065, "Микрорайон": "Шалготарьян м-н", "Район": "Ленинский район", "Город": "Кемерово", "Округ": "Кемеровский городской округ", "Регион": "Кемеровская область — Кузбасс", "Страна": "Россия", "Часы работы": "Пн: 07:00-19:00; Вт: 07:00-19:00; Ср: 07:00-19:00; Чт: 07:00-19:00; Пт: 07:00-19:00", "Часовой пояс": "+07:00", "Рейтинг": 4.3, "Количество отзывов": 8, "Телефон 1": "83842533645", "Телефон 2": "83842534509", "Телефон 3": null, "E-mail": null, "Веб-сайт 1": null, "Веб-сайт 2": null, "ВКонтакте": "https://vk.com/public215952987", "WhatsApp 1": null, "WhatsApp 2": null, "Viber": null, "Telegram 1": "https://t.me/madoy216", "Telegram 2": null, "YouTube": null, "Широта": 55.355105, "Долгота": 86.176812, "2GIS URL": "https://2gis.com/firm/704215722877238", "capacity": 281 }, "geometry": { "type": "Point", "coordinates": [ 86.176812, 55.355105 ] } },
{ "type": "Feature", "properties": { "Наименование": "Калейдоскоп", "Описание": null, "Рубрики": "Детские сады", "Адрес": "Комсомольский проспект, 50", "Комментарий к адресу": "2 корпус", "Почтовый индекс": 650003, "Микрорайон": null, "Район": "Ленинский район", "Город": "Кемерово", "Округ": "Кемеровский городской округ", "Регион": "Кемеровская область — Кузбасс", "Страна": "Россия", "Часы работы": "Пн: 07:00-19:00; Вт: 07:00-19:00; Ср: 07:00-19:00; Чт: 07:00-19:00; Пт: 07:00-19:00", "Часовой пояс": "+07:00", "Рейтинг": 4.5, "Количество отзывов": 31, "Телефон 1": "83842900375", "Телефон 2": "83842900376", "Телефон 3": null, "E-mail": null, "Веб-сайт 1": null, "Веб-сайт 2": null, "ВКонтакте": "https://vk.com/madou231", "WhatsApp 1": null, "WhatsApp 2": null, "Viber": null, "Telegram 1": "https://t.me/madou231", "Telegram 2": null, "YouTube": "https://youtube.com/channel/UCnZcmELwK1K0xYqihw1Wqwg/featured", "Широта": 55.345849, "Долгота": 86.195071, "2GIS URL": "https://2gis.com/firm/70000001043690242", "capacity": 382 }, "geometry": { "type": "Point", "coordinates": [ 86.195071, 55.345849 ] } },
{ "type": "Feature", "properties": { "Наименование": "Радуга", "Описание": null, "Рубрики": "Детские сады", "Адрес": "Ленинградский проспект, 36в", "Комментарий к адресу": null, "Почтовый индекс": 650003, "Микрорайон": null, "Район": "Ленинский район", "Город": "Кемерово", "Округ": "Кемеровский городской округ", "Регион": "Кемеровская область — Кузбасс", "Страна": "Россия", "Часы работы": "Пн: 07:00-19:00; Вт: 07:00-19:00; Ср: 07:00-19:00; Чт: 07:00-19:00; Пт: 07:00-19:00", "Часовой пояс": "+07:00", "Рейтинг": 4.2, "Количество отзывов": 20, "Телефон 1": "83842734968", "Телефон 2": "83842734983", "Телефон 3": null, "E-mail": null, "Веб-сайт 1": "http://www.221мадоу.рф", "Веб-сайт 2": null, "ВКонтакте": null, "WhatsApp 1": null, "WhatsApp 2": null, "Viber": null, "Telegram 1": null, "Telegram 2": null, "YouTube": null, "Широта": 55.339858, "Долгота": 86.185801, "2GIS URL": "https://2gis.com/firm/704215722755103", "capacity": 281 }, "geometry": { "type": "Point", "coordinates": [ 86.185801, 55.339858 ] } },
{ "type": "Feature", "properties": { "Наименование": "Рябинка", "Описание": null, "Рубрики": "Детские сады", "Адрес": "Притомский проспект, 33", "Комментарий к адресу": null, "Почтовый индекс": 650023, "Микрорайон": null, "Район": "Центральный район", "Город": "Кемерово", "Округ": "Кемеровский городской округ", "Регион": "Кемеровская область — Кузбасс", "Страна": "Россия", "Часы работы": "Пн: 07:00-19:00; Вт: 07:00-19:00; Ср: 07:00-19:00; Чт: 07:00-19:00; Пт: 07:00-19:00", "Часовой пояс": "+07:00", "Рейтинг": 4.1, "Количество отзывов": 7, "Телефон 1": "83842780523", "Телефон 2": "83842780524", "Телефон 3": null, "E-mail": null, "Веб-сайт 1": "http://detsad192.ucoz.ru", "Веб-сайт 2": null, "ВКонтакте": "https://vk.com/public218298675", "WhatsApp 1": null, "WhatsApp 2": null, "Viber": null, "Telegram 1": null, "Telegram 2": null, "YouTube": null, "Широта": 55.355584, "Долгота": 86.145462, "2GIS URL": "https://2gis.com/firm/70000001046767158", "capacity": 275 }, "geometry": { "type": "Point", "coordinates": [ 86.145462, 55.355584 ] } },
{ "type": "Feature", "properties": { "Наименование": "Детский сад №166 комбинированного вида", "Описание": null, "Рубрики": "Детские сады", "Адрес": "проспект Ленина, 140Б", "Комментарий к адресу": null, "Почтовый индекс": 650065, "Микрорайон": null, "Район": "Ленинский район", "Город": "Кемерово", "Округ": "Кемеровский городской округ", "Регион": "Кемеровская область — Кузбасс", "Страна": "Россия", "Часы работы": "Пн: 07:00-19:00; Вт: 07:00-19:00; Ср: 07:00-19:00; Чт: 07:00-19:00; Пт: 07:00-19:00", "Часовой пояс": "+07:00", "Рейтинг": 2.4, "Количество отзывов": 3, "Телефон 1": "83842519666", "Телефон 2": null, "Телефон 3": null, "E-mail": null, "Веб-сайт 1": null, "Веб-сайт 2": null, "ВКонтакте": "https://vk.com/club215952835", "WhatsApp 1": null, "WhatsApp 2": null, "Viber": null, "Telegram 1": null, "Telegram 2": null, "YouTube": null, "Широта": 55.351634, "Долгота": 86.163696, "2GIS URL": "https://2gis.com/firm/704215722878633", "capacity": 150 }, "geometry": { "type": "Point", "coordinates": [ 86.163696, 55.351634 ] } },
{ "type": "Feature", "properties": { "Наименование": "Центр развития ребенка-детский сад", "Описание": "образовательное учреждение №171", "Рубрики": "Детские сады", "Адрес": "Октябрьский проспект, 81а", "Комментарий к адресу": null, "Почтовый индекс": 650065, "Микрорайон": null, "Район": "Ленинский район", "Город": "Кемерово", "Округ": "Кемеровский городской округ", "Регион": "Кемеровская область — Кузбасс", "Страна": "Россия", "Часы работы": "Пн: 07:00-19:00; Вт: 07:00-19:00; Ср: 07:00-19:00; Чт: 07:00-19:00; Пт: 07:00-19:00", "Часовой пояс": "+07:00", "Рейтинг": 5.0, "Количество отзывов": 1, "Телефон 1": "83842519122", "Телефон 2": null, "Телефон 3": null, "E-mail": null, "Веб-сайт 1": null, "Веб-сайт 2": null, "ВКонтакте": "https://vk.com/public215974299", "WhatsApp 1": null, "WhatsApp 2": null, "Viber": null, "Telegram 1": null, "Telegram 2": null, "YouTube": null, "Широта": 55.352717, "Долгота": 86.162799, "2GIS URL": "https://2gis.com/firm/704215722755026", "capacity": 150 }, "geometry": { "type": "Point", "coordinates": [ 86.162799, 55.352717 ] } },
{ "type": "Feature", "properties": { "Наименование": "Сказка", "Описание": null, "Рубрики": "Детские сады", "Адрес": "Ленинградский проспект, 12а", "Комментарий к адресу": null, "Почтовый индекс": 650065, "Микрорайон": "Шалготарьян м-н", "Район": "Ленинский район", "Город": "Кемерово", "Округ": "Кемеровский городской округ", "Регион": "Кемеровская область — Кузбасс", "Страна": "Россия", "Часы работы": "Пн: 07:00-19:00; Вт: 07:00-19:00; Ср: 07:00-19:00; Чт: 07:00-19:00; Пт: 07:00-19:00", "Часовой пояс": "+07:00", "Рейтинг": 5.0, "Количество отзывов": 4, "Телефон 1": "83842518333", "Телефон 2": "83842518322", "Телефон 3": null, "E-mail": null, "Веб-сайт 1": null, "Веб-сайт 2": null, "ВКонтакте": "https://vk.com/madou203", "WhatsApp 1": null, "WhatsApp 2": null, "Viber": null, "Telegram 1": null, "Telegram 2": null, "YouTube": null, "Широта": 55.359093, "Долгота": 86.166924, "2GIS URL": "https://2gis.com/firm/704215722755084", "capacity": 281 }, "geometry": { "type": "Point", "coordinates": [ 86.166924, 55.359093 ] } },
{ "type": "Feature", "properties": { "Наименование": "Детский сад комбинированного вида №215", "Описание": null, "Рубрики": "Детские сады", "Адрес": "Московский проспект, 45а", "Комментарий к адресу": null, "Почтовый индекс": 650065, "Микрорайон": "Шалготарьян м-н", "Район": "Ленинский район", "Город": "Кемерово", "Округ": "Кемеровский городской округ", "Регион": "Кемеровская область — Кузбасс", "Страна": "Россия", "Часы работы": "Пн: 07:00-19:00; Вт: 07:00-19:00; Ср: 07:00-19:00; Чт: 07:00-19:00; Пт: 07:00-19:00", "Часовой пояс": "+07:00", "Рейтинг": 4.3, "Количество отзывов": 15, "Телефон 1": "83842531841 (отдел бухгалтерии)", "Телефон 2": "83842539955", "Телефон 3": "83842539855", "E-mail": null, "Веб-сайт 1": "http://t.me/madoy215", "Веб-сайт 2": null, "ВКонтакте": "https://vk.com/public215557422", "WhatsApp 1": null, "WhatsApp 2": null, "Viber": null, "Telegram 1": null, "Telegram 2": null, "YouTube": null, "Широта": 55.360619, "Долгота": 86.172066, "2GIS URL": "https://2gis.com/firm/704215722855002", "capacity": 281 }, "geometry": { "type": "Point", "coordinates": [ 86.172066, 55.360619 ] } },
{ "type": "Feature", "properties": { "Наименование": "Центр развития ребенка-детский сад № 130", "Описание": null, "Рубрики": "Детские сады", "Адрес": "Волгоградская, 29а", "Комментарий к адресу": null, "Почтовый индекс": 650056, "Микрорайон": null, "Район": "Центральный район", "Город": "Кемерово", "Округ": "Кемеровский городской округ", "Регион": "Кемеровская область — Кузбасс", "Страна": "Россия", "Часы работы": "Пн: 07:00-19:00; Вт: 07:00-19:00; Ср: 07:00-19:00; Чт: 07:00-19:00; Пт: 07:00-19:00", "Часовой пояс": "+07:00", "Рейтинг": 5.0, "Количество отзывов": 4, "Телефон 1": "83842541690", "Телефон 2": null, "Телефон 3": null, "E-mail": null, "Веб-сайт 1": null, "Веб-сайт 2": null, "ВКонтакте": "https://vk.com/public216047585", "WhatsApp 1": null, "WhatsApp 2": null, "Viber": null, "Telegram 1": null, "Telegram 2": null, "YouTube": null, "Широта": 55.340811, "Долгота": 86.149273, "2GIS URL": "https://2gis.com/firm/704215722754851", "capacity": 130 }, "geometry": { "type": "Point", "coordinates": [ 86.149273, 55.340811 ] } },
{ "type": "Feature", "properties": { "Наименование": "Детский сад №225 общеразвивающего вида", "Описание": null, "Рубрики": "Детские сады", "Адрес": "Гагарина, 159а", "Комментарий к адресу": null, "Почтовый индекс": 650036, "Микрорайон": null, "Район": "Центральный район", "Город": "Кемерово", "Округ": "Кемеровский городской округ", "Регион": "Кемеровская область — Кузбасс", "Страна": "Россия", "Часы работы": "Пн: 07:00-19:00; Вт: 07:00-19:00; Ср: 07:00-19:00; Чт: 07:00-19:00; Пт: 07:00-19:00", "Часовой пояс": "+07:00", "Рейтинг": 4.0, "Количество отзывов": 6, "Телефон 1": "83842540951", "Телефон 2": null, "Телефон 3": null, "E-mail": null, "Веб-сайт 1": "http://dou225.ucoz.net", "Веб-сайт 2": null, "ВКонтакте": "https://vk.com/nmc_kemerovo", "WhatsApp 1": "https://wa.me/79236016205", "WhatsApp 2": null, "Viber": "viber://chat/?number=79236016205", "Telegram 1": null, "Telegram 2": null, "YouTube": null, "Широта": 55.339798, "Долгота": 86.143588, "2GIS URL": "https://2gis.com/firm/704215722755110", "capacity": 66 }, "geometry": { "type": "Point", "coordinates": [ 86.143588, 55.339798 ] } },
{ "type": "Feature", "properties": { "Наименование": "Детский сад комбинированного вида №105", "Описание": null, "Рубрики": "Детские сады", "Адрес": "Гагарина, 134", "Комментарий к адресу": null, "Почтовый индекс": 650036, "Микрорайон": null, "Район": "Центральный район", "Город": "Кемерово", "Округ": "Кемеровский городской округ", "Регион": "Кемеровская область — Кузбасс", "Страна": "Россия", "Часы работы": "Пн: 07:00-19:00; Вт: 07:00-19:00; Ср: 07:00-19:00; Чт: 07:00-19:00; Пт: 07:00-19:00", "Часовой пояс": "+07:00", "Рейтинг": 5.0, "Количество отзывов": 1, "Телефон 1": "83842542330", "Телефон 2": null, "Телефон 3": null, "E-mail": null, "Веб-сайт 1": null, "Веб-сайт 2": null, "ВКонтакте": "https://vk.com/madou105", "WhatsApp 1": null, "WhatsApp 2": null, "Viber": null, "Telegram 1": null, "Telegram 2": null, "YouTube": null, "Широта": 55.340246, "Долгота": 86.135087, "2GIS URL": "https://2gis.com/firm/704215722754826", "capacity": 94 }, "geometry": { "type": "Point", "coordinates": [ 86.135087, 55.340246 ] } },
{ "type": "Feature", "properties": { "Наименование": "В гостях у сказки", "Описание": null, "Рубрики": "Детские сады", "Адрес": "бульвар Строителей, 41а", "Комментарий к адресу": null, "Почтовый индекс": 650056, "Микрорайон": null, "Район": "Ленинский район", "Город": "Кемерово", "Округ": "Кемеровский городской округ", "Регион": "Кемеровская область — Кузбасс", "Страна": "Россия", "Часы работы": "Пн: 07:00-19:00; Вт: 07:00-19:00; Ср: 07:00-19:00; Чт: 07:00-19:00; Пт: 07:00-19:00", "Часовой пояс": "+07:00", "Рейтинг": 4.1, "Количество отзывов": 9, "Телефон 1": "83842903512", "Телефон 2": "83842903513", "Телефон 3": null, "E-mail": null, "Веб-сайт 1": "http://madou218.kemobl.ru/", "Веб-сайт 2": "http://t.me/madou218kemerovo", "ВКонтакте": "https://vk.com/public219853119", "WhatsApp 1": null, "WhatsApp 2": null, "Viber": null, "Telegram 1": null, "Telegram 2": null, "YouTube": null, "Широта": 55.33856, "Долгота": 86.167717, "2GIS URL": "https://2gis.com/firm/704215722876071", "capacity": 281 }, "geometry": { "type": "Point", "coordinates": [ 86.167717, 55.33856 ] } },
{ "type": "Feature", "properties": { "Наименование": "Детский сад №16 комбинированного вида", "Описание": null, "Рубрики": "Детские сады", "Адрес": "Октябрьский проспект, 75Б", "Комментарий к адресу": null, "Почтовый индекс": 650023, "Микрорайон": null, "Район": "Ленинский район", "Город": "Кемерово", "Округ": "Кемеровский городской округ", "Регион": "Кемеровская область — Кузбасс", "Страна": "Россия", "Часы работы": "Пн: 07:00-19:00; Вт: 07:00-19:00; Ср: 07:00-19:00; Чт: 07:00-19:00; Пт: 07:00-19:00", "Часовой пояс": "+07:00", "Рейтинг": 4.4, "Количество отзывов": 7, "Телефон 1": "83842510566", "Телефон 2": "83842452030", "Телефон 3": null, "E-mail": null, "Веб-сайт 1": null, "Веб-сайт 2": null, "ВКонтакте": null, "WhatsApp 1": null, "WhatsApp 2": null, "Viber": null, "Telegram 1": null, "Telegram 2": null, "YouTube": null, "Широта": 55.350193, "Долгота": 86.154834, "2GIS URL": "https://2gis.com/firm/704215722878675", "capacity": 130 }, "geometry": { "type": "Point", "coordinates": [ 86.154834, 55.350193 ] } },
{ "type": "Feature", "properties": { "Наименование": "Детский сад №50 комбинированного вида", "Описание": null, "Рубрики": "Детские сады", "Адрес": "Ворошилова, 18в", "Комментарий к адресу": null, "Почтовый индекс": 650056, "Микрорайон": null, "Район": "Ленинский район", "Город": "Кемерово", "Округ": "Кемеровский городской округ", "Регион": "Кемеровская область — Кузбасс", "Страна": "Россия", "Часы работы": "Пн: 07:00-19:00; Вт: 07:00-19:00; Ср: 07:00-19:00; Чт: 07:00-19:00; Пт: 07:00-19:00", "Часовой пояс": "+07:00", "Рейтинг": 4.3, "Количество отзывов": 3, "Телефон 1": "83842513638", "Телефон 2": null, "Телефон 3": null, "E-mail": null, "Веб-сайт 1": null, "Веб-сайт 2": null, "ВКонтакте": "https://vk.com/nmc_kemerovo", "WhatsApp 1": null, "WhatsApp 2": null, "Viber": null, "Telegram 1": null, "Telegram 2": null, "YouTube": null, "Широта": 55.341758, "Долгота": 86.162817, "2GIS URL": "https://2gis.com/firm/704215722754778", "capacity": 122 }, "geometry": { "type": "Point", "coordinates": [ 86.162817, 55.341758 ] } },
{ "type": "Feature", "properties": { "Наименование": "Детский сад комбинированного вида №32", "Описание": null, "Рубрики": "Детские сады", "Адрес": "Московский проспект, 17а", "Комментарий к адресу": null, "Почтовый индекс": 650023, "Микрорайон": null, "Район": "Ленинский район", "Город": "Кемерово", "Округ": "Кемеровский городской округ", "Регион": "Кемеровская область — Кузбасс", "Страна": "Россия", "Часы работы": "Пн: 07:00-19:00; Вт: 07:00-19:00; Ср: 07:00-19:00; Чт: 07:00-19:00; Пт: 07:00-19:00", "Часовой пояс": "+07:00", "Рейтинг": 4.2, "Количество отзывов": 27, "Телефон 1": "83842771898", "Телефон 2": null, "Телефон 3": null, "E-mail": null, "Веб-сайт 1": "http://mbdou32.kuz-edu.ru", "Веб-сайт 2": null, "ВКонтакте": "https://vk.com/club215972667", "WhatsApp 1": null, "WhatsApp 2": null, "Viber": null, "Telegram 1": null, "Telegram 2": null, "YouTube": null, "Широта": 55.354606, "Долгота": 86.152266, "2GIS URL": "https://2gis.com/firm/70000001035124854", "capacity": 115 }, "geometry": { "type": "Point", "coordinates": [ 86.152266, 55.354606 ] } },
{ "type": "Feature", "properties": { "Наименование": "Буратино", "Описание": null, "Рубрики": "Детские сады", "Адрес": "Октябрьский проспект, 58Б", "Комментарий к адресу": null, "Почтовый индекс": 650023, "Микрорайон": null, "Район": "Ленинский район", "Город": "Кемерово", "Округ": "Кемеровский городской округ", "Регион": "Кемеровская область — Кузбасс", "Страна": "Россия", "Часы работы": "Пн: 07:00-19:00; Вт: 07:00-19:00; Ср: 07:00-19:00; Чт: 07:00-19:00; Пт: 07:00-19:00", "Часовой пояс": "+07:00", "Рейтинг": 5.0, "Количество отзывов": 5, "Телефон 1": "83842518210", "Телефон 2": null, "Телефон 3": null, "E-mail": null, "Веб-сайт 1": "http://mdou-178.kemobl.ru", "Веб-сайт 2": null, "ВКонтакте": "https://vk.com/kemerovo_dou_buratino", "WhatsApp 1": null, "WhatsApp 2": null, "Viber": null, "Telegram 1": null, "Telegram 2": null, "YouTube": null, "Широта": 55.353416, "Долгота": 86.15337, "2GIS URL": "https://2gis.com/firm/704215722755037", "capacity": 140 }, "geometry": { "type": "Point", "coordinates": [ 86.15337, 55.353416 ] } },
{ "type": "Feature", "properties": { "Наименование": "Детский сад комбинированного вида №32", "Описание": null, "Рубрики": "Детские сады", "Адрес": "Октябрьский проспект, 60а", "Комментарий к адресу": null, "Почтовый индекс": 650023, "Микрорайон": null, "Район": "Ленинский район", "Город": "Кемерово", "Округ": "Кемеровский городской округ", "Регион": "Кемеровская область — Кузбасс", "Страна": "Россия", "Часы работы": "Пн: 07:00-19:00; Вт: 07:00-19:00; Ср: 07:00-19:00; Чт: 07:00-19:00; Пт: 07:00-19:00", "Часовой пояс": "+07:00", "Рейтинг": 4.3, "Количество отзывов": 23, "Телефон 1": null, "Телефон 2": null, "Телефон 3": null, "E-mail": null, "Веб-сайт 1": "http://mbdou32.kuz-edu.ru", "Веб-сайт 2": null, "ВКонтакте": "https://vk.com/club215972667", "WhatsApp 1": null, "WhatsApp 2": null, "Viber": null, "Telegram 1": null, "Telegram 2": null, "YouTube": null, "Широта": 55.353263, "Долгота": 86.1548, "2GIS URL": "https://2gis.com/firm/704215722754751", "capacity": 140 }, "geometry": { "type": "Point", "coordinates": [ 86.1548, 55.353263 ] } },
{ "type": "Feature", "properties": { "Наименование": "Детский сад №116 комбинированного вида", "Описание": null, "Рубрики": "Детские сады", "Адрес": "Ворошилова, 18г", "Комментарий к адресу": null, "Почтовый индекс": 650056, "Микрорайон": null, "Район": "Ленинский район", "Город": "Кемерово", "Округ": "Кемеровский городской округ", "Регион": "Кемеровская область — Кузбасс", "Страна": "Россия", "Часы работы": "Пн: 07:00-19:00; Вт: 07:00-19:00; Ср: 07:00-19:00; Чт: 07:00-19:00; Пт: 07:00-19:00", "Часовой пояс": "+07:00", "Рейтинг": 4.5, "Количество отзывов": 2, "Телефон 1": "83842513419", "Телефон 2": null, "Телефон 3": null, "E-mail": null, "Веб-сайт 1": "http://kem-mdou116.ucoz.ru", "Веб-сайт 2": null, "ВКонтакте": "https://vk.com/public215972919", "WhatsApp 1": null, "WhatsApp 2": null, "Viber": null, "Telegram 1": null, "Telegram 2": null, "YouTube": null, "Широта": 55.341947, "Долгота": 86.163442, "2GIS URL": "https://2gis.com/firm/704215722754842", "capacity": 122 }, "geometry": { "type": "Point", "coordinates": [ 86.163442, 55.341947 ] } },
{ "type": "Feature", "properties": { "Наименование": "Детский сад №25 общеразвивающего вида", "Описание": null, "Рубрики": "Детские сады", "Адрес": "бульвар Строителей, 65", "Комментарий к адресу": "1, 2 этаж", "Почтовый индекс": 650056, "Микрорайон": null, "Район": "Ленинский район", "Город": "Кемерово", "Округ": "Кемеровский городской округ", "Регион": "Кемеровская область — Кузбасс", "Страна": "Россия", "Часы работы": "Пн: 07:00-19:00; Вт: 07:00-19:00; Ср: 07:00-19:00; Чт: 07:00-19:00; Пт: 07:00-19:00", "Часовой пояс": "+07:00", "Рейтинг": 2.7, "Количество отзывов": 3, "Телефон 1": "83842452665 (единый номер)", "Телефон 2": null, "Телефон 3": null, "E-mail": null, "Веб-сайт 1": "http://kemdetsad25.kemobl.ru", "Веб-сайт 2": null, "ВКонтакте": "https://vk.com/mbdou25kemerovo", "WhatsApp 1": null, "WhatsApp 2": null, "Viber": null, "Telegram 1": null, "Telegram 2": null, "YouTube": null, "Широта": 55.328861, "Долгота": 86.177269, "2GIS URL": "https://2gis.com/firm/70000001043473296", "capacity": 75 }, "geometry": { "type": "Point", "coordinates": [ 86.177269, 55.328861 ] } },
{ "type": "Feature", "properties": { "Наименование": "Золушка", "Описание": null, "Рубрики": "Детские сады", "Адрес": "Октябрьский проспект, 68а", "Комментарий к адресу": null, "Почтовый индекс": 650065, "Микрорайон": null, "Район": "Ленинский район", "Город": "Кемерово", "Округ": "Кемеровский городской округ", "Регион": "Кемеровская область — Кузбасс", "Страна": "Россия", "Часы работы": "Пн: 07:00-19:00; Вт: 07:00-19:00; Ср: 07:00-19:00; Чт: 07:00-19:00; Пт: 07:00-19:00", "Часовой пояс": "+07:00", "Рейтинг": 4.3, "Количество отзывов": 6, "Телефон 1": "83842519433", "Телефон 2": "83842519447", "Телефон 3": null, "E-mail": null, "Веб-сайт 1": null, "Веб-сайт 2": null, "ВКонтакте": null, "WhatsApp 1": null, "WhatsApp 2": null, "Viber": null, "Telegram 1": null, "Telegram 2": null, "YouTube": null, "Широта": 55.355476, "Долгота": 86.162228, "2GIS URL": "https://2gis.com/firm/704215722755029", "capacity": 115 }, "geometry": { "type": "Point", "coordinates": [ 86.162228, 55.355476 ] } },
{ "type": "Feature", "properties": { "Наименование": "Детский сад присмотра и оздоровления", "Описание": "образовательное учреждение №143", "Рубрики": "Детские сады", "Адрес": "улица Терешковой, 24Б", "Комментарий к адресу": null, "Почтовый индекс": 650036, "Микрорайон": null, "Район": "Центральный район", "Город": "Кемерово", "Округ": "Кемеровский городской округ", "Регион": "Кемеровская область — Кузбасс", "Страна": "Россия", "Часы работы": "Пн: 07:00-19:00; Вт: 07:00-19:00; Ср: 07:00-19:00; Чт: 07:00-19:00; Пт: 07:00-19:00", "Часовой пояс": "+07:00", "Рейтинг": 4.9, "Количество отзывов": 7, "Телефон 1": "83842544240", "Телефон 2": "83842542411", "Телефон 3": null, "E-mail": null, "Веб-сайт 1": "http://mdou143-kem.ucoz.ru", "Веб-сайт 2": null, "ВКонтакте": "https://vk.com/public151244651", "WhatsApp 1": null, "WhatsApp 2": null, "Viber": null, "Telegram 1": null, "Telegram 2": null, "YouTube": null, "Широта": 55.346765, "Долгота": 86.139019, "2GIS URL": "https://2gis.com/firm/704215722754878", "capacity": 141 }, "geometry": { "type": "Point", "coordinates": [ 86.139019, 55.346765 ] } },
{ "type": "Feature", "properties": { "Наименование": "Детский сад комбинированного вида №79", "Описание": null, "Рубрики": "Детские сады", "Адрес": "Мирная, 3а", "Комментарий к адресу": null, "Почтовый индекс": 650036, "Микрорайон": null, "Район": "Центральный район", "Город": "Кемерово", "Округ": "Кемеровский городской округ", "Регион": "Кемеровская область — Кузбасс", "Страна": "Россия", "Часы работы": "Пн: 07:00-19:00; Вт: 07:00-19:00; Ср: 07:00-19:00; Чт: 07:00-19:00; Пт: 07:00-19:00", "Часовой пояс": "+07:00", "Рейтинг": 5.0, "Количество отзывов": 1, "Телефон 1": "83842310646", "Телефон 2": null, "Телефон 3": null, "E-mail": null, "Веб-сайт 1": "http://mdou-79-kem.ucoz.ru", "Веб-сайт 2": null, "ВКонтакте": "https://vk.com/public211779327", "WhatsApp 1": null, "WhatsApp 2": null, "Viber": null, "Telegram 1": null, "Telegram 2": null, "YouTube": null, "Широта": 55.337723, "Долгота": 86.135311, "2GIS URL": "https://2gis.com/firm/704215722754799", "capacity": 121 }, "geometry": { "type": "Point", "coordinates": [ 86.135311, 55.337723 ] } },
{ "type": "Feature", "properties": { "Наименование": "Детский сад №190 общеразвивающего вида", "Описание": null, "Рубрики": "Детские сады", "Адрес": "Московский проспект, 27а", "Комментарий к адресу": null, "Почтовый индекс": 650065, "Микрорайон": null, "Район": "Ленинский район", "Город": "Кемерово", "Округ": "Кемеровский городской округ", "Регион": "Кемеровская область — Кузбасс", "Страна": "Россия", "Часы работы": "Пн: 07:00-19:00; Вт: 07:00-19:00; Ср: 07:00-19:00; Чт: 07:00-19:00; Пт: 07:00-19:00", "Часовой пояс": "+07:00", "Рейтинг": 4.9, "Количество отзывов": 14, "Телефон 1": "83842741752", "Телефон 2": null, "Телефон 3": null, "E-mail": null, "Веб-сайт 1": "http://mbdou190.ucoz.net", "Веб-сайт 2": null, "ВКонтакте": "https://vk.com/public201965396", "WhatsApp 1": null, "WhatsApp 2": null, "Viber": null, "Telegram 1": null, "Telegram 2": null, "YouTube": null, "Широта": 55.358073, "Долгота": 86.162164, "2GIS URL": "https://2gis.com/firm/704215722755061", "capacity": 115 }, "geometry": { "type": "Point", "coordinates": [ 86.162164, 55.358073 ] } },
{ "type": "Feature", "properties": { "Наименование": "Детский сад №149 общеразвивающего вида с приоритетным осуществлением деятельности по познавательно-речевому направлению развития воспитанников", "Описание": null, "Рубрики": "Детские сады", "Адрес": "Мирная, 3Б", "Комментарий к адресу": null, "Почтовый индекс": 650036, "Микрорайон": null, "Район": "Центральный район", "Город": "Кемерово", "Округ": "Кемеровский городской округ", "Регион": "Кемеровская область — Кузбасс", "Страна": "Россия", "Часы работы": "Пн: 07:00-19:00; Вт: 07:00-19:00; Ср: 07:00-19:00; Чт: 07:00-19:00; Пт: 07:00-19:00", "Часовой пояс": "+07:00", "Рейтинг": 4.8, "Количество отзывов": 5, "Телефон 1": "83842312755", "Телефон 2": null, "Телефон 3": null, "E-mail": null, "Веб-сайт 1": "http://www.mdou149kem.ucoz.ru", "Веб-сайт 2": null, "ВКонтакте": "https://vk.com/public186839699", "WhatsApp 1": null, "WhatsApp 2": null, "Viber": null, "Telegram 1": null, "Telegram 2": null, "YouTube": null, "Широта": 55.337029, "Долгота": 86.135468, "2GIS URL": "https://2gis.com/firm/704215722754997", "capacity": 90 }, "geometry": { "type": "Point", "coordinates": [ 86.135468, 55.337029 ] } },
{ "type": "Feature", "properties": { "Наименование": "Детский сад №196 комбинированного вида", "Описание": null, "Рубрики": "Детские сады", "Адрес": "Ленинградский проспект, 45а", "Комментарий к адресу": null, "Почтовый индекс": 650003, "Микрорайон": null, "Район": "Ленинский район", "Город": "Кемерово", "Округ": "Кемеровский городской округ", "Регион": "Кемеровская область — Кузбасс", "Страна": "Россия", "Часы работы": "Пн: 07:00-19:00; Вт: 07:00-19:00; Ср: 07:00-19:00; Чт: 07:00-19:00; Пт: 07:00-19:00", "Часовой пояс": "+07:00", "Рейтинг": 5.0, "Количество отзывов": 2, "Телефон 1": "83842732616", "Телефон 2": null, "Телефон 3": null, "E-mail": null, "Веб-сайт 1": "http://kem-mdou196.ucoz.ru", "Веб-сайт 2": null, "ВКонтакте": "https://vk.com/public212006721", "WhatsApp 1": null, "WhatsApp 2": null, "Viber": null, "Telegram 1": "https://t.me/mbdou196kemerovo", "Telegram 2": null, "YouTube": null, "Широта": 55.338775, "Долгота": 86.180887, "2GIS URL": "https://2gis.com/firm/704215722755073", "capacity": 140 }, "geometry": { "type": "Point", "coordinates": [ 86.180887, 55.338775 ] } },
{ "type": "Feature", "properties": { "Наименование": "Детский сад №168 комбинированного вида", "Описание": null, "Рубрики": "Детские сады", "Адрес": "проспект Химиков, 24в", "Комментарий к адресу": null, "Почтовый индекс": 650060, "Микрорайон": null, "Район": "Ленинский район", "Город": "Кемерово", "Округ": "Кемеровский городской округ", "Регион": "Кемеровская область — Кузбасс", "Страна": "Россия", "Часы работы": "Пн: 07:00-19:00; Вт: 07:00-19:00; Ср: 07:00-19:00; Чт: 07:00-19:00; Пт: 07:00-19:00", "Часовой пояс": "+07:00", "Рейтинг": 5.0, "Количество отзывов": 3, "Телефон 1": "83842516738", "Телефон 2": null, "Телефон 3": null, "E-mail": null, "Веб-сайт 1": "http://mdou168.ru", "Веб-сайт 2": null, "ВКонтакте": "https://vk.com/mbdou168", "WhatsApp 1": null, "WhatsApp 2": null, "Viber": null, "Telegram 1": null, "Telegram 2": null, "YouTube": null, "Широта": 55.344395, "Долгота": 86.174811, "2GIS URL": "https://2gis.com/firm/704215722755018", "capacity": 152 }, "geometry": { "type": "Point", "coordinates": [ 86.174811, 55.344395 ] } },
{ "type": "Feature", "properties": { "Наименование": "Детский сад №194", "Описание": null, "Рубрики": "Детские сады", "Адрес": "Ленинградский проспект, 51а", "Комментарий к адресу": null, "Почтовый индекс": 650003, "Микрорайон": null, "Район": "Ленинский район", "Город": "Кемерово", "Округ": "Кемеровский городской округ", "Регион": "Кемеровская область — Кузбасс", "Страна": "Россия", "Часы работы": "Пн: 07:00-19:00; Вт: 07:00-19:00; Ср: 07:00-19:00; Чт: 07:00-19:00; Пт: 07:00-19:00", "Часовой пояс": "+07:00", "Рейтинг": null, "Количество отзывов": null, "Телефон 1": "83842744588", "Телефон 2": null, "Телефон 3": null, "E-mail": null, "Веб-сайт 1": "http://rodnichok194.ucoz.ru", "Веб-сайт 2": null, "ВКонтакте": "https://vk.com/mbdou194", "WhatsApp 1": null, "WhatsApp 2": null, "Viber": null, "Telegram 1": null, "Telegram 2": null, "YouTube": null, "Широта": 55.336565, "Долгота": 86.182924, "2GIS URL": "https://2gis.com/firm/704215722877896", "capacity": 140 }, "geometry": { "type": "Point", "coordinates": [ 86.182924, 55.336565 ] } },
{ "type": "Feature", "properties": { "Наименование": "Детский сад №66 комбинированного вида", "Описание": null, "Рубрики": "Детские сады", "Адрес": "Волгоградская, 30а", "Комментарий к адресу": null, "Почтовый индекс": 650056, "Микрорайон": null, "Район": "Ленинский район", "Город": "Кемерово", "Округ": "Кемеровский городской округ", "Регион": "Кемеровская область — Кузбасс", "Страна": "Россия", "Часы работы": "Пн: 07:00-19:00; Вт: 07:00-19:00; Ср: 07:00-19:00; Чт: 07:00-19:00; Пт: 07:00-19:00", "Часовой пояс": "+07:00", "Рейтинг": 3.7, "Количество отзывов": 6, "Телефон 1": "83842542249", "Телефон 2": "83842542421", "Телефон 3": "83842560187", "E-mail": null, "Веб-сайт 1": null, "Веб-сайт 2": null, "ВКонтакте": "https://vk.com/public212645075", "WhatsApp 1": null, "WhatsApp 2": null, "Viber": null, "Telegram 1": null, "Telegram 2": null, "YouTube": null, "Широта": 55.341165, "Долгота": 86.153246, "2GIS URL": "https://2gis.com/firm/704215722754794", "capacity": 152 }, "geometry": { "type": "Point", "coordinates": [ 86.153246, 55.341165 ] } },
{ "type": "Feature", "properties": { "Наименование": "Детский сад №94 общеразвивающего вида с приоритетным осуществлением деятельности по художественно-эстетическому направлению развития воспитанников", "Описание": null, "Рубрики": "Детские сады", "Адрес": "проспект Ленина, 122Б", "Комментарий к адресу": null, "Почтовый индекс": 650023, "Микрорайон": null, "Район": "Ленинский район", "Город": "Кемерово", "Округ": "Кемеровский городской округ", "Регион": "Кемеровская область — Кузбасс", "Страна": "Россия", "Часы работы": "Пн: 07:00-19:00; Вт: 07:00-19:00; Ср: 07:00-19:00; Чт: 07:00-19:00; Пт: 07:00-19:00", "Часовой пояс": "+07:00", "Рейтинг": 3.4, "Количество отзывов": 4, "Телефон 1": "83842546228", "Телефон 2": null, "Телефон 3": null, "E-mail": null, "Веб-сайт 1": null, "Веб-сайт 2": null, "ВКонтакте": "https://vk.com/mbdou94", "WhatsApp 1": null, "WhatsApp 2": null, "Viber": null, "Telegram 1": null, "Telegram 2": null, "YouTube": null, "Широта": 55.347759, "Долгота": 86.150781, "2GIS URL": "https://2gis.com/firm/704215722754813", "capacity": 94 }, "geometry": { "type": "Point", "coordinates": [ 86.150781, 55.347759 ] } },
{ "type": "Feature", "properties": { "Наименование": "Детский сад №25 общеразвивающего вида", "Описание": null, "Рубрики": "Детские сады", "Адрес": "Ворошилова, 8а", "Комментарий к адресу": null, "Почтовый индекс": 650056, "Микрорайон": null, "Район": "Ленинский район", "Город": "Кемерово", "Округ": "Кемеровский городской округ", "Регион": "Кемеровская область — Кузбасс", "Страна": "Россия", "Часы работы": "Пн: 07:00-19:00; Вт: 07:00-19:00; Ср: 07:00-19:00; Чт: 07:00-19:00; Пт: 07:00-19:00", "Часовой пояс": "+07:00", "Рейтинг": 2.4, "Количество отзывов": 3, "Телефон 1": "83842514443", "Телефон 2": null, "Телефон 3": null, "E-mail": null, "Веб-сайт 1": "http://kemdetsad25.kemobl.ru", "Веб-сайт 2": null, "ВКонтакте": "https://vk.com/mbdou25kemerovo", "WhatsApp 1": null, "WhatsApp 2": null, "Viber": null, "Telegram 1": null, "Telegram 2": null, "YouTube": null, "Широта": 55.345567, "Долгота": 86.159226, "2GIS URL": "https://2gis.com/firm/704215722754740", "capacity": 140 }, "geometry": { "type": "Point", "coordinates": [ 86.159226, 55.345567 ] } },
{ "type": "Feature", "properties": { "Наименование": "Детский сад №200 комбинированного вида", "Описание": null, "Рубрики": "Детские сады", "Адрес": "Московский проспект, 9а", "Комментарий к адресу": null, "Почтовый индекс": 650023, "Микрорайон": null, "Район": "Центральный район", "Город": "Кемерово", "Округ": "Кемеровский городской округ", "Регион": "Кемеровская область — Кузбасс", "Страна": "Россия", "Часы работы": "Пн: 07:00-19:00; Вт: 07:00-19:00; Ср: 07:00-19:00; Чт: 07:00-19:00; Пт: 07:00-19:00", "Часовой пояс": "+07:00", "Рейтинг": 5.0, "Количество отзывов": 5, "Телефон 1": "83842358679", "Телефон 2": null, "Телефон 3": null, "E-mail": null, "Веб-сайт 1": null, "Веб-сайт 2": null, "ВКонтакте": "https://vk.com/public212673755", "WhatsApp 1": null, "WhatsApp 2": null, "Viber": null, "Telegram 1": null, "Telegram 2": null, "YouTube": null, "Широта": 55.35222, "Долгота": 86.145544, "2GIS URL": "https://2gis.com/firm/704215722755080", "capacity": 140 }, "geometry": { "type": "Point", "coordinates": [ 86.145544, 55.35222 ] } },
{ "type": "Feature", "properties": { "Наименование": "Планета радости", "Описание": null, "Рубрики": "Детские сады", "Адрес": "бульвар Строителей, 42а", "Комментарий к адресу": null, "Почтовый индекс": 650003, "Микрорайон": null, "Район": "Ленинский район", "Город": "Кемерово", "Округ": "Кемеровский городской округ", "Регион": "Кемеровская область — Кузбасс", "Страна": "Россия", "Часы работы": "Пн: 07:00-19:00; Вт: 07:00-19:00; Ср: 07:00-19:00; Чт: 07:00-19:00; Пт: 07:00-19:00", "Часовой пояс": "+07:00", "Рейтинг": 4.9, "Количество отзывов": 2, "Телефон 1": "83842732100", "Телефон 2": "83842732016", "Телефон 3": null, "E-mail": null, "Веб-сайт 1": "http://sadik193.ucoz.net", "Веб-сайт 2": null, "ВКонтакте": "https://vk.com/madou193", "WhatsApp 1": null, "WhatsApp 2": null, "Viber": null, "Telegram 1": null, "Telegram 2": null, "YouTube": null, "Широта": 55.339283, "Долгота": 86.17383, "2GIS URL": "https://2gis.com/firm/70000001007276176", "capacity": 140 }, "geometry": { "type": "Point", "coordinates": [ 86.17383, 55.339283 ] } },
{ "type": "Feature", "properties": { "Наименование": "Детский сад №188", "Описание": null, "Рубрики": "Детские сады", "Адрес": "Марковцева, 14в", "Комментарий к адресу": null, "Почтовый индекс": 650003, "Микрорайон": null, "Район": "Ленинский район", "Город": "Кемерово", "Округ": "Кемеровский городской округ", "Регион": "Кемеровская область — Кузбасс", "Страна": "Россия", "Часы работы": "Пн: 07:00-19:00; Вт: 07:00-19:00; Ср: 07:00-19:00; Чт: 07:00-19:00; Пт: 07:00-19:00", "Часовой пояс": "+07:00", "Рейтинг": 1.5, "Количество отзывов": 2, "Телефон 1": "83842732183", "Телефон 2": null, "Телефон 3": null, "E-mail": null, "Веб-сайт 1": "http://mdou188.kemobl.ru", "Веб-сайт 2": null, "ВКонтакте": "https://vk.com/public151244651", "WhatsApp 1": null, "WhatsApp 2": null, "Viber": null, "Telegram 1": null, "Telegram 2": null, "YouTube": null, "Широта": 55.336191, "Долгота": 86.179514, "2GIS URL": "https://2gis.com/firm/704215722755060", "capacity": 140 }, "geometry": { "type": "Point", "coordinates": [ 86.179514, 55.336191 ] } },
{ "type": "Feature", "properties": { "Наименование": "Детский сад №180 общеразвивающего вида с приоритетным осуществлением деятельности по художественно-эстетическому направлению развития воспитанников", "Описание": null, "Рубрики": "Детские сады", "Адрес": "проспект Химиков, 19Б", "Комментарий к адресу": null, "Почтовый индекс": 650003, "Микрорайон": null, "Район": "Ленинский район", "Город": "Кемерово", "Округ": "Кемеровский городской округ", "Регион": "Кемеровская область — Кузбасс", "Страна": "Россия", "Часы работы": "Пн: 07:00-19:00; Вт: 07:00-19:00; Ср: 07:00-19:00; Чт: 07:00-19:00; Пт: 07:00-19:00", "Часовой пояс": "+07:00", "Рейтинг": 5.0, "Количество отзывов": 4, "Телефон 1": "83842519432", "Телефон 2": "83842519255", "Телефон 3": null, "E-mail": null, "Веб-сайт 1": null, "Веб-сайт 2": null, "ВКонтакте": "https://vk.com/club173382932", "WhatsApp 1": null, "WhatsApp 2": null, "Viber": null, "Telegram 1": "https://t.me/cadkemerovo", "Telegram 2": null, "YouTube": "https://youtube.com/channel/UCj_RacGi7Hi5qU1KFDCLhlg", "Широта": 55.340666, "Долгота": 86.175158, "2GIS URL": "https://2gis.com/firm/704215722755053", "capacity": 140 }, "geometry": { "type": "Point", "coordinates": [ 86.175158, 55.340666 ] } },
{ "type": "Feature", "properties": { "Наименование": "Детский сад №83", "Описание": null, "Рубрики": "Детские сады", "Адрес": "улица Сибиряков-Гвардейцев, 306", "Комментарий к адресу": null, "Почтовый индекс": 650036, "Микрорайон": null, "Район": "Центральный район", "Город": "Кемерово", "Округ": "Кемеровский городской округ", "Регион": "Кемеровская область — Кузбасс", "Страна": "Россия", "Часы работы": "Пн: 07:00-19:00; Вт: 07:00-19:00; Ср: 07:00-19:00; Чт: 07:00-19:00; Пт: 07:00-19:00", "Часовой пояс": "+07:00", "Рейтинг": 5.0, "Количество отзывов": 4, "Телефон 1": "83842544770", "Телефон 2": null, "Телефон 3": null, "E-mail": null, "Веб-сайт 1": null, "Веб-сайт 2": null, "ВКонтакте": null, "WhatsApp 1": null, "WhatsApp 2": null, "Viber": null, "Telegram 1": null, "Telegram 2": null, "YouTube": null, "Широта": 55.339269, "Долгота": 86.144106, "2GIS URL": "https://2gis.com/firm/704215722754801", "capacity": 66 }, "geometry": { "type": "Point", "coordinates": [ 86.144106, 55.339269 ] } },
{ "type": "Feature", "properties": { "Наименование": "Детский сад №11 комбинированного вида", "Описание": null, "Рубрики": "Детские сады", "Адрес": "проспект Ленина, 141в", "Комментарий к адресу": null, "Почтовый индекс": 650060, "Микрорайон": null, "Район": "Ленинский район", "Город": "Кемерово", "Округ": "Кемеровский городской округ", "Регион": "Кемеровская область — Кузбасс", "Страна": "Россия", "Часы работы": "Пн: 07:00-19:00; Вт: 07:00-19:00; Ср: 07:00-19:00; Чт: 07:00-19:00; Пт: 07:00-19:00", "Часовой пояс": "+07:00", "Рейтинг": 5.0, "Количество отзывов": 1, "Телефон 1": "83842513732", "Телефон 2": "83842515332", "Телефон 3": null, "E-mail": null, "Веб-сайт 1": "http://kemsad11.ru", "Веб-сайт 2": "http://t.me/ostrovdetstva11", "ВКонтакте": "https://vk.com/public215955213", "WhatsApp 1": null, "WhatsApp 2": null, "Viber": null, "Telegram 1": null, "Telegram 2": null, "YouTube": null, "Широта": 55.348941, "Долгота": 86.1697, "2GIS URL": "https://2gis.com/firm/704215722754721", "capacity": 152 }, "geometry": { "type": "Point", "coordinates": [ 86.1697, 55.348941 ] } },
{ "type": "Feature", "properties": { "Наименование": "Детский сад №169 комбинированного вида", "Описание": null, "Рубрики": "Детские сады", "Адрес": "проспект Химиков, 24Б", "Комментарий к адресу": null, "Почтовый индекс": 650060, "Микрорайон": null, "Район": "Ленинский район", "Город": "Кемерово", "Округ": "Кемеровский городской округ", "Регион": "Кемеровская область — Кузбасс", "Страна": "Россия", "Часы работы": "Пн: 07:00-19:00; Вт: 07:00-19:00; Ср: 07:00-19:00; Чт: 07:00-19:00; Пт: 07:00-19:00", "Часовой пояс": "+07:00", "Рейтинг": 5.0, "Количество отзывов": 1, "Телефон 1": "83842516947", "Телефон 2": "83842534739", "Телефон 3": null, "E-mail": null, "Веб-сайт 1": null, "Веб-сайт 2": null, "ВКонтакте": null, "WhatsApp 1": null, "WhatsApp 2": null, "Viber": null, "Telegram 1": null, "Telegram 2": null, "YouTube": null, "Широта": 55.344045, "Долгота": 86.173666, "2GIS URL": "https://2gis.com/firm/704215723339522", "capacity": 152 }, "geometry": { "type": "Point", "coordinates": [ 86.173666, 55.344045 ] } },
{ "type": "Feature", "properties": { "Наименование": "Детский сад №94 общеразвивающего вида с приоритетным осуществлением деятельности по художественно-эстетическому направлению развития воспитанников", "Описание": null, "Рубрики": "Детские сады", "Адрес": "проспект Ленина, 122в", "Комментарий к адресу": null, "Почтовый индекс": 650023, "Микрорайон": null, "Район": "Ленинский район", "Город": "Кемерово", "Округ": "Кемеровский городской округ", "Регион": "Кемеровская область — Кузбасс", "Страна": "Россия", "Часы работы": "Пн: 07:00-19:00; Вт: 07:00-19:00; Ср: 07:00-19:00; Чт: 07:00-19:00; Пт: 07:00-19:00", "Часовой пояс": "+07:00", "Рейтинг": 2.1, "Количество отзывов": 1, "Телефон 1": "83842546229", "Телефон 2": "83842540143", "Телефон 3": null, "E-mail": null, "Веб-сайт 1": null, "Веб-сайт 2": null, "ВКонтакте": "https://vk.com/mbdou94", "WhatsApp 1": null, "WhatsApp 2": null, "Viber": null, "Telegram 1": null, "Telegram 2": null, "YouTube": null, "Широта": 55.34817, "Долгота": 86.150659, "2GIS URL": "https://2gis.com/firm/704215722754775", "capacity": 94 }, "geometry": { "type": "Point", "coordinates": [ 86.150659, 55.34817 ] } },
{ "type": "Feature", "properties": { "Наименование": "Детский сад №106 присмотра и оздоровления", "Описание": null, "Рубрики": "Детские сады", "Адрес": "Ленинградский проспект, 23г", "Комментарий к адресу": null, "Почтовый индекс": 650060, "Микрорайон": null, "Район": "Ленинский район", "Город": "Кемерово", "Округ": "Кемеровский городской округ", "Регион": "Кемеровская область — Кузбасс", "Страна": "Россия", "Часы работы": "Пн: 07:00-19:00; Вт: 07:00-19:00; Ср: 07:00-19:00; Чт: 07:00-19:00; Пт: 07:00-19:00", "Часовой пояс": "+07:00", "Рейтинг": 5.0, "Количество отзывов": 3, "Телефон 1": "83842514611", "Телефон 2": "83842513366", "Телефон 3": null, "E-mail": null, "Веб-сайт 1": "http://detsad106-kem.ucoz.net", "Веб-сайт 2": null, "ВКонтакте": "https://vk.com/public215954533", "WhatsApp 1": null, "WhatsApp 2": null, "Viber": null, "Telegram 1": null, "Telegram 2": null, "YouTube": null, "Широта": 55.347138, "Долгота": 86.171398, "2GIS URL": "https://2gis.com/firm/704215722754828", "capacity": 152 }, "geometry": { "type": "Point", "coordinates": [ 86.171398, 55.347138 ] } },
{ "type": "Feature", "properties": { "Наименование": "Детский сад №179", "Описание": null, "Рубрики": "Детские сады", "Адрес": "проспект Химиков, 19в", "Комментарий к адресу": null, "Почтовый индекс": 650003, "Микрорайон": null, "Район": "Ленинский район", "Город": "Кемерово", "Округ": "Кемеровский городской округ", "Регион": "Кемеровская область — Кузбасс", "Страна": "Россия", "Часы работы": "Пн: 07:00-19:00; Вт: 07:00-19:00; Ср: 07:00-19:00; Чт: 07:00-19:00; Пт: 07:00-19:00", "Часовой пояс": "+07:00", "Рейтинг": 4.3, "Количество отзывов": 6, "Телефон 1": "83842519501", "Телефон 2": null, "Телефон 3": null, "E-mail": null, "Веб-сайт 1": null, "Веб-сайт 2": null, "ВКонтакте": "https://vk.com/public212219792", "WhatsApp 1": null, "WhatsApp 2": null, "Viber": null, "Telegram 1": null, "Telegram 2": null, "YouTube": null, "Широта": 55.340943, "Долгота": 86.176084, "2GIS URL": "https://2gis.com/firm/704215722755051", "capacity": 140 }, "geometry": { "type": "Point", "coordinates": [ 86.176084, 55.340943 ] } },
{ "type": "Feature", "properties": { "Наименование": "Детский сад №25 общеразвивающего вида", "Описание": null, "Рубрики": "Детские сады", "Адрес": "Ворошилова, 6Б", "Комментарий к адресу": null, "Почтовый индекс": 650056, "Микрорайон": null, "Район": "Ленинский район", "Город": "Кемерово", "Округ": "Кемеровский городской округ", "Регион": "Кемеровская область — Кузбасс", "Страна": "Россия", "Часы работы": "Пн: 07:00-19:00; Вт: 07:00-19:00; Ср: 07:00-19:00; Чт: 07:00-19:00; Пт: 07:00-19:00", "Часовой пояс": "+07:00", "Рейтинг": 3.0, "Количество отзывов": 5, "Телефон 1": "83842512855", "Телефон 2": "83842515388", "Телефон 3": null, "E-mail": null, "Веб-сайт 1": "http://kemdetsad25.kemobl.ru", "Веб-сайт 2": null, "ВКонтакте": "https://vk.com/mbdou25kemerovo", "WhatsApp 1": null, "WhatsApp 2": null, "Viber": null, "Telegram 1": null, "Telegram 2": null, "YouTube": null, "Широта": 55.345386, "Долгота": 86.158623, "2GIS URL": "https://2gis.com/firm/704215722754726", "capacity": 140 }, "geometry": { "type": "Point", "coordinates": [ 86.158623, 55.345386 ] } },
{ "type": "Feature", "properties": { "Наименование": "Рябинка", "Описание": null, "Рубрики": "Детские сады", "Адрес": "Московский проспект, 9г", "Комментарий к адресу": null, "Почтовый индекс": 650023, "Микрорайон": null, "Район": "Центральный район", "Город": "Кемерово", "Округ": "Кемеровский городской округ", "Регион": "Кемеровская область — Кузбасс", "Страна": "Россия", "Часы работы": "Пн: 07:00-19:00; Вт: 07:00-19:00; Ср: 07:00-19:00; Чт: 07:00-19:00; Пт: 07:00-19:00", "Часовой пояс": "+07:00", "Рейтинг": 4.7, "Количество отзывов": 10, "Телефон 1": "83842358695", "Телефон 2": null, "Телефон 3": null, "E-mail": null, "Веб-сайт 1": "http://detsad192.ucoz.ru", "Веб-сайт 2": null, "ВКонтакте": "https://vk.com/public218298675", "WhatsApp 1": null, "WhatsApp 2": null, "Viber": null, "Telegram 1": null, "Telegram 2": null, "YouTube": null, "Широта": 55.350955, "Долгота": 86.145573, "2GIS URL": "https://2gis.com/firm/704215722755063", "capacity": 140 }, "geometry": { "type": "Point", "coordinates": [ 86.145573, 55.350955 ] } },
{ "type": "Feature", "properties": { "Наименование": "Центр развития ребенка Детский сад №36", "Описание": null, "Рубрики": "Детские сады", "Адрес": "проспект Ленина, 124а", "Комментарий к адресу": null, "Почтовый индекс": 650023, "Микрорайон": null, "Район": "Ленинский район", "Город": "Кемерово", "Округ": "Кемеровский городской округ", "Регион": "Кемеровская область — Кузбасс", "Страна": "Россия", "Часы работы": "Пн: 07:00-19:00; Вт: 07:00-19:00; Ср: 07:00-19:00; Чт: 07:00-19:00; Пт: 07:00-19:00", "Часовой пояс": "+07:00", "Рейтинг": 4.3, "Количество отзывов": 13, "Телефон 1": "83842535855", "Телефон 2": null, "Телефон 3": null, "E-mail": null, "Веб-сайт 1": "http://detsad36.kemobl.ru/", "Веб-сайт 2": null, "ВКонтакте": "https://vk.com/public214641461", "WhatsApp 1": null, "WhatsApp 2": null, "Viber": null, "Telegram 1": "https://t.me/madou36_kemerovo", "Telegram 2": null, "YouTube": null, "Широта": 55.347789, "Долгота": 86.152791, "2GIS URL": "https://2gis.com/firm/704215722754755", "capacity": 94 }, "geometry": { "type": "Point", "coordinates": [ 86.152791, 55.347789 ] } },
{ "type": "Feature", "properties": { "Наименование": "Детский сад общеразвивающего вида с приоритетным осуществлением деятельности по социально-личностному направлению развития воспитанников №33", "Описание": null, "Рубрики": "Детские сады", "Адрес": "Октябрьский проспект, 73Б", "Комментарий к адресу": null, "Почтовый индекс": 650023, "Микрорайон": null, "Район": "Ленинский район", "Город": "Кемерово", "Округ": "Кемеровский городской округ", "Регион": "Кемеровская область — Кузбасс", "Страна": "Россия", "Часы работы": "Пн: 07:00-19:00; Вт: 07:00-19:00; Ср: 07:00-19:00; Чт: 07:00-19:00; Пт: 07:00-19:00", "Часовой пояс": "+07:00", "Рейтинг": 4.9, "Количество отзывов": 111, "Телефон 1": "83842538644", "Телефон 2": null, "Телефон 3": null, "E-mail": null, "Веб-сайт 1": null, "Веб-сайт 2": null, "ВКонтакте": "https://vk.com/public212151969", "WhatsApp 1": null, "WhatsApp 2": null, "Viber": null, "Telegram 1": null, "Telegram 2": null, "YouTube": null, "Широта": 55.349371, "Долгота": 86.152014, "2GIS URL": "https://2gis.com/firm/704215722754752", "capacity": 94 }, "geometry": { "type": "Point", "coordinates": [ 86.152014, 55.349371 ] } },
{ "type": "Feature", "properties": { "Наименование": "Центр развития ребенка-детский сад №214", "Описание": null, "Рубрики": "Детские сады", "Адрес": "Ленинградский проспект, 38в", "Комментарий к адресу": null, "Почтовый индекс": 650003, "Микрорайон": null, "Район": "Ленинский район", "Город": "Кемерово", "Округ": "Кемеровский городской округ", "Регион": "Кемеровская область — Кузбасс", "Страна": "Россия", "Часы работы": "Пн: 07:00-19:00; Вт: 07:00-19:00; Ср: 07:00-19:00; Чт: 07:00-19:00; Пт: 07:00-19:00", "Часовой пояс": "+07:00", "Рейтинг": 4.2, "Количество отзывов": 9, "Телефон 1": "83842740632", "Телефон 2": "83842740631", "Телефон 3": null, "E-mail": null, "Веб-сайт 1": "http://mdou214kemerovo.kemobl.ru", "Веб-сайт 2": null, "ВКонтакте": "https://vk.com/public215954218", "WhatsApp 1": null, "WhatsApp 2": null, "Viber": null, "Telegram 1": "https://t.me/madou214kem", "Telegram 2": null, "YouTube": null, "Широта": 55.338292, "Долгота": 86.187349, "2GIS URL": "https://2gis.com/firm/704215722878833", "capacity": 281 }, "geometry": { "type": "Point", "coordinates": [ 86.187349, 55.338292 ] } },
{ "type": "Feature", "properties": { "Наименование": "Подснежник", "Описание": null, "Рубрики": "Детские сады", "Адрес": "улица Сибиряков-Гвардейцев, 304", "Комментарий к адресу": null, "Почтовый индекс": 650036, "Микрорайон": null, "Район": "Центральный район", "Город": "Кемерово", "Округ": "Кемеровский городской округ", "Регион": "Кемеровская область — Кузбасс", "Страна": "Россия", "Часы работы": "Пн: 07:00-19:00; Вт: 07:00-19:00; Ср: 07:00-19:00; Чт: 07:00-19:00; Пт: 07:00-19:00", "Часовой пояс": "+07:00", "Рейтинг": 5.0, "Количество отзывов": 5, "Телефон 1": "83842545211", "Телефон 2": null, "Телефон 3": null, "E-mail": null, "Веб-сайт 1": "http://mdou132-kem.ucoz.com", "Веб-сайт 2": null, "ВКонтакте": "https://vk.com/public215952864", "WhatsApp 1": null, "WhatsApp 2": null, "Viber": null, "Telegram 1": null, "Telegram 2": null, "YouTube": null, "Широта": 55.338148, "Долгота": 86.142204, "2GIS URL": "https://2gis.com/firm/704215722754868", "capacity": 45 }, "geometry": { "type": "Point", "coordinates": [ 86.142204, 55.338148 ] } },
{ "type": "Feature", "properties": { "Наименование": "Детский сад присмотра и оздоровления №173", "Описание": null, "Рубрики": "Детские сады", "Адрес": "Октябрьский проспект, 70а", "Комментарий к адресу": null, "Почтовый индекс": 650065, "Микрорайон": null, "Район": "Ленинский район", "Город": "Кемерово", "Округ": "Кемеровский городской округ", "Регион": "Кемеровская область — Кузбасс", "Страна": "Россия", "Часы работы": "Пн: 07:00-19:00; Вт: 07:00-19:00; Ср: 07:00-19:00; Чт: 07:00-19:00; Пт: 07:00-19:00", "Часовой пояс": "+07:00", "Рейтинг": 5.0, "Количество отзывов": 2, "Телефон 1": "83842519456", "Телефон 2": null, "Телефон 3": null, "E-mail": null, "Веб-сайт 1": null, "Веб-сайт 2": null, "ВКонтакте": "https://vk.com/club215974465", "WhatsApp 1": null, "WhatsApp 2": null, "Viber": null, "Telegram 1": null, "Telegram 2": null, "YouTube": null, "Широта": 55.355851, "Долгота": 86.163468, "2GIS URL": "https://2gis.com/firm/704215722755028", "capacity": 115 }, "geometry": { "type": "Point", "coordinates": [ 86.163468, 55.355851 ] } },
{ "type": "Feature", "properties": { "Наименование": "Дельфинчик", "Описание": null, "Рубрики": "Детские сады", "Адрес": "улица Терешковой, 34а", "Комментарий к адресу": null, "Почтовый индекс": 650036, "Микрорайон": null, "Район": "Центральный район", "Город": "Кемерово", "Округ": "Кемеровский городской округ", "Регион": "Кемеровская область — Кузбасс", "Страна": "Россия", "Часы работы": "Пн: 07:00-19:00; Вт: 07:00-19:00; Ср: 07:00-19:00; Чт: 07:00-19:00; Пт: 07:00-19:00", "Часовой пояс": "+07:00", "Рейтинг": 3.6, "Количество отзывов": 7, "Телефон 1": "83842542370", "Телефон 2": null, "Телефон 3": null, "E-mail": null, "Веб-сайт 1": null, "Веб-сайт 2": null, "ВКонтакте": null, "WhatsApp 1": null, "WhatsApp 2": null, "Viber": null, "Telegram 1": "https://t.me/+6aabKl48LY84Yzcy", "Telegram 2": null, "YouTube": null, "Широта": 55.3433, "Долгота": 86.13981, "2GIS URL": "https://2gis.com/firm/704215722754843", "capacity": 147 }, "geometry": { "type": "Point", "coordinates": [ 86.13981, 55.3433 ] } },
{ "type": "Feature", "properties": { "Наименование": "Улыбка", "Описание": null, "Рубрики": "Детские сады", "Адрес": "Московский проспект, 9в", "Комментарий к адресу": null, "Почтовый индекс": 650023, "Микрорайон": null, "Район": "Центральный район", "Город": "Кемерово", "Округ": "Кемеровский городской округ", "Регион": "Кемеровская область — Кузбасс", "Страна": "Россия", "Часы работы": "Пн: 07:00-19:00; Вт: 07:00-19:00; Ср: 07:00-19:00; Чт: 07:00-19:00; Пт: 07:00-19:00", "Часовой пояс": "+07:00", "Рейтинг": 5.0, "Количество отзывов": 3, "Телефон 1": "83842358680", "Телефон 2": null, "Телефон 3": null, "E-mail": null, "Веб-сайт 1": "http://madou198.ucoz.net", "Веб-сайт 2": null, "ВКонтакте": "https://vk.com/id621872625", "WhatsApp 1": null, "WhatsApp 2": null, "Viber": null, "Telegram 1": null, "Telegram 2": null, "YouTube": null, "Широта": 55.35159, "Долгота": 86.145558, "2GIS URL": "https://2gis.com/firm/704215722877283", "capacity": 140 }, "geometry": { "type": "Point", "coordinates": [ 86.145558, 55.35159 ] } },
{ "type": "Feature", "properties": { "Наименование": "Детский сад №133 общеразвивающего вида", "Описание": null, "Рубрики": "Детские сады", "Адрес": "проспект Ленина, 104а", "Комментарий к адресу": null, "Почтовый индекс": 650023, "Микрорайон": null, "Район": "Центральный район", "Город": "Кемерово", "Округ": "Кемеровский городской округ", "Регион": "Кемеровская область — Кузбасс", "Страна": "Россия", "Часы работы": "Пн: 07:00-19:00; Вт: 07:00-19:00; Ср: 07:00-19:00; Чт: 07:00-19:00; Пт: 07:00-19:00", "Часовой пояс": "+07:00", "Рейтинг": 4.7, "Количество отзывов": 3, "Телефон 1": "83842540831", "Телефон 2": null, "Телефон 3": null, "E-mail": null, "Веб-сайт 1": "http://dou133.ucoz.net", "Веб-сайт 2": null, "ВКонтакте": "https://vk.com/public215955980", "WhatsApp 1": null, "WhatsApp 2": null, "Viber": null, "Telegram 1": null, "Telegram 2": null, "YouTube": null, "Широта": 55.34648, "Долгота": 86.142579, "2GIS URL": "https://2gis.com/firm/704215722754870", "capacity": 110 }, "geometry": { "type": "Point", "coordinates": [ 86.142579, 55.34648 ] } },
{ "type": "Feature", "properties": { "Наименование": "Умка", "Описание": "детский сад №167", "Рубрики": "Детские сады", "Адрес": "Октябрьский проспект, 81Б", "Комментарий к адресу": null, "Почтовый индекс": 650065, "Микрорайон": null, "Район": "Ленинский район", "Город": "Кемерово", "Округ": "Кемеровский городской округ", "Регион": "Кемеровская область — Кузбасс", "Страна": "Россия", "Часы работы": "Пн: 07:00-19:00; Вт: 07:00-19:00; Ср: 07:00-19:00; Чт: 07:00-19:00; Пт: 07:00-19:00", "Часовой пояс": "+07:00", "Рейтинг": 4.9, "Количество отзывов": 28, "Телефон 1": "83842518583", "Телефон 2": "83842518838", "Телефон 3": null, "E-mail": null, "Веб-сайт 1": "http://umka167.ru", "Веб-сайт 2": null, "ВКонтакте": "https://vk.com/public215973003", "WhatsApp 1": null, "WhatsApp 2": null, "Viber": null, "Telegram 1": "https://t.me/umka167", "Telegram 2": null, "YouTube": null, "Широта": 55.352166, "Долгота": 86.163195, "2GIS URL": "https://2gis.com/firm/704215723008156", "capacity": 150 }, "geometry": { "type": "Point", "coordinates": [ 86.163195, 55.352166 ] } },
{ "type": "Feature", "properties": { "Наименование": "Детский сад №201 компенсирующего вида", "Описание": null, "Рубрики": "Детские сады", "Адрес": "Ленинградский проспект, 49а", "Комментарий к адресу": null, "Почтовый индекс": 650003, "Микрорайон": null, "Район": "Ленинский район", "Город": "Кемерово", "Округ": "Кемеровский городской округ", "Регион": "Кемеровская область — Кузбасс", "Страна": "Россия", "Часы работы": "Пн: 07:00-19:00; Вт: 07:00-19:00; Ср: 07:00-19:00; Чт: 07:00-19:00; Пт: 07:00-19:00", "Часовой пояс": "+07:00", "Рейтинг": 3.4, "Количество отзывов": 5, "Телефон 1": "83842730759", "Телефон 2": null, "Телефон 3": null, "E-mail": null, "Веб-сайт 1": null, "Веб-сайт 2": null, "ВКонтакте": "https://vk.com/public215954646", "WhatsApp 1": null, "WhatsApp 2": null, "Viber": null, "Telegram 1": "https://t.me/mbdou201_kemerovo", "Telegram 2": null, "YouTube": null, "Широта": 55.337112, "Долгота": 86.18242, "2GIS URL": "https://2gis.com/firm/704215722755081", "capacity": 140 }, "geometry": { "type": "Point", "coordinates": [ 86.18242, 55.337112 ] } },
{ "type": "Feature", "properties": { "Наименование": "Крепыш", "Описание": null, "Рубрики": "Детские сады", "Адрес": "Октябрьский проспект, 91а", "Комментарий к адресу": "1 этаж", "Почтовый индекс": 650065, "Микрорайон": null, "Район": "Ленинский район", "Город": "Кемерово", "Округ": "Кемеровский городской округ", "Регион": "Кемеровская область — Кузбасс", "Страна": "Россия", "Часы работы": "Пн: 07:00-19:00; Вт: 07:00-19:00; Ср: 07:00-19:00; Чт: 07:00-19:00; Пт: 07:00-19:00", "Часовой пояс": "+07:00", "Рейтинг": 3.5, "Количество отзывов": 6, "Телефон 1": "83842516555", "Телефон 2": null, "Телефон 3": null, "E-mail": null, "Веб-сайт 1": null, "Веб-сайт 2": null, "ВКонтакте": "https://vk.com/public214589026", "WhatsApp 1": null, "WhatsApp 2": null, "Viber": null, "Telegram 1": null, "Telegram 2": null, "YouTube": null, "Широта": 55.353569, "Долгота": 86.165657, "2GIS URL": "https://2gis.com/firm/704215722755027", "capacity": 92 }, "geometry": { "type": "Point", "coordinates": [ 86.165657, 55.353569 ] } },
{ "type": "Feature", "properties": { "Наименование": "Детский сад №20 комбинированного вида", "Описание": null, "Рубрики": "Детские сады", "Адрес": "Волгоградская, 26Б", "Комментарий к адресу": null, "Почтовый индекс": 650056, "Микрорайон": null, "Район": "Ленинский район", "Город": "Кемерово", "Округ": "Кемеровский городской округ", "Регион": "Кемеровская область — Кузбасс", "Страна": "Россия", "Часы работы": "Пн: 07:00-19:00; Вт: 07:00-19:00; Ср: 07:00-19:00; Чт: 07:00-19:00; Пт: 07:00-19:00", "Часовой пояс": "+07:00", "Рейтинг": 4.3, "Количество отзывов": 16, "Телефон 1": "83842541518", "Телефон 2": "83842545945", "Телефон 3": "83842542711", "E-mail": null, "Веб-сайт 1": "http://madou20.kemobl.ru", "Веб-сайт 2": null, "ВКонтакте": "https://vk.com/dsadgull", "WhatsApp 1": null, "WhatsApp 2": null, "Viber": null, "Telegram 1": null, "Telegram 2": null, "YouTube": null, "Широта": 55.343363, "Долгота": 86.15293, "2GIS URL": "https://2gis.com/firm/704215723329627", "capacity": 225 }, "geometry": { "type": "Point", "coordinates": [ 86.15293, 55.343363 ] } },
{ "type": "Feature", "properties": { "Наименование": "Теремок", "Описание": "детский сад №135", "Рубрики": "Детские сады", "Адрес": "проспект Ленина, 112а", "Комментарий к адресу": null, "Почтовый индекс": 650023, "Микрорайон": null, "Район": "Центральный район", "Город": "Кемерово", "Округ": "Кемеровский городской округ", "Регион": "Кемеровская область — Кузбасс", "Страна": "Россия", "Часы работы": "Пн: 07:00-19:00; Вт: 07:00-19:00; Ср: 07:00-19:00; Чт: 07:00-19:00; Пт: 07:00-19:00", "Часовой пояс": "+07:00", "Рейтинг": 5.0, "Количество отзывов": 5, "Телефон 1": "83842357400", "Телефон 2": null, "Телефон 3": null, "E-mail": null, "Веб-сайт 1": null, "Веб-сайт 2": null, "ВКонтакте": null, "WhatsApp 1": null, "WhatsApp 2": null, "Viber": null, "Telegram 1": null, "Telegram 2": null, "YouTube": null, "Широта": 55.346701, "Долгота": 86.145924, "2GIS URL": "https://2gis.com/firm/704215722754871", "capacity": 141 }, "geometry": { "type": "Point", "coordinates": [ 86.145924, 55.346701 ] } },
{ "type": "Feature", "properties": { "Наименование": "Детская академия", "Описание": null, "Рубрики": "Частные детские сады; Центры раннего развития детей", "Адрес": "бульвар Строителей, 28/1", "Комментарий к адресу": "1 этаж", "Почтовый индекс": 650060, "Микрорайон": null, "Район": "Ленинский район", "Город": "Кемерово", "Округ": "Кемеровский городской округ", "Регион": "Кемеровская область — Кузбасс", "Страна": "Россия", "Часы работы": "Пн: 09:00-19:00; Вт: 09:00-19:00; Ср: 09:00-19:00; Чт: 09:00-19:00; Пт: 09:00-19:00; Сб: 09:00-19:00", "Часовой пояс": "+07:00", "Рейтинг": 5.0, "Количество отзывов": 11, "Телефон 1": "83842335505 (единая справочная: пн-вс 9:00-21:00)", "Телефон 2": null, "Телефон 3": null, "E-mail": "da.kemerovo@mail.ru", "Веб-сайт 1": "http://api.whatsapp.com/send/?phone=79029835505&text=%D0%97%D0%B4%D1%80%D0%B0%D0%B2%D1%81%D1%82%D0%B2%D1%83%D0%B9%D1%82%D0%B5!%0A%0A%D0%9C%D0%BD%D0%B5+%D0%B8%D0%BD%D1%82%D0%B5%D1%80%D0%B5%D1%81%D0%BD%D0%BE!%0A%0A%D0%A1%D0%B2%D1%8F%D0%B6%D0%B8%D1%82%D0%B5%D1%81%D1%8C+%D1%81%D0%BE+%D0%BC%D0%BD%D0%BE%D0%B9.%0A%0A&type=phone_number&app_absent=0", "Веб-сайт 2": null, "ВКонтакте": "https://vk.com/derzkiy.sadik", "WhatsApp 1": null, "WhatsApp 2": null, "Viber": null, "Telegram 1": null, "Telegram 2": null, "YouTube": null, "Широта": 55.345478, "Долгота": 86.167894, "2GIS URL": "https://2gis.com/firm/704215722809179", "capacity": 25 }, "geometry": { "type": "Point", "coordinates": [ 86.167894, 55.345478 ] } },
{ "type": "Feature", "properties": { "Наименование": "Умка", "Описание": "детский центр", "Рубрики": "Частные детские сады; Центры раннего развития детей; Детские / подростковые клубы", "Адрес": "улица Терешковой, 18Б", "Комментарий к адресу": "1 этаж", "Почтовый индекс": 650023, "Микрорайон": null, "Район": "Центральный район", "Город": "Кемерово", "Округ": "Кемеровский городской округ", "Регион": "Кемеровская область — Кузбасс", "Страна": "Россия", "Часы работы": "Пн: 09:00-20:00; Вт: 09:00-20:00; Ср: 09:00-20:00; Чт: 09:00-20:00; Пт: 09:00-20:00; Сб: 09:00-20:00", "Часовой пояс": "+07:00", "Рейтинг": 4.6, "Количество отзывов": 30, "Телефон 1": "83842332332 (единый номер - пн-сб 9:00-19:00)", "Телефон 2": "89029832332 (единый номер - пн-вс 9:00-20:00)", "Телефон 3": null, "E-mail": null, "Веб-сайт 1": "http://umka42.ru", "Веб-сайт 2": null, "ВКонтакте": "https://vk.com/club40527424", "WhatsApp 1": "https://wa.me/79029832332", "WhatsApp 2": null, "Viber": null, "Telegram 1": "https://t.me/umkakemerovo", "Telegram 2": null, "YouTube": null, "Широта": 55.351468, "Долгота": 86.137799, "2GIS URL": "https://2gis.com/firm/704216723079030", "capacity": 35 }, "geometry": { "type": "Point", "coordinates": [ 86.137799, 55.351468 ] } },
{ "type": "Feature", "properties": { "Наименование": "Fenomena.space", "Описание": "частная школа", "Рубрики": "Частные детские сады; Школы; Центры раннего развития детей", "Адрес": "Октябрьский проспект, 38", "Комментарий к адресу": "1 этаж", "Почтовый индекс": 650023, "Микрорайон": null, "Район": "Центральный район", "Город": "Кемерово", "Округ": "Кемеровский городской округ", "Регион": "Кемеровская область — Кузбасс", "Страна": "Россия", "Часы работы": "Пн: 09:00-17:00; Вт: 09:00-17:00; Ср: 09:00-17:00; Чт: 09:00-17:00; Пт: 09:00-17:00", "Часовой пояс": "+07:00", "Рейтинг": 4.7, "Количество отзывов": 19, "Телефон 1": "89001055005", "Телефон 2": null, "Телефон 3": null, "E-mail": null, "Веб-сайт 1": "http://fenomena.space", "Веб-сайт 2": null, "ВКонтакте": null, "WhatsApp 1": "https://wa.me/79001055005", "WhatsApp 2": null, "Viber": null, "Telegram 1": null, "Telegram 2": null, "YouTube": null, "Широта": 55.349289, "Долгота": 86.140558, "2GIS URL": "https://2gis.com/firm/70000001047897711", "capacity": 35 }, "geometry": { "type": "Point", "coordinates": [ 86.140558, 55.349289 ] } },
{ "type": "Feature", "properties": { "Наименование": "Bambika-club", "Описание": null, "Рубрики": "Частные детские сады; Центры раннего развития детей; Услуги логопеда", "Адрес": "Московский проспект, 12", "Комментарий к адресу": "1 этаж", "Почтовый индекс": 650023, "Микрорайон": null, "Район": "Центральный район", "Город": "Кемерово", "Округ": "Кемеровский городской округ", "Регион": "Кемеровская область — Кузбасс", "Страна": "Россия", "Часы работы": "Пн: 07:30-19:00; Вт: 07:30-19:00; Ср: 07:30-19:00; Чт: 07:30-19:00; Пт: 07:30-19:00", "Часовой пояс": "+07:00", "Рейтинг": 5.0, "Количество отзывов": 10, "Телефон 1": "89235322111", "Телефон 2": null, "Телефон 3": null, "E-mail": "bambini.kemerovo@gmail.com", "Веб-сайт 1": "http://kembambika.ru", "Веб-сайт 2": null, "ВКонтакте": "https://vk.com/kemerovo.bambikaclub", "WhatsApp 1": "https://wa.me/79235322111", "WhatsApp 2": null, "Viber": null, "Telegram 1": "https://t.me/bambikakemerovo", "Telegram 2": null, "YouTube": null, "Широта": 55.354259, "Долгота": 86.144442, "2GIS URL": "https://2gis.com/firm/70000001065610878", "capacity": 35 }, "geometry": { "type": "Point", "coordinates": [ 86.144442, 55.354259 ] } },
{ "type": "Feature", "properties": { "Наименование": "Эврика", "Описание": "частная школа", "Рубрики": "Частные детские сады; Детские / подростковые клубы; Центры раннего развития детей; Школы; Детские лагеря", "Адрес": "бульвар Строителей, 25г", "Комментарий к адресу": "1 этаж", "Почтовый индекс": 650056, "Микрорайон": null, "Район": "Ленинский район", "Город": "Кемерово", "Округ": "Кемеровский городской округ", "Регион": "Кемеровская область — Кузбасс", "Страна": "Россия", "Часы работы": "Пн: 09:00-20:00; Вт: 09:00-20:00; Ср: 09:00-20:00; Чт: 09:00-20:00; Пт: 09:00-20:00; Сб: 10:00-16:00", "Часовой пояс": "+07:00", "Рейтинг": 4.9, "Количество отзывов": 20, "Телефон 1": "83842259747", "Телефон 2": "89588517747", "Телефон 3": null, "E-mail": null, "Веб-сайт 1": "http://evrika42.ru", "Веб-сайт 2": null, "ВКонтакте": "https://vk.com/evrika.kemerovo", "WhatsApp 1": "https://wa.me/79588517747", "WhatsApp 2": null, "Viber": "viber://chat/?number=79588517747", "Telegram 1": "https://t.me/evrikakemerovo", "Telegram 2": "https://t.me/+79588517747", "YouTube": null, "Широта": 55.34381, "Долгота": 86.162711, "2GIS URL": "https://2gis.com/firm/70000001028072621", "capacity": 25 }, "geometry": { "type": "Point", "coordinates": [ 86.162711, 55.34381 ] } },
{ "type": "Feature", "properties": { "Наименование": "Гнездышко", "Описание": "дошкольное отделение", "Рубрики": "Частные детские сады", "Адрес": "Комсомольский проспект, 55", "Комментарий к адресу": null, "Почтовый индекс": 650003, "Микрорайон": null, "Район": "Ленинский район", "Город": "Кемерово", "Округ": "Кемеровский городской округ", "Регион": "Кемеровская область — Кузбасс", "Страна": "Россия", "Часы работы": "Пн: 08:00-19:00; Вт: 08:00-19:00; Ср: 08:00-19:00; Чт: 08:00-19:00; Пт: 08:00-19:00", "Часовой пояс": "+07:00", "Рейтинг": 4.8, "Количество отзывов": 6, "Телефон 1": "83842737910", "Телефон 2": null, "Телефон 3": null, "E-mail": null, "Веб-сайт 1": null, "Веб-сайт 2": null, "ВКонтакте": "https://vk.com/detskiy_sad_kemerovo", "WhatsApp 1": null, "WhatsApp 2": null, "Viber": null, "Telegram 1": null, "Telegram 2": null, "YouTube": null, "Широта": 55.341134, "Долгота": 86.189948, "2GIS URL": "https://2gis.com/firm/70000001038482951", "capacity": 281 }, "geometry": { "type": "Point", "coordinates": [ 86.189948, 55.341134 ] } },
{ "type": "Feature", "properties": { "Наименование": "Кораблик Детства", "Описание": "центр гармоничного развития ребенка", "Рубрики": "Частные детские сады; Центры раннего развития детей", "Адрес": "Московский проспект, 4", "Комментарий к адресу": "1 этаж", "Почтовый индекс": 650023, "Микрорайон": null, "Район": "Центральный район", "Город": "Кемерово", "Округ": "Кемеровский городской округ", "Регион": "Кемеровская область — Кузбасс", "Страна": "Россия", "Часы работы": "Пн: 07:00-19:00; Вт: 07:00-19:00; Ср: 07:00-19:00; Чт: 07:00-19:00; Пт: 07:00-19:00", "Часовой пояс": "+07:00", "Рейтинг": 4.0, "Количество отзывов": 7, "Телефон 1": "89609108497 (единый номер: пн-пт 7:00-19:00)", "Телефон 2": "89511806924 (единый номер: пн-пт 7:00-19:00)", "Телефон 3": null, "E-mail": null, "Веб-сайт 1": "http://childhoodboat.turbo.site", "Веб-сайт 2": null, "ВКонтакте": "https://vk.com/korablikdetstwa", "WhatsApp 1": "https://wa.me/79511806924", "WhatsApp 2": null, "Viber": null, "Telegram 1": null, "Telegram 2": null, "YouTube": null, "Широта": 55.352719, "Долгота": 86.139777, "2GIS URL": "https://2gis.com/firm/70000001067266013", "capacity": 35 }, "geometry": { "type": "Point", "coordinates": [ 86.139777, 55.352719 ] } },
{ "type": "Feature", "properties": { "Наименование": "Детки конфетки", "Описание": "частный детский сад", "Рубрики": "Частные детские сады", "Адрес": "бульвар Строителей, 25г", "Комментарий к адресу": "1 этаж", "Почтовый индекс": 650056, "Микрорайон": null, "Район": "Ленинский район", "Город": "Кемерово", "Округ": "Кемеровский городской округ", "Регион": "Кемеровская область — Кузбасс", "Страна": "Россия", "Часы работы": "Пн: 07:00-19:00; Вт: 07:00-19:00; Ср: 07:00-19:00; Чт: 07:00-19:00; Пт: 07:00-19:00", "Часовой пояс": "+07:00", "Рейтинг": 4.8, "Количество отзывов": 22, "Телефон 1": "89089322050", "Телефон 2": null, "Телефон 3": null, "E-mail": null, "Веб-сайт 1": null, "Веб-сайт 2": null, "ВКонтакте": null, "WhatsApp 1": "https://wa.me/79089322050", "WhatsApp 2": null, "Viber": "viber://chat/?number=79089322050", "Telegram 1": null, "Telegram 2": null, "YouTube": null, "Широта": 55.343984, "Долгота": 86.16329, "2GIS URL": "https://2gis.com/firm/70000001044383830", "capacity": 25 }, "geometry": { "type": "Point", "coordinates": [ 86.16329, 55.343984 ] } },
{ "type": "Feature", "properties": { "Наименование": "Крошка", "Описание": "частный детский сад", "Рубрики": "Частные детские сады", "Адрес": "Ленинградский проспект, 23", "Комментарий к адресу": "4 офис", "Почтовый индекс": 650060, "Микрорайон": null, "Район": "Ленинский район", "Город": "Кемерово", "Округ": "Кемеровский городской округ", "Регион": "Кемеровская область — Кузбасс", "Страна": "Россия", "Часы работы": "Пн: 07:00-19:00; Вт: 07:00-19:00; Ср: 07:00-19:00; Чт: 07:00-19:00; Пт: 07:00-19:00", "Часовой пояс": "+07:00", "Рейтинг": 5.0, "Количество отзывов": 2, "Телефон 1": null, "Телефон 2": null, "Телефон 3": null, "E-mail": null, "Веб-сайт 1": null, "Веб-сайт 2": null, "ВКонтакте": null, "WhatsApp 1": null, "WhatsApp 2": null, "Viber": null, "Telegram 1": null, "Telegram 2": null, "YouTube": null, "Широта": 55.348057, "Долгота": 86.173943, "2GIS URL": "https://2gis.com/firm/70000001079605258", "capacity": 25 }, "geometry": { "type": "Point", "coordinates": [ 86.173943, 55.348057 ] } },
{ "type": "Feature", "properties": { "Наименование": "Зоренька", "Описание": null, "Рубрики": "Детские сады", "Адрес": "проспект Ленина, 86Б", "Комментарий к адресу": null, "Почтовый индекс": 650066, "Микрорайон": null, "Район": "Центральный район", "Город": "Кемерово", "Округ": "Кемеровский городской округ", "Регион": "Кемеровская область — Кузбасс", "Страна": "Россия", "Часы работы": "Пн: 07:00-19:00; Вт: 07:00-19:00; Ср: 07:00-19:00; Чт: 07:00-19:00; Пт: 07:00-19:00", "Часовой пояс": "+07:00", "Рейтинг": 5.0, "Количество отзывов": 4, "Телефон 1": "83842574073", "Телефон 2": "83842574004", "Телефон 3": null, "E-mail": null, "Веб-сайт 1": "http://madou157kem.ucoz.ru", "Веб-сайт 2": null, "ВКонтакте": "https://vk.com/detsad_kem157", "WhatsApp 1": null, "WhatsApp 2": null, "Viber": null, "Telegram 1": null, "Telegram 2": null, "YouTube": null, "Широта": 55.346391, "Долгота": 86.12491, "2GIS URL": "https://2gis.com/firm/704215722754909", "capacity": 160 }, "geometry": { "type": "Point", "coordinates": [ 86.12491, 55.346391 ] } },
{ "type": "Feature", "properties": { "Наименование": "Рябинка", "Описание": "детский сад №156 общеразвивающего вида", "Рубрики": "Детские сады", "Адрес": "Октябрьский проспект, 45", "Комментарий к адресу": null, "Почтовый индекс": 650066, "Микрорайон": null, "Район": "Центральный район", "Город": "Кемерово", "Округ": "Кемеровский городской округ", "Регион": "Кемеровская область — Кузбасс", "Страна": "Россия", "Часы работы": "Пн: 07:00-19:00; Вт: 07:00-19:00; Ср: 07:00-19:00; Чт: 07:00-19:00; Пт: 07:00-19:00", "Часовой пояс": "+07:00", "Рейтинг": 4.3, "Количество отзывов": 11, "Телефон 1": "83842574070", "Телефон 2": null, "Телефон 3": null, "E-mail": null, "Веб-сайт 1": "http://mdou156ribinka.ucoz.ru", "Веб-сайт 2": "http://mdou156ribinka.kemobl.ru/", "ВКонтакте": "https://vk.com/mbdou_156", "WhatsApp 1": null, "WhatsApp 2": null, "Viber": null, "Telegram 1": null, "Telegram 2": null, "YouTube": null, "Широта": 55.346923, "Долгота": 86.124896, "2GIS URL": "https://2gis.com/firm/704215722754902", "capacity": 160 }, "geometry": { "type": "Point", "coordinates": [ 86.124896, 55.346923 ] } },
{ "type": "Feature", "properties": { "Наименование": "Замок детства", "Описание": "детский сад №28", "Рубрики": "Детские сады", "Адрес": "Заречная 1-я, 7", "Комментарий к адресу": null, "Почтовый индекс": 650066, "Микрорайон": null, "Район": "Центральный район", "Город": "Кемерово", "Округ": "Кемеровский городской округ", "Регион": "Кемеровская область — Кузбасс", "Страна": "Россия", "Часы работы": "Пн: 07:00-19:00; Вт: 07:00-19:00; Ср: 07:00-19:00; Чт: 07:00-19:00; Пт: 07:00-19:00", "Часовой пояс": "+07:00", "Рейтинг": 4.2, "Количество отзывов": 6, "Телефон 1": "83842657218", "Телефон 2": null, "Телефон 3": null, "E-mail": null, "Веб-сайт 1": "http://www.detsadkem-citi.ucoz.ru", "Веб-сайт 2": null, "ВКонтакте": "https://vk.com/public215976577", "WhatsApp 1": null, "WhatsApp 2": null, "Viber": null, "Telegram 1": null, "Telegram 2": null, "YouTube": null, "Широта": 55.352676, "Долгота": 86.11816, "2GIS URL": "https://2gis.com/firm/70000001046846734", "capacity": 344 }, "geometry": { "type": "Point", "coordinates": [ 86.11816, 55.352676 ] } },
{ "type": "Feature", "properties": { "Наименование": "Детский сад №151", "Описание": null, "Рубрики": "Детские сады", "Адрес": "Октябрьский проспект, 29", "Комментарий к адресу": null, "Почтовый индекс": 650066, "Микрорайон": null, "Район": "Центральный район", "Город": "Кемерово", "Округ": "Кемеровский городской округ", "Регион": "Кемеровская область — Кузбасс", "Страна": "Россия", "Часы работы": "Пн: 07:00-19:00; Вт: 07:00-19:00; Ср: 07:00-19:00; Чт: 07:00-19:00; Пт: 07:00-19:00", "Часовой пояс": "+07:00", "Рейтинг": 3.0, "Количество отзывов": 2, "Телефон 1": "83842524329", "Телефон 2": null, "Телефон 3": null, "E-mail": null, "Веб-сайт 1": "http://kemdou151.ru", "Веб-сайт 2": null, "ВКонтакте": "https://vk.com/public215954267", "WhatsApp 1": null, "WhatsApp 2": null, "Viber": null, "Telegram 1": null, "Telegram 2": null, "YouTube": null, "Широта": 55.347062, "Долгота": 86.118635, "2GIS URL": "https://2gis.com/firm/704215722754891", "capacity": 156 }, "geometry": { "type": "Point", "coordinates": [ 86.118635, 55.347062 ] } },
{ "type": "Feature", "properties": { "Наименование": "Ёлочка", "Описание": null, "Рубрики": "Детские сады", "Адрес": "проспект Ленина, 68а", "Комментарий к адресу": null, "Почтовый индекс": 650066, "Микрорайон": null, "Район": "Центральный район", "Город": "Кемерово", "Округ": "Кемеровский городской округ", "Регион": "Кемеровская область — Кузбасс", "Страна": "Россия", "Часы работы": "Пн: 07:00-19:00; Вт: 07:00-19:00; Ср: 07:00-19:00; Чт: 07:00-19:00; Пт: 07:00-19:00", "Часовой пояс": "+07:00", "Рейтинг": 3.2, "Количество отзывов": 5, "Телефон 1": "83842524510", "Телефон 2": null, "Телефон 3": null, "E-mail": null, "Веб-сайт 1": null, "Веб-сайт 2": null, "ВКонтакте": "https://vk.com/public205237959", "WhatsApp 1": null, "WhatsApp 2": null, "Viber": null, "Telegram 1": null, "Telegram 2": null, "YouTube": null, "Широта": 55.345989, "Долгота": 86.111401, "2GIS URL": "https://2gis.com/firm/704215722754814", "capacity": 150 }, "geometry": { "type": "Point", "coordinates": [ 86.111401, 55.345989 ] } },
{ "type": "Feature", "properties": { "Наименование": "Абвгдейка", "Описание": "детский сад №28", "Рубрики": "Детские сады", "Адрес": "Притомский проспект, 7/7", "Комментарий к адресу": "1 этаж", "Почтовый индекс": 650066, "Микрорайон": null, "Район": "Центральный район", "Город": "Кемерово", "Округ": "Кемеровский городской округ", "Регион": "Кемеровская область — Кузбасс", "Страна": "Россия", "Часы работы": "Пн: 07:00-19:00; Вт: 07:00-19:00; Ср: 07:00-19:00; Чт: 07:00-19:00; Пт: 07:00-19:00", "Часовой пояс": "+07:00", "Рейтинг": 5.0, "Количество отзывов": 8, "Телефон 1": "83842452497", "Телефон 2": "83842452498", "Телефон 3": null, "E-mail": null, "Веб-сайт 1": "http://www.detsadkem-citi.ucoz.ru", "Веб-сайт 2": null, "ВКонтакте": "https://vk.com/public215976577", "WhatsApp 1": null, "WhatsApp 2": null, "Viber": null, "Telegram 1": null, "Telegram 2": null, "YouTube": null, "Широта": 55.35381, "Долгота": 86.113857, "2GIS URL": "https://2gis.com/firm/70000001007488585", "capacity": 35 }, "geometry": { "type": "Point", "coordinates": [ 86.113857, 55.35381 ] } },
{ "type": "Feature", "properties": { "Наименование": "Калинка", "Описание": "детский сад общеразвивающего вида №153", "Рубрики": "Детские сады", "Адрес": "Спортивная, 32", "Комментарий к адресу": null, "Почтовый индекс": 650066, "Микрорайон": null, "Район": "Центральный район", "Город": "Кемерово", "Округ": "Кемеровский городской округ", "Регион": "Кемеровская область — Кузбасс", "Страна": "Россия", "Часы работы": "Пн: 07:00-19:00; Вт: 07:00-19:00; Ср: 07:00-19:00; Чт: 07:00-19:00; Пт: 07:00-19:00", "Часовой пояс": "+07:00", "Рейтинг": 4.3, "Количество отзывов": 21, "Телефон 1": "83842720456", "Телефон 2": null, "Телефон 3": null, "E-mail": null, "Веб-сайт 1": null, "Веб-сайт 2": null, "ВКонтакте": "https://vk.com/public215953826", "WhatsApp 1": null, "WhatsApp 2": null, "Viber": null, "Telegram 1": null, "Telegram 2": null, "YouTube": null, "Широта": 55.342879, "Долгота": 86.110228, "2GIS URL": "https://2gis.com/firm/704215722754893", "capacity": 205 }, "geometry": { "type": "Point", "coordinates": [ 86.110228, 55.342879 ] } },
{ "type": "Feature", "properties": { "Наименование": "Планета открытий", "Описание": null, "Рубрики": "Детские сады", "Адрес": "Заречная 1-я, 5", "Комментарий к адресу": null, "Почтовый индекс": 650066, "Микрорайон": null, "Район": "Центральный район", "Город": "Кемерово", "Округ": "Кемеровский городской округ", "Регион": "Кемеровская область — Кузбасс", "Страна": "Россия", "Часы работы": "Пн: 07:00-19:00; Вт: 07:00-19:00; Ср: 07:00-19:00; Чт: 07:00-19:00; Пт: 07:00-19:00", "Часовой пояс": "+07:00", "Рейтинг": 4.0, "Количество отзывов": 3, "Телефон 1": "83842369660", "Телефон 2": null, "Телефон 3": null, "E-mail": null, "Веб-сайт 1": "http://mdou97-kem.ucoz.ru", "Веб-сайт 2": null, "ВКонтакте": "https://vk.com/madou_97", "WhatsApp 1": null, "WhatsApp 2": null, "Viber": null, "Telegram 1": null, "Telegram 2": null, "YouTube": null, "Широта": 55.352554, "Долгота": 86.116466, "2GIS URL": "https://2gis.com/firm/70000001069062053", "capacity": 344 }, "geometry": { "type": "Point", "coordinates": [ 86.116466, 55.352554 ] } },
{ "type": "Feature", "properties": { "Наименование": "Теремок", "Описание": null, "Рубрики": "Детские сады", "Адрес": "Пролетарская, 8а", "Комментарий к адресу": null, "Почтовый индекс": 650055, "Микрорайон": null, "Район": "Заводский район", "Город": "Кемерово", "Округ": "Кемеровский городской округ", "Регион": "Кемеровская область — Кузбасс", "Страна": "Россия", "Часы работы": "Пн: 07:00-19:00; Вт: 07:00-19:00; Ср: 07:00-19:00; Чт: 07:00-19:00; Пт: 07:00-19:00", "Часовой пояс": "+07:00", "Рейтинг": 3.8, "Количество отзывов": 15, "Телефон 1": "83842210822", "Телефон 2": "83842210877", "Телефон 3": null, "E-mail": null, "Веб-сайт 1": "http://detsad145-kem.ru", "Веб-сайт 2": null, "ВКонтакте": "https://vk.com/public215952706", "WhatsApp 1": null, "WhatsApp 2": null, "Viber": null, "Telegram 1": null, "Telegram 2": null, "YouTube": "https://youtube.com/UCuceQwq3D3M8aAveHc9g7rQ", "Широта": 55.341544, "Долгота": 86.07757, "2GIS URL": "https://2gis.com/firm/704215722754884", "capacity": 140 }, "geometry": { "type": "Point", "coordinates": [ 86.07757, 55.341544 ] } },
{ "type": "Feature", "properties": { "Наименование": "Детский сад общеразвивающего вида с приоритетным осуществлением деятельности по познавательно-речевому направлению развития воспитанников", "Описание": null, "Рубрики": "Детские сады", "Адрес": "Гвардейская, 76а", "Комментарий к адресу": null, "Почтовый индекс": 650004, "Микрорайон": null, "Район": "Центральный район", "Город": "Кемерово", "Округ": "Кемеровский городской округ", "Регион": "Кемеровская область — Кузбасс", "Страна": "Россия", "Часы работы": "Пн: 07:00-19:00; Вт: 07:00-19:00; Ср: 07:00-19:00; Чт: 07:00-19:00; Пт: 07:00-19:00", "Часовой пояс": "+07:00", "Рейтинг": 5.0, "Количество отзывов": 1, "Телефон 1": "83842352023", "Телефон 2": null, "Телефон 3": null, "E-mail": null, "Веб-сайт 1": null, "Веб-сайт 2": null, "ВКонтакте": "https://vk.com/public151244651", "WhatsApp 1": null, "WhatsApp 2": null, "Viber": null, "Telegram 1": null, "Telegram 2": null, "YouTube": null, "Широта": 55.338564, "Долгота": 86.109747, "2GIS URL": "https://2gis.com/firm/704215722754692", "capacity": 75 }, "geometry": { "type": "Point", "coordinates": [ 86.109747, 55.338564 ] } },
{ "type": "Feature", "properties": { "Наименование": "Детский сад №53 комбинированного вида", "Описание": null, "Рубрики": "Детские сады", "Адрес": "улица Сибиряков-Гвардейцев, 5а", "Комментарий к адресу": null, "Почтовый индекс": 650055, "Микрорайон": null, "Район": "Заводский район", "Город": "Кемерово", "Округ": "Кемеровский городской округ", "Регион": "Кемеровская область — Кузбасс", "Страна": "Россия", "Часы работы": "Пн: 07:00-19:00; Вт: 07:00-19:00; Ср: 07:00-19:00; Чт: 07:00-19:00; Пт: 07:00-19:00", "Часовой пояс": "+07:00", "Рейтинг": 5.0, "Количество отзывов": 5, "Телефон 1": "83842282748", "Телефон 2": "83842283911", "Телефон 3": null, "E-mail": null, "Веб-сайт 1": "http://mdou53-kem.ucoz.ru", "Веб-сайт 2": null, "ВКонтакте": "https://vk.com/public215951853", "WhatsApp 1": null, "WhatsApp 2": null, "Viber": null, "Telegram 1": null, "Telegram 2": null, "YouTube": null, "Широта": 55.336835, "Долгота": 86.065257, "2GIS URL": "https://2gis.com/firm/704215722754790", "capacity": 131 }, "geometry": { "type": "Point", "coordinates": [ 86.065257, 55.336835 ] } },
{ "type": "Feature", "properties": { "Наименование": "Ласточка", "Описание": null, "Рубрики": "Детские сады", "Адрес": "Шестакова, 73", "Комментарий к адресу": null, "Почтовый индекс": 650000, "Микрорайон": null, "Район": "Центральный район", "Город": "Кемерово", "Округ": "Кемеровский городской округ", "Регион": "Кемеровская область — Кузбасс", "Страна": "Россия", "Часы работы": "Пн: 07:00-19:00; Вт: 07:00-19:00; Ср: 07:00-19:00; Чт: 07:00-19:00; Пт: 07:00-19:00", "Часовой пояс": "+07:00", "Рейтинг": 5.0, "Количество отзывов": 5, "Телефон 1": "83842364017", "Телефон 2": null, "Телефон 3": null, "E-mail": null, "Веб-сайт 1": "http://kemdetsad114.kemobl.ru", "Веб-сайт 2": null, "ВКонтакте": "https://vk.com/public215973461", "WhatsApp 1": null, "WhatsApp 2": null, "Viber": null, "Telegram 1": null, "Telegram 2": null, "YouTube": null, "Широта": 55.35965, "Долгота": 86.075025, "2GIS URL": "https://2gis.com/firm/704215722754838", "capacity": 115 }, "geometry": { "type": "Point", "coordinates": [ 86.075025, 55.35965 ] } },
{ "type": "Feature", "properties": { "Наименование": "Цветик-семицветик", "Описание": null, "Рубрики": "Детские сады", "Адрес": "улица Кирова, 32а", "Комментарий к адресу": null, "Почтовый индекс": 650000, "Микрорайон": null, "Район": "Центральный район", "Город": "Кемерово", "Округ": "Кемеровский городской округ", "Регион": "Кемеровская область — Кузбасс", "Страна": "Россия", "Часы работы": "Пн: 07:00-19:00; Вт: 07:00-19:00; Ср: 07:00-19:00; Чт: 07:00-19:00; Пт: 07:00-19:00", "Часовой пояс": "+07:00", "Рейтинг": 5.0, "Количество отзывов": 2, "Телефон 1": "83842756311", "Телефон 2": null, "Телефон 3": null, "E-mail": null, "Веб-сайт 1": "http://madou12-kem.ucoz.ru", "Веб-сайт 2": null, "ВКонтакте": "https://vk.com/club211440451", "WhatsApp 1": null, "WhatsApp 2": null, "Viber": null, "Telegram 1": null, "Telegram 2": null, "YouTube": null, "Широта": 55.35326, "Долгота": 86.070833, "2GIS URL": "https://2gis.com/firm/704215722754722", "capacity": 245 }, "geometry": { "type": "Point", "coordinates": [ 86.070833, 55.35326 ] } },
{ "type": "Feature", "properties": { "Наименование": "Цветик-семицветик", "Описание": null, "Рубрики": "Детские сады", "Адрес": "улица Кирова, 30а", "Комментарий к адресу": null, "Почтовый индекс": 650000, "Микрорайон": null, "Район": "Центральный район", "Город": "Кемерово", "Округ": "Кемеровский городской округ", "Регион": "Кемеровская область — Кузбасс", "Страна": "Россия", "Часы работы": "Пн: 07:00-19:00; Вт: 07:00-19:00; Ср: 07:00-19:00; Чт: 07:00-19:00; Пт: 07:00-19:00", "Часовой пояс": "+07:00", "Рейтинг": 5.0, "Количество отзывов": 1, "Телефон 1": "83842360201", "Телефон 2": "83842756600", "Телефон 3": null, "E-mail": null, "Веб-сайт 1": "http://madou12-kem.ucoz.ru", "Веб-сайт 2": null, "ВКонтакте": "https://vk.com/club211440451", "WhatsApp 1": null, "WhatsApp 2": null, "Viber": null, "Telegram 1": null, "Telegram 2": null, "YouTube": null, "Широта": 55.353407, "Долгота": 86.071499, "2GIS URL": "https://2gis.com/firm/704215723183368", "capacity": 75 }, "geometry": { "type": "Point", "coordinates": [ 86.071499, 55.353407 ] } },
{ "type": "Feature", "properties": { "Наименование": "Вишенка", "Описание": "детский сад №124", "Рубрики": "Детские сады", "Адрес": "Пролетарская, 9а", "Комментарий к адресу": null, "Почтовый индекс": 650055, "Микрорайон": null, "Район": "Заводский район", "Город": "Кемерово", "Округ": "Кемеровский городской округ", "Регион": "Кемеровская область — Кузбасс", "Страна": "Россия", "Часы работы": "Пн: 07:00-19:00; Вт: 07:00-19:00; Ср: 07:00-19:00; Чт: 07:00-19:00; Пт: 07:00-19:00", "Часовой пояс": "+07:00", "Рейтинг": 5.0, "Количество отзывов": 4, "Телефон 1": "83842285302", "Телефон 2": null, "Телефон 3": null, "E-mail": null, "Веб-сайт 1": null, "Веб-сайт 2": null, "ВКонтакте": "https://vk.com/public215956191", "WhatsApp 1": null, "WhatsApp 2": null, "Viber": null, "Telegram 1": null, "Telegram 2": null, "YouTube": null, "Широта": 55.342028, "Долгота": 86.072889, "2GIS URL": "https://2gis.com/firm/704215722754849", "capacity": 140 }, "geometry": { "type": "Point", "coordinates": [ 86.072889, 55.342028 ] } },
{ "type": "Feature", "properties": { "Наименование": "Центр развития ребенка-детский сад №155", "Описание": null, "Рубрики": "Детские сады", "Адрес": "Рукавишникова, 1а", "Комментарий к адресу": null, "Почтовый индекс": 650025, "Микрорайон": null, "Район": "Центральный район", "Город": "Кемерово", "Округ": "Кемеровский городской округ", "Регион": "Кемеровская область — Кузбасс", "Страна": "Россия", "Часы работы": "Пн: 07:00-19:00; Вт: 07:00-19:00; Ср: 07:00-19:00; Чт: 07:00-19:00; Пт: 07:00-19:00", "Часовой пояс": "+07:00", "Рейтинг": 4.2, "Количество отзывов": 8, "Телефон 1": "83842364460", "Телефон 2": null, "Телефон 3": null, "E-mail": null, "Веб-сайт 1": "http://mdoy155kem.ru", "Веб-сайт 2": null, "ВКонтакте": "https://vk.com/public215998253", "WhatsApp 1": null, "WhatsApp 2": null, "Viber": null, "Telegram 1": null, "Telegram 2": null, "YouTube": null, "Широта": 55.351997, "Долгота": 86.065241, "2GIS URL": "https://2gis.com/firm/704215722754898", "capacity": 134 }, "geometry": { "type": "Point", "coordinates": [ 86.065241, 55.351997 ] } },
{ "type": "Feature", "properties": { "Наименование": "Детский сад №107 общеразвивающего вида", "Описание": null, "Рубрики": "Детские сады", "Адрес": "Демьяна Бедного, 5а", "Комментарий к адресу": null, "Почтовый индекс": 650000, "Микрорайон": null, "Район": "Центральный район", "Город": "Кемерово", "Округ": "Кемеровский городской округ", "Регион": "Кемеровская область — Кузбасс", "Страна": "Россия", "Часы работы": "Пн: 07:00-19:00; Вт: 07:00-19:00; Ср: 07:00-19:00; Чт: 07:00-19:00; Пт: 07:00-19:00", "Часовой пояс": "+07:00", "Рейтинг": 3.9, "Количество отзывов": 6, "Телефон 1": "83842754245", "Телефон 2": null, "Телефон 3": null, "E-mail": null, "Веб-сайт 1": "http://mdoy107-kem.ucoz.ru", "Веб-сайт 2": null, "ВКонтакте": "https://vk.com/mbdou107kemerovo", "WhatsApp 1": null, "WhatsApp 2": null, "Viber": null, "Telegram 1": "https://t.me/mdou107", "Telegram 2": null, "YouTube": null, "Широта": 55.346547, "Долгота": 86.078307, "2GIS URL": "https://2gis.com/firm/704215722754830", "capacity": 145 }, "geometry": { "type": "Point", "coordinates": [ 86.078307, 55.346547 ] } },
{ "type": "Feature", "properties": { "Наименование": "Светлячок", "Описание": null, "Рубрики": "Детские сады", "Адрес": "Ноградская, 11", "Комментарий к адресу": null, "Почтовый индекс": 650000, "Микрорайон": null, "Район": "Центральный район", "Город": "Кемерово", "Округ": "Кемеровский городской округ", "Регион": "Кемеровская область — Кузбасс", "Страна": "Россия", "Часы работы": "Пн: 07:00-19:00; Вт: 07:00-19:00; Ср: 07:00-19:00; Чт: 07:00-19:00; Пт: 07:00-19:00", "Часовой пояс": "+07:00", "Рейтинг": 5.0, "Количество отзывов": 4, "Телефон 1": "83842363645", "Телефон 2": null, "Телефон 3": null, "E-mail": null, "Веб-сайт 1": null, "Веб-сайт 2": null, "ВКонтакте": "https://vk.com/public215951632", "WhatsApp 1": null, "WhatsApp 2": null, "Viber": null, "Telegram 1": "https://t.me/mbdou146kemerovo", "Telegram 2": null, "YouTube": null, "Широта": 55.353792, "Долгота": 86.082309, "2GIS URL": "https://2gis.com/firm/704215722754804", "capacity": 86 }, "geometry": { "type": "Point", "coordinates": [ 86.082309, 55.353792 ] } },
{ "type": "Feature", "properties": { "Наименование": "Детский сад №29 комбинированного вида", "Описание": null, "Рубрики": "Детские сады", "Адрес": "Мичурина, 118", "Комментарий к адресу": null, "Почтовый индекс": 650055, "Микрорайон": null, "Район": "Заводский район", "Город": "Кемерово", "Округ": "Кемеровский городской округ", "Регион": "Кемеровская область — Кузбасс", "Страна": "Россия", "Часы работы": "Пн: 07:00-19:00; Вт: 07:00-19:00; Ср: 07:00-19:00; Чт: 07:00-19:00; Пт: 07:00-19:00", "Часовой пояс": "+07:00", "Рейтинг": 5.0, "Количество отзывов": 2, "Телефон 1": "83842281865", "Телефон 2": "83842286233", "Телефон 3": null, "E-mail": null, "Веб-сайт 1": null, "Веб-сайт 2": null, "ВКонтакте": "https://vk.com/public215973135", "WhatsApp 1": null, "WhatsApp 2": null, "Viber": null, "Telegram 1": null, "Telegram 2": null, "YouTube": null, "Широта": 55.338541, "Долгота": 86.081458, "2GIS URL": "https://2gis.com/firm/704215722754748", "capacity": 107 }, "geometry": { "type": "Point", "coordinates": [ 86.081458, 55.338541 ] } },
{ "type": "Feature", "properties": { "Наименование": "Детский сад №146", "Описание": null, "Рубрики": "Детские сады", "Адрес": "Ноградская, 18", "Комментарий к адресу": null, "Почтовый индекс": 650000, "Микрорайон": null, "Район": "Центральный район", "Город": "Кемерово", "Округ": "Кемеровский городской округ", "Регион": "Кемеровская область — Кузбасс", "Страна": "Россия", "Часы работы": "Пн: 07:00-19:00; Вт: 07:00-19:00; Ср: 07:00-19:00; Чт: 07:00-19:00; Пт: 07:00-19:00", "Часовой пояс": "+07:00", "Рейтинг": null, "Количество отзывов": null, "Телефон 1": "83842751455", "Телефон 2": null, "Телефон 3": null, "E-mail": null, "Веб-сайт 1": null, "Веб-сайт 2": null, "ВКонтакте": "https://vk.com/public215951632", "WhatsApp 1": null, "WhatsApp 2": null, "Viber": null, "Telegram 1": "https://t.me/mbdou146kemerovo", "Telegram 2": null, "YouTube": null, "Широта": 55.355997, "Долгота": 86.077799, "2GIS URL": "https://2gis.com/firm/704215722754184", "capacity": 75 }, "geometry": { "type": "Point", "coordinates": [ 86.077799, 55.355997 ] } },
{ "type": "Feature", "properties": { "Наименование": "Детский сад №163", "Описание": null, "Рубрики": "Детские сады", "Адрес": "проспект Ленина, 58Б", "Комментарий к адресу": null, "Почтовый индекс": 650066, "Микрорайон": null, "Район": "Центральный район", "Город": "Кемерово", "Округ": "Кемеровский городской округ", "Регион": "Кемеровская область — Кузбасс", "Страна": "Россия", "Часы работы": "Пн: 07:00-19:00; Вт: 07:00-19:00; Ср: 07:00-19:00; Чт: 07:00-19:00; Пт: 07:00-19:00", "Часовой пояс": "+07:00", "Рейтинг": 2.4, "Количество отзывов": 3, "Телефон 1": "83842522292 (отдел бухгалтерии)", "Телефон 2": null, "Телефон 3": null, "E-mail": null, "Веб-сайт 1": "http://мадоу163.рф", "Веб-сайт 2": null, "ВКонтакте": "https://vk.com/public215954615", "WhatsApp 1": null, "WhatsApp 2": null, "Viber": null, "Telegram 1": null, "Telegram 2": null, "YouTube": null, "Широта": 55.346731, "Долгота": 86.102035, "2GIS URL": "https://2gis.com/firm/704215722755015", "capacity": 175 }, "geometry": { "type": "Point", "coordinates": [ 86.102035, 55.346731 ] } },
{ "type": "Feature", "properties": { "Наименование": "Детский сад №46", "Описание": null, "Рубрики": "Детские сады", "Адрес": "Володарского, 19", "Комментарий к адресу": null, "Почтовый индекс": 650025, "Микрорайон": null, "Район": "Центральный район", "Город": "Кемерово", "Округ": "Кемеровский городской округ", "Регион": "Кемеровская область — Кузбасс", "Страна": "Россия", "Часы работы": "Пн: 07:00-19:00; Вт: 07:00-19:00; Ср: 07:00-19:00; Чт: 07:00-19:00; Пт: 07:00-19:00", "Часовой пояс": "+07:00", "Рейтинг": null, "Количество отзывов": null, "Телефон 1": "83842757805", "Телефон 2": "83842758794", "Телефон 3": null, "E-mail": null, "Веб-сайт 1": null, "Веб-сайт 2": null, "ВКонтакте": null, "WhatsApp 1": null, "WhatsApp 2": null, "Viber": null, "Telegram 1": null, "Telegram 2": null, "YouTube": null, "Широта": 55.345645, "Долгота": 86.064427, "2GIS URL": "https://2gis.com/firm/704215722754768", "capacity": 54 }, "geometry": { "type": "Point", "coordinates": [ 86.064427, 55.345645 ] } },
{ "type": "Feature", "properties": { "Наименование": "Теремок", "Описание": null, "Рубрики": "Детские сады", "Адрес": "Пролетарская, 8Б", "Комментарий к адресу": null, "Почтовый индекс": 650055, "Микрорайон": null, "Район": "Заводский район", "Город": "Кемерово", "Округ": "Кемеровский городской округ", "Регион": "Кемеровская область — Кузбасс", "Страна": "Россия", "Часы работы": "Пн: 07:00-19:00; Вт: 07:00-19:00; Ср: 07:00-19:00; Чт: 07:00-19:00; Пт: 07:00-19:00", "Часовой пояс": "+07:00", "Рейтинг": 2.3, "Количество отзывов": 3, "Телефон 1": "83842211492", "Телефон 2": null, "Телефон 3": null, "E-mail": null, "Веб-сайт 1": "http://detsad145-kem.ru", "Веб-сайт 2": null, "ВКонтакте": "https://vk.com/public215954177", "WhatsApp 1": null, "WhatsApp 2": null, "Viber": null, "Telegram 1": null, "Telegram 2": null, "YouTube": "https://youtube.com/UCuceQwq3D3M8aAveHc9g7rQ", "Широта": 55.341305, "Долгота": 86.078578, "2GIS URL": "https://2gis.com/firm/704215722754896", "capacity": 140 }, "geometry": { "type": "Point", "coordinates": [ 86.078578, 55.341305 ] } },
{ "type": "Feature", "properties": { "Наименование": "Детский сад №93 общеразвивающего вида", "Описание": null, "Рубрики": "Детские сады", "Адрес": "проспект Ленина, 87а", "Комментарий к адресу": null, "Почтовый индекс": 650036, "Микрорайон": null, "Район": "Центральный район", "Город": "Кемерово", "Округ": "Кемеровский городской округ", "Регион": "Кемеровская область — Кузбасс", "Страна": "Россия", "Часы работы": "Пн: 07:00-19:00; Вт: 07:00-19:00; Ср: 07:00-19:00; Чт: 07:00-19:00; Пт: 07:00-19:00", "Часовой пояс": "+07:00", "Рейтинг": null, "Количество отзывов": null, "Телефон 1": "83842358463", "Телефон 2": null, "Телефон 3": null, "E-mail": null, "Веб-сайт 1": "http://gvozdichka.ucoz.ru", "Веб-сайт 2": "http://t.me/gvozdichka_93", "ВКонтакте": "https://vk.com/public198607773", "WhatsApp 1": null, "WhatsApp 2": null, "Viber": null, "Telegram 1": null, "Telegram 2": null, "YouTube": null, "Широта": 55.343986, "Долгота": 86.123, "2GIS URL": "https://2gis.com/firm/704215722754811", "capacity": 115 }, "geometry": { "type": "Point", "coordinates": [ 86.123, 55.343986 ] } },
{ "type": "Feature", "properties": { "Наименование": "Детский сад №40", "Описание": null, "Рубрики": "Детские сады", "Адрес": "Спортивная, 93/1", "Комментарий к адресу": null, "Почтовый индекс": 650004, "Микрорайон": null, "Район": "Центральный район", "Город": "Кемерово", "Округ": "Кемеровский городской округ", "Регион": "Кемеровская область — Кузбасс", "Страна": "Россия", "Часы работы": "Пн: 07:00-19:00; Вт: 07:00-19:00; Ср: 07:00-19:00; Чт: 07:00-19:00; Пт: 07:00-19:00", "Часовой пояс": "+07:00", "Рейтинг": 5.0, "Количество отзывов": 7, "Телефон 1": "83842780355 (дежурный)", "Телефон 2": "83842780275 (заведующая)", "Телефон 3": null, "E-mail": null, "Веб-сайт 1": "http://sad40logo.kemobl.ru/", "Веб-сайт 2": "http://t.me/mbdou40kemerovo", "ВКонтакте": "https://vk.com/public215955089", "WhatsApp 1": null, "WhatsApp 2": null, "Viber": null, "Telegram 1": null, "Telegram 2": null, "YouTube": null, "Широта": 55.341303, "Долгота": 86.119411, "2GIS URL": "https://2gis.com/firm/704215722754761", "capacity": 49 }, "geometry": { "type": "Point", "coordinates": [ 86.119411, 55.341303 ] } },
{ "type": "Feature", "properties": { "Наименование": "Жаворонок", "Описание": "детский сад №18 общеразвивающего вида", "Рубрики": "Детские сады", "Адрес": "Шорникова, 7", "Комментарий к адресу": null, "Почтовый индекс": 650036, "Микрорайон": null, "Район": "Центральный район", "Город": "Кемерово", "Округ": "Кемеровский городской округ", "Регион": "Кемеровская область — Кузбасс", "Страна": "Россия", "Часы работы": "Пн: 07:00-19:00; Вт: 07:00-19:00; Ср: 07:00-19:00; Чт: 07:00-19:00; Пт: 07:00-19:00", "Часовой пояс": "+07:00", "Рейтинг": 5.0, "Количество отзывов": 5, "Телефон 1": "83842359375 (телефон-факс)", "Телефон 2": null, "Телефон 3": null, "E-mail": null, "Веб-сайт 1": null, "Веб-сайт 2": null, "ВКонтакте": "https://vk.com/mbdou18kem", "WhatsApp 1": null, "WhatsApp 2": null, "Viber": null, "Telegram 1": null, "Telegram 2": null, "YouTube": "https://youtube.com/channel/UCwN0O6kJmY7-yOJ52_BjXEQ", "Широта": 55.342219, "Долгота": 86.124602, "2GIS URL": "https://2gis.com/firm/704215722754728", "capacity": 140 }, "geometry": { "type": "Point", "coordinates": [ 86.124602, 55.342219 ] } },
{ "type": "Feature", "properties": { "Наименование": "Катюша", "Описание": null, "Рубрики": "Детские сады", "Адрес": "Спортивная, 38а", "Комментарий к адресу": null, "Почтовый индекс": 650066, "Микрорайон": null, "Район": "Центральный район", "Город": "Кемерово", "Округ": "Кемеровский городской округ", "Регион": "Кемеровская область — Кузбасс", "Страна": "Россия", "Часы работы": "Пн: 07:00-19:00; Вт: 07:00-19:00; Ср: 07:00-19:00; Чт: 07:00-19:00; Пт: 07:00-19:00", "Часовой пояс": "+07:00", "Рейтинг": 4.2, "Количество отзывов": 8, "Телефон 1": "83842524121", "Телефон 2": "83842522892", "Телефон 3": null, "E-mail": null, "Веб-сайт 1": null, "Веб-сайт 2": null, "ВКонтакте": "https://vk.com/public215952089", "WhatsApp 1": null, "WhatsApp 2": null, "Viber": null, "Telegram 1": null, "Telegram 2": null, "YouTube": null, "Широта": 55.34303, "Долгота": 86.115536, "2GIS URL": "https://2gis.com/firm/704215722755094", "capacity": 155 }, "geometry": { "type": "Point", "coordinates": [ 86.115536, 55.34303 ] } },
{ "type": "Feature", "properties": { "Наименование": "Центр развития ребенка-детский сад №207", "Описание": null, "Рубрики": "Детские сады", "Адрес": "Октябрьский проспект, 12а", "Комментарий к адресу": null, "Почтовый индекс": 650066, "Микрорайон": null, "Район": "Центральный район", "Город": "Кемерово", "Округ": "Кемеровский городской округ", "Регион": "Кемеровская область — Кузбасс", "Страна": "Россия", "Часы работы": "Пн: 07:00-19:00; Вт: 07:00-19:00; Ср: 07:00-19:00; Чт: 07:00-19:00; Пт: 07:00-19:00", "Часовой пояс": "+07:00", "Рейтинг": 4.8, "Количество отзывов": 6, "Телефон 1": "83842521244", "Телефон 2": "83842521674", "Телефон 3": "83842522589", "E-mail": null, "Веб-сайт 1": null, "Веб-сайт 2": null, "ВКонтакте": "https://vk.com/public215955268", "WhatsApp 1": null, "WhatsApp 2": null, "Viber": null, "Telegram 1": null, "Telegram 2": null, "YouTube": null, "Широта": 55.349461, "Долгота": 86.110879, "2GIS URL": "https://2gis.com/firm/704215722755089", "capacity": 157 }, "geometry": { "type": "Point", "coordinates": [ 86.110879, 55.349461 ] } },
{ "type": "Feature", "properties": { "Наименование": "Детский сад №144 компенсирующего вида для детей с нарушением зрения", "Описание": null, "Рубрики": "Детские сады", "Адрес": "Октябрьский проспект, 11", "Комментарий к адресу": null, "Почтовый индекс": 650066, "Микрорайон": null, "Район": "Центральный район", "Город": "Кемерово", "Округ": "Кемеровский городской округ", "Регион": "Кемеровская область — Кузбасс", "Страна": "Россия", "Часы работы": "Пн: 07:00-19:00; Вт: 07:00-19:00; Ср: 07:00-19:00; Чт: 07:00-19:00; Пт: 07:00-19:00", "Часовой пояс": "+07:00", "Рейтинг": 3.9, "Количество отзывов": 4, "Телефон 1": "83842521312", "Телефон 2": null, "Телефон 3": null, "E-mail": null, "Веб-сайт 1": "http://mbdou144.kemobl.ru", "Веб-сайт 2": null, "ВКонтакте": "https://vk.com/mbdou_144", "WhatsApp 1": null, "WhatsApp 2": null, "Viber": null, "Telegram 1": null, "Telegram 2": null, "YouTube": null, "Широта": 55.347353, "Долгота": 86.111127, "2GIS URL": "https://2gis.com/firm/704215722754881", "capacity": 75 }, "geometry": { "type": "Point", "coordinates": [ 86.111127, 55.347353 ] } },
{ "type": "Feature", "properties": { "Наименование": "Детский сад №141 комбинированного вида", "Описание": null, "Рубрики": "Детские сады", "Адрес": "Мичурина, 27", "Комментарий к адресу": null, "Почтовый индекс": 650043, "Микрорайон": null, "Район": "Центральный район", "Город": "Кемерово", "Округ": "Кемеровский городской округ", "Регион": "Кемеровская область — Кузбасс", "Страна": "Россия", "Часы работы": "Пн: 07:00-19:00; Вт: 07:00-19:00; Ср: 07:00-19:00; Чт: 07:00-19:00; Пт: 07:00-19:00", "Часовой пояс": "+07:00", "Рейтинг": 4.6, "Количество отзывов": 10, "Телефон 1": "83842581815", "Телефон 2": "83842582930", "Телефон 3": null, "E-mail": null, "Веб-сайт 1": "http://dsad141-kem.ucoz.ru", "Веб-сайт 2": "http://t.me/madou_141_kem", "ВКонтакте": "https://vk.com/public215954177", "WhatsApp 1": null, "WhatsApp 2": null, "Viber": null, "Telegram 1": null, "Telegram 2": null, "YouTube": null, "Широта": 55.346048, "Долгота": 86.089027, "2GIS URL": "https://2gis.com/firm/704215722878639", "capacity": 220 }, "geometry": { "type": "Point", "coordinates": [ 86.089027, 55.346048 ] } },
{ "type": "Feature", "properties": { "Наименование": "Детский сад присмотра и оздоровления №160", "Описание": null, "Рубрики": "Детские сады", "Адрес": "Спортивная, 16", "Комментарий к адресу": null, "Почтовый индекс": 650066, "Микрорайон": null, "Район": "Центральный район", "Город": "Кемерово", "Округ": "Кемеровский городской округ", "Регион": "Кемеровская область — Кузбасс", "Страна": "Россия", "Часы работы": "Пн: 07:00-19:00; Вт: 07:00-19:00; Ср: 07:00-19:00; Чт: 07:00-19:00; Пт: 07:00-19:00", "Часовой пояс": "+07:00", "Рейтинг": 4.0, "Количество отзывов": 6, "Телефон 1": "83842720562", "Телефон 2": null, "Телефон 3": null, "E-mail": null, "Веб-сайт 1": null, "Веб-сайт 2": null, "ВКонтакте": "https://vk.com/club211407653", "WhatsApp 1": null, "WhatsApp 2": null, "Viber": null, "Telegram 1": null, "Telegram 2": null, "YouTube": null, "Широта": 55.342804, "Долгота": 86.100856, "2GIS URL": "https://2gis.com/firm/704215722755774", "capacity": 90 }, "geometry": { "type": "Point", "coordinates": [ 86.100856, 55.342804 ] } },
{ "type": "Feature", "properties": { "Наименование": "Детский сад №146", "Описание": null, "Рубрики": "Детские сады", "Адрес": "Ноградская, 30", "Комментарий к адресу": null, "Почтовый индекс": 650000, "Микрорайон": null, "Район": "Центральный район", "Город": "Кемерово", "Округ": "Кемеровский городской округ", "Регион": "Кемеровская область — Кузбасс", "Страна": "Россия", "Часы работы": "Пн: 07:00-19:00; Вт: 07:00-19:00; Ср: 07:00-19:00; Чт: 07:00-19:00; Пт: 07:00-19:00", "Часовой пояс": "+07:00", "Рейтинг": 5.0, "Количество отзывов": 3, "Телефон 1": "83842754667", "Телефон 2": null, "Телефон 3": null, "E-mail": null, "Веб-сайт 1": null, "Веб-сайт 2": null, "ВКонтакте": "https://vk.com/public215951632", "WhatsApp 1": null, "WhatsApp 2": null, "Viber": null, "Telegram 1": "https://t.me/mbdou146kemerovo", "Telegram 2": null, "YouTube": null, "Широта": 55.354511, "Долгота": 86.083897, "2GIS URL": "https://2gis.com/firm/704215722754762", "capacity": 75 }, "geometry": { "type": "Point", "coordinates": [ 86.083897, 55.354511 ] } },
{ "type": "Feature", "properties": { "Наименование": "75", "Описание": "детский сад", "Рубрики": "Детские сады", "Адрес": "Коломейцева, 15а", "Комментарий к адресу": null, "Почтовый индекс": 650000, "Микрорайон": null, "Район": "Центральный район", "Город": "Кемерово", "Округ": "Кемеровский городской округ", "Регион": "Кемеровская область — Кузбасс", "Страна": "Россия", "Часы работы": "Пн: 07:00-19:00; Вт: 07:00-19:00; Ср: 07:00-19:00; Чт: 07:00-19:00; Пт: 07:00-19:00", "Часовой пояс": "+07:00", "Рейтинг": 5.0, "Количество отзывов": 1, "Телефон 1": "83842755733", "Телефон 2": null, "Телефон 3": null, "E-mail": null, "Веб-сайт 1": "http://gimn1.ru", "Веб-сайт 2": null, "ВКонтакте": "https://vk.com/public211743893", "WhatsApp 1": null, "WhatsApp 2": null, "Viber": null, "Telegram 1": "https://t.me/gimn1kemerovo", "Telegram 2": null, "YouTube": null, "Широта": 55.353072, "Долгота": 86.086963, "2GIS URL": "https://2gis.com/firm/704215722905815", "capacity": 75 }, "geometry": { "type": "Point", "coordinates": [ 86.086963, 55.353072 ] } },
{ "type": "Feature", "properties": { "Наименование": "Детский сад №38-0 присмотра и оздоровления", "Описание": null, "Рубрики": "Детские сады", "Адрес": "улица Дзержинского, 4Б", "Комментарий к адресу": null, "Почтовый индекс": 650000, "Микрорайон": null, "Район": "Центральный район", "Город": "Кемерово", "Округ": "Кемеровский городской округ", "Регион": "Кемеровская область — Кузбасс", "Страна": "Россия", "Часы работы": "Пн: 07:00-19:00; Вт: 07:00-19:00; Ср: 07:00-19:00; Чт: 07:00-19:00; Пт: 07:00-19:00", "Часовой пояс": "+07:00", "Рейтинг": 4.3, "Количество отзывов": 6, "Телефон 1": "83842754844", "Телефон 2": null, "Телефон 3": null, "E-mail": null, "Веб-сайт 1": "http://mdou38-0zdorovy.ucoz.ru", "Веб-сайт 2": null, "ВКонтакте": "https://vk.com/public215954084", "WhatsApp 1": null, "WhatsApp 2": null, "Viber": null, "Telegram 1": null, "Telegram 2": null, "YouTube": null, "Широта": 55.35305, "Долгота": 86.076799, "2GIS URL": "https://2gis.com/firm/704215722880105", "capacity": 124 }, "geometry": { "type": "Point", "coordinates": [ 86.076799, 55.35305 ] } },
{ "type": "Feature", "properties": { "Наименование": "Детский сад №38 комбинированного вида", "Описание": null, "Рубрики": "Детские сады", "Адрес": "Красноармейская улица, 128Б", "Комментарий к адресу": null, "Почтовый индекс": 650000, "Микрорайон": null, "Район": "Центральный район", "Город": "Кемерово", "Округ": "Кемеровский городской округ", "Регион": "Кемеровская область — Кузбасс", "Страна": "Россия", "Часы работы": "Пн: 07:00-19:00; Вт: 07:00-19:00; Ср: 07:00-19:00; Чт: 07:00-19:00; Пт: 07:00-19:00", "Часовой пояс": "+07:00", "Рейтинг": 4.1, "Количество отзывов": 6, "Телефон 1": "83842750422", "Телефон 2": null, "Телефон 3": null, "E-mail": null, "Веб-сайт 1": null, "Веб-сайт 2": null, "ВКонтакте": null, "WhatsApp 1": null, "WhatsApp 2": null, "Viber": null, "Telegram 1": "https://t.me/+o93a5Zycv5tkYTIy", "Telegram 2": null, "YouTube": null, "Широта": 55.35021, "Долгота": 86.081309, "2GIS URL": "https://2gis.com/firm/704215722754758", "capacity": 125 }, "geometry": { "type": "Point", "coordinates": [ 86.081309, 55.35021 ] } },
{ "type": "Feature", "properties": { "Наименование": "Теремок", "Описание": null, "Рубрики": "Детские сады", "Адрес": "Сарыгина, 34Б", "Комментарий к адресу": null, "Почтовый индекс": 650055, "Микрорайон": null, "Район": "Заводский район", "Город": "Кемерово", "Округ": "Кемеровский городской округ", "Регион": "Кемеровская область — Кузбасс", "Страна": "Россия", "Часы работы": "Пн: 07:00-19:00; Вт: 07:00-19:00; Ср: 07:00-19:00; Чт: 07:00-19:00; Пт: 07:00-19:00", "Часовой пояс": "+07:00", "Рейтинг": 5.0, "Количество отзывов": 5, "Телефон 1": "83842211455", "Телефон 2": "83842211522", "Телефон 3": null, "E-mail": null, "Веб-сайт 1": "http://detsad145-kem.ru", "Веб-сайт 2": null, "ВКонтакте": "https://vk.com/public215952706", "WhatsApp 1": null, "WhatsApp 2": null, "Viber": null, "Telegram 1": null, "Telegram 2": null, "YouTube": "https://youtube.com/UCuceQwq3D3M8aAveHc9g7rQ", "Широта": 55.34109, "Долгота": 86.077204, "2GIS URL": "https://2gis.com/firm/704215722754757", "capacity": 115 }, "geometry": { "type": "Point", "coordinates": [ 86.077204, 55.34109 ] } },
{ "type": "Feature", "properties": { "Наименование": "Детский сад №146", "Описание": null, "Рубрики": "Детские сады", "Адрес": "Арочная, 13", "Комментарий к адресу": null, "Почтовый индекс": 650000, "Микрорайон": null, "Район": "Центральный район", "Город": "Кемерово", "Округ": "Кемеровский городской округ", "Регион": "Кемеровская область — Кузбасс", "Страна": "Россия", "Часы работы": "Пн: 07:00-19:00; Вт: 07:00-19:00; Ср: 07:00-19:00; Чт: 07:00-19:00; Пт: 07:00-19:00", "Часовой пояс": "+07:00", "Рейтинг": 5.0, "Количество отзывов": 3, "Телефон 1": "83842364753", "Телефон 2": "83842367779", "Телефон 3": null, "E-mail": null, "Веб-сайт 1": null, "Веб-сайт 2": null, "ВКонтакте": "https://vk.com/public215951632", "WhatsApp 1": null, "WhatsApp 2": null, "Viber": null, "Telegram 1": "https://t.me/mbdou146kemerovo", "Telegram 2": null, "YouTube": null, "Широта": 55.35788, "Долгота": 86.080978, "2GIS URL": "https://2gis.com/firm/704215722878634", "capacity": 305 }, "geometry": { "type": "Point", "coordinates": [ 86.080978, 55.35788 ] } },
{ "type": "Feature", "properties": { "Наименование": "Дюймовочка", "Описание": null, "Рубрики": "Детские сады", "Адрес": "Красноармейская улица, 123а", "Комментарий к адресу": null, "Почтовый индекс": 650043, "Микрорайон": null, "Район": "Центральный район", "Город": "Кемерово", "Округ": "Кемеровский городской округ", "Регион": "Кемеровская область — Кузбасс", "Страна": "Россия", "Часы работы": "Пн: 07:00-19:00; Вт: 07:00-19:00; Ср: 07:00-19:00; Чт: 07:00-19:00; Пт: 07:00-19:00", "Часовой пояс": "+07:00", "Рейтинг": 4.9, "Количество отзывов": 9, "Телефон 1": "83842369660", "Телефон 2": null, "Телефон 3": null, "E-mail": null, "Веб-сайт 1": "http://mdou97-kem.ucoz.ru", "Веб-сайт 2": null, "ВКонтакте": "https://vk.com/madou_97", "WhatsApp 1": null, "WhatsApp 2": null, "Viber": null, "Telegram 1": null, "Telegram 2": null, "YouTube": null, "Широта": 55.34743, "Долгота": 86.084288, "2GIS URL": "https://2gis.com/firm/704215722754815", "capacity": 152 }, "geometry": { "type": "Point", "coordinates": [ 86.084288, 55.34743 ] } },
{ "type": "Feature", "properties": { "Наименование": "Детский сад №140", "Описание": null, "Рубрики": "Детские сады", "Адрес": "проспект Ленина, 30Б", "Комментарий к адресу": null, "Почтовый индекс": 650000, "Микрорайон": null, "Район": "Центральный район", "Город": "Кемерово", "Округ": "Кемеровский городской округ", "Регион": "Кемеровская область — Кузбасс", "Страна": "Россия", "Часы работы": "Пн: 07:00-19:00; Вт: 07:00-19:00; Ср: 07:00-19:00; Чт: 07:00-19:00; Пт: 07:00-19:00", "Часовой пояс": "+07:00", "Рейтинг": 5.0, "Количество отзывов": 2, "Телефон 1": "83842757845", "Телефон 2": null, "Телефон 3": null, "E-mail": null, "Веб-сайт 1": "http://madou140kemerovo.kemobl.ru", "Веб-сайт 2": null, "ВКонтакте": "https://vk.com/public175418887", "WhatsApp 1": null, "WhatsApp 2": null, "Viber": null, "Telegram 1": "https://t.me/madou140kemerovo", "Telegram 2": null, "YouTube": null, "Широта": 55.345744, "Долгота": 86.077424, "2GIS URL": "https://2gis.com/firm/704215722754875", "capacity": 141 }, "geometry": { "type": "Point", "coordinates": [ 86.077424, 55.345744 ] } },
{ "type": "Feature", "properties": { "Наименование": "Яблонька", "Описание": null, "Рубрики": "Детские сады", "Адрес": "Коломейцева, 8а", "Комментарий к адресу": null, "Почтовый индекс": 650000, "Микрорайон": null, "Район": "Центральный район", "Город": "Кемерово", "Округ": "Кемеровский городской округ", "Регион": "Кемеровская область — Кузбасс", "Страна": "Россия", "Часы работы": "Пн: 07:00-19:00; Вт: 07:00-19:00; Ср: 07:00-19:00; Чт: 07:00-19:00; Пт: 07:00-19:00", "Часовой пояс": "+07:00", "Рейтинг": 5.0, "Количество отзывов": 1, "Телефон 1": "83842582860", "Телефон 2": null, "Телефон 3": null, "E-mail": null, "Веб-сайт 1": "http://mdou161.ucoz.ru", "Веб-сайт 2": null, "ВКонтакте": "https://vk.com/public215953101", "WhatsApp 1": null, "WhatsApp 2": null, "Viber": null, "Telegram 1": null, "Telegram 2": null, "YouTube": null, "Широта": 55.352639, "Долгота": 86.08957, "2GIS URL": "https://2gis.com/firm/704215722768827", "capacity": 125 }, "geometry": { "type": "Point", "coordinates": [ 86.08957, 55.352639 ] } },
{ "type": "Feature", "properties": { "Наименование": "Теремок", "Описание": null, "Рубрики": "Детские сады", "Адрес": "Сарыгина, 36а", "Комментарий к адресу": null, "Почтовый индекс": 650055, "Микрорайон": null, "Район": "Заводский район", "Город": "Кемерово", "Округ": "Кемеровский городской округ", "Регион": "Кемеровская область — Кузбасс", "Страна": "Россия", "Часы работы": "Пн: 07:00-19:00; Вт: 07:00-19:00; Ср: 07:00-19:00; Чт: 07:00-19:00; Пт: 07:00-19:00", "Часовой пояс": "+07:00", "Рейтинг": 5.0, "Количество отзывов": 1, "Телефон 1": "83842286992", "Телефон 2": null, "Телефон 3": null, "E-mail": null, "Веб-сайт 1": "http://detsad145-kem.ru", "Веб-сайт 2": null, "ВКонтакте": "https://vk.com/public215952706", "WhatsApp 1": null, "WhatsApp 2": null, "Viber": null, "Telegram 1": null, "Telegram 2": null, "YouTube": "https://youtube.com/channel/UCuceQwq3D3M8aAveHc9g7rQ", "Широта": 55.340779, "Долгота": 86.078543, "2GIS URL": "https://2gis.com/firm/704215722754837", "capacity": 115 }, "geometry": { "type": "Point", "coordinates": [ 86.078543, 55.340779 ] } },
{ "type": "Feature", "properties": { "Наименование": "Детский сад компенсирующего вида №9", "Описание": null, "Рубрики": "Детские сады", "Адрес": "Советский проспект, 22", "Комментарий к адресу": "1 этаж", "Почтовый индекс": 650000, "Микрорайон": null, "Район": "Центральный район", "Город": "Кемерово", "Округ": "Кемеровский городской округ", "Регион": "Кемеровская область — Кузбасс", "Страна": "Россия", "Часы работы": "Пн: 07:00-19:00; Вт: 07:00-19:00; Ср: 07:00-19:00; Чт: 07:00-19:00; Пт: 07:00-19:00", "Часовой пояс": "+07:00", "Рейтинг": 5.0, "Количество отзывов": 5, "Телефон 1": "83842453413", "Телефон 2": "83842452414", "Телефон 3": null, "E-mail": null, "Веб-сайт 1": null, "Веб-сайт 2": null, "ВКонтакте": "https://vk.com/dou9teremok", "WhatsApp 1": null, "WhatsApp 2": null, "Viber": null, "Telegram 1": null, "Telegram 2": null, "YouTube": null, "Широта": 55.359979, "Долгота": 86.071101, "2GIS URL": "https://2gis.com/firm/704215722754693", "capacity": 60 }, "geometry": { "type": "Point", "coordinates": [ 86.071101, 55.359979 ] } },
{ "type": "Feature", "properties": { "Наименование": "Детский сад №121", "Описание": null, "Рубрики": "Детские сады", "Адрес": "проспект Ленина, 49а", "Комментарий к адресу": null, "Почтовый индекс": 650000, "Микрорайон": null, "Район": "Заводский район", "Город": "Кемерово", "Округ": "Кемеровский городской округ", "Регион": "Кемеровская область — Кузбасс", "Страна": "Россия", "Часы работы": "Пн: 07:00-19:00; Вт: 07:00-19:00; Ср: 07:00-19:00; Чт: 07:00-19:00; Пт: 07:00-19:00", "Часовой пояс": "+07:00", "Рейтинг": 4.9, "Количество отзывов": 5, "Телефон 1": "83842284222", "Телефон 2": null, "Телефон 3": null, "E-mail": null, "Веб-сайт 1": null, "Веб-сайт 2": null, "ВКонтакте": "https://vk.com/club215975564", "WhatsApp 1": null, "WhatsApp 2": null, "Viber": null, "Telegram 1": null, "Telegram 2": null, "YouTube": null, "Широта": 55.342944, "Долгота": 86.085457, "2GIS URL": "https://2gis.com/firm/704215722754848", "capacity": 165 }, "geometry": { "type": "Point", "coordinates": [ 86.085457, 55.342944 ] } },
{ "type": "Feature", "properties": { "Наименование": "Василёк", "Описание": null, "Рубрики": "Детские сады", "Адрес": "улица Дзержинского, 23а", "Комментарий к адресу": null, "Почтовый индекс": 650025, "Микрорайон": null, "Район": "Центральный район", "Город": "Кемерово", "Округ": "Кемеровский городской округ", "Регион": "Кемеровская область — Кузбасс", "Страна": "Россия", "Часы работы": "Пн: 07:00-19:00; Вт: 07:00-19:00; Ср: 07:00-19:00; Чт: 07:00-19:00; Пт: 07:00-19:00", "Часовой пояс": "+07:00", "Рейтинг": null, "Количество отзывов": null, "Телефон 1": "83842755483", "Телефон 2": null, "Телефон 3": null, "E-mail": null, "Веб-сайт 1": null, "Веб-сайт 2": null, "ВКонтакте": "https://vk.com/public212668289", "WhatsApp 1": null, "WhatsApp 2": null, "Viber": null, "Telegram 1": null, "Telegram 2": null, "YouTube": null, "Широта": 55.346625, "Долгота": 86.073828, "2GIS URL": "https://2gis.com/firm/704215722754803", "capacity": 109 }, "geometry": { "type": "Point", "coordinates": [ 86.073828, 55.346625 ] } },
{ "type": "Feature", "properties": { "Наименование": "Детский сад №163", "Описание": null, "Рубрики": "Детские сады", "Адрес": "проспект Ленина, 58а", "Комментарий к адресу": null, "Почтовый индекс": 650066, "Микрорайон": null, "Район": "Центральный район", "Город": "Кемерово", "Округ": "Кемеровский городской округ", "Регион": "Кемеровская область — Кузбасс", "Страна": "Россия", "Часы работы": "Пн: 07:00-19:00; Вт: 07:00-19:00; Ср: 07:00-19:00; Чт: 07:00-19:00; Пт: 07:00-19:00", "Часовой пояс": "+07:00", "Рейтинг": 5.0, "Количество отзывов": 1, "Телефон 1": "83842522333", "Телефон 2": null, "Телефон 3": null, "E-mail": null, "Веб-сайт 1": "http://мадоу163.рф", "Веб-сайт 2": null, "ВКонтакте": "https://vk.com/public215954615", "WhatsApp 1": null, "WhatsApp 2": null, "Viber": null, "Telegram 1": null, "Telegram 2": null, "YouTube": null, "Широта": 55.346191, "Долгота": 86.102048, "2GIS URL": "https://2gis.com/firm/704215722755014", "capacity": 175 }, "geometry": { "type": "Point", "coordinates": [ 86.102048, 55.346191 ] } },
{ "type": "Feature", "properties": { "Наименование": "IKIDS", "Описание": "частный детский сад", "Рубрики": "Частные детские сады", "Адрес": "Притомский проспект, 11", "Комментарий к адресу": "1 этаж", "Почтовый индекс": 650066, "Микрорайон": null, "Район": "Центральный район", "Город": "Кемерово", "Округ": "Кемеровский городской округ", "Регион": "Кемеровская область — Кузбасс", "Страна": "Россия", "Часы работы": "Пн: 07:30-19:00; Вт: 07:30-19:00; Ср: 07:30-19:00; Чт: 07:30-19:00; Пт: 07:30-19:00", "Часовой пояс": "+07:00", "Рейтинг": 4.7, "Количество отзывов": 38, "Телефон 1": "89236095111 (единый номер)", "Телефон 2": "89236185111 (единый номер)", "Телефон 3": null, "E-mail": "ikidskem@yandex.ru", "Веб-сайт 1": "http://taplink.cc/ikids_kem_", "Веб-сайт 2": null, "ВКонтакте": null, "WhatsApp 1": "https://wa.me/79236095111", "WhatsApp 2": "https://wa.me/79236185111", "Viber": null, "Telegram 1": "https://t.me/prostolubov72", "Telegram 2": null, "YouTube": null, "Широта": 55.354066, "Долгота": 86.115544, "2GIS URL": "https://2gis.com/firm/70000001035862523", "capacity": 35 }, "geometry": { "type": "Point", "coordinates": [ 86.115544, 55.354066 ] } },
{ "type": "Feature", "properties": { "Наименование": "Кораблик Детства", "Описание": "центр гармоничного развития ребенка", "Рубрики": "Частные детские сады; Центры раннего развития детей", "Адрес": "Соборная улица, 7", "Комментарий к адресу": "1 этаж", "Почтовый индекс": 650004, "Микрорайон": null, "Район": "Заводский район", "Город": "Кемерово", "Округ": "Кемеровский городской округ", "Регион": "Кемеровская область — Кузбасс", "Страна": "Россия", "Часы работы": "Пн: 07:00-19:00; Вт: 07:00-19:00; Ср: 07:00-19:00; Чт: 07:00-19:00; Пт: 07:00-19:00", "Часовой пояс": "+07:00", "Рейтинг": 4.4, "Количество отзывов": 14, "Телефон 1": "89609108497 (единый номер: пн-пт 7:00-19:00)", "Телефон 2": "89511806924 (единый номер: пн-пт 7:00-19:00)", "Телефон 3": null, "E-mail": null, "Веб-сайт 1": "http://childhoodboat.turbo.site", "Веб-сайт 2": null, "ВКонтакте": "https://vk.com/korablikdetstwa", "WhatsApp 1": "https://wa.me/79511806924", "WhatsApp 2": null, "Viber": null, "Telegram 1": null, "Telegram 2": null, "YouTube": null, "Широта": 55.341556, "Долгота": 86.096278, "2GIS URL": "https://2gis.com/firm/70000001022068626", "capacity": 45 }, "geometry": { "type": "Point", "coordinates": [ 86.096278, 55.341556 ] } },
{ "type": "Feature", "properties": { "Наименование": "Детская академия", "Описание": null, "Рубрики": "Частные детские сады; Центры раннего развития детей", "Адрес": "Соборная улица, 10", "Комментарий к адресу": "1 этаж", "Почтовый индекс": 650004, "Микрорайон": null, "Район": "Центральный район", "Город": "Кемерово", "Округ": "Кемеровский городской округ", "Регион": "Кемеровская область — Кузбасс", "Страна": "Россия", "Часы работы": "Пн: 09:00-20:00; Вт: 09:00-20:00; Ср: 09:00-20:00; Чт: 09:00-20:00; Пт: 09:00-20:00; Сб: 09:00-20:00; Вс: 09:00-20:00", "Часовой пояс": "+07:00", "Рейтинг": 4.8, "Количество отзывов": 24, "Телефон 1": "83842335505 (единая справочная: пн-вс 9:00-21:00)", "Телефон 2": null, "Телефон 3": null, "E-mail": "da.kemerovo@mail.ru", "Веб-сайт 1": "http://api.whatsapp.com/send/?phone=79029835505&text=%D0%97%D0%B4%D1%80%D0%B0%D0%B2%D1%81%D1%82%D0%B2%D1%83%D0%B9%D1%82%D0%B5!%0A%0A%D0%9C%D0%BD%D0%B5+%D0%B8%D0%BD%D1%82%D0%B5%D1%80%D0%B5%D1%81%D0%BD%D0%BE!%0A%0A%D0%A1%D0%B2%D1%8F%D0%B6%D0%B8%D1%82%D0%B5%D1%81%D1%8C+%D1%81%D0%BE+%D0%BC%D0%BD%D0%BE%D0%B9.%0A%0A&type=phone_number&app_absent=0", "Веб-сайт 2": null, "ВКонтакте": "https://vk.com/derzkiy.sadik", "WhatsApp 1": null, "WhatsApp 2": null, "Viber": null, "Telegram 1": null, "Telegram 2": null, "YouTube": null, "Широта": 55.341905, "Долгота": 86.098754, "2GIS URL": "https://2gis.com/firm/704215723025757", "capacity": 75 }, "geometry": { "type": "Point", "coordinates": [ 86.098754, 55.341905 ] } },
{ "type": "Feature", "properties": { "Наименование": "Идем в гости", "Описание": "группа кратковременного пребывания детей", "Рубрики": "Частные детские сады", "Адрес": "Николая Островского, 31", "Комментарий к адресу": null, "Почтовый индекс": 650000, "Микрорайон": null, "Район": "Центральный район", "Город": "Кемерово", "Округ": "Кемеровский городской округ", "Регион": "Кемеровская область — Кузбасс", "Страна": "Россия", "Часы работы": "Пн: 07:00-19:00; Вт: 07:00-19:00; Ср: 07:00-19:00; Чт: 07:00-19:00; Пт: 07:00-19:00", "Часовой пояс": "+07:00", "Рейтинг": 4.8, "Количество отзывов": 33, "Телефон 1": "89502626933", "Телефон 2": null, "Телефон 3": null, "E-mail": null, "Веб-сайт 1": null, "Веб-сайт 2": null, "ВКонтакте": "https://vk.com/club93030575", "WhatsApp 1": "https://wa.me/79502626933", "WhatsApp 2": "https://wa.me/79029836564", "Viber": null, "Telegram 1": null, "Telegram 2": null, "YouTube": null, "Широта": 55.35847, "Долгота": 86.084429, "2GIS URL": "https://2gis.com/firm/70000001018456502", "capacity": 35 }, "geometry": { "type": "Point", "coordinates": [ 86.084429, 55.35847 ] } },
{ "type": "Feature", "properties": { "Наименование": "Детский сад комбинированного вида №229", "Описание": null, "Рубрики": "Детские сады", "Адрес": "Тухачевского, 25а", "Комментарий к адресу": null, "Почтовый индекс": 650070, "Микрорайон": "ФПК м-н", "Район": "Заводский район", "Город": "Кемерово", "Округ": "Кемеровский городской округ", "Регион": "Кемеровская область — Кузбасс", "Страна": "Россия", "Часы работы": "Пн: 07:00-19:00; Вт: 07:00-19:00; Ср: 07:00-19:00; Чт: 07:00-19:00; Пт: 07:00-19:00", "Часовой пояс": "+07:00", "Рейтинг": 3.7, "Количество отзывов": 6, "Телефон 1": "83842311126", "Телефон 2": null, "Телефон 3": null, "E-mail": null, "Веб-сайт 1": "http://mdou229.ucoz.ru", "Веб-сайт 2": null, "ВКонтакте": "https://vk.com/mysad_229kem", "WhatsApp 1": null, "WhatsApp 2": null, "Viber": null, "Telegram 1": null, "Telegram 2": null, "YouTube": null, "Широта": 55.332153, "Долгота": 86.127858, "2GIS URL": "https://2gis.com/firm/704215722754182", "capacity": 286 }, "geometry": { "type": "Point", "coordinates": [ 86.127858, 55.332153 ] } },
{ "type": "Feature", "properties": { "Наименование": "Детский сад №236 комбинированного вида", "Описание": null, "Рубрики": "Детские сады", "Адрес": "Тухачевского, 39а", "Комментарий к адресу": null, "Почтовый индекс": 650070, "Микрорайон": "ФПК м-н", "Район": "Заводский район", "Город": "Кемерово", "Округ": "Кемеровский городской округ", "Регион": "Кемеровская область — Кузбасс", "Страна": "Россия", "Часы работы": "Пн: 07:00-19:00; Вт: 07:00-19:00; Ср: 07:00-19:00; Чт: 07:00-19:00; Пт: 07:00-19:00", "Часовой пояс": "+07:00", "Рейтинг": 4.7, "Количество отзывов": 3, "Телефон 1": "83842318855", "Телефон 2": null, "Телефон 3": null, "E-mail": null, "Веб-сайт 1": null, "Веб-сайт 2": null, "ВКонтакте": "https://vk.com/public215954029", "WhatsApp 1": null, "WhatsApp 2": null, "Viber": null, "Telegram 1": null, "Telegram 2": null, "YouTube": null, "Широта": 55.330793, "Долгота": 86.128926, "2GIS URL": "https://2gis.com/firm/704215722755122", "capacity": 338 }, "geometry": { "type": "Point", "coordinates": [ 86.128926, 55.330793 ] } },
{ "type": "Feature", "properties": { "Наименование": "Волшебный замок", "Описание": null, "Рубрики": "Детские сады", "Адрес": "Веры Волошиной, 43Б", "Комментарий к адресу": null, "Почтовый индекс": 650040, "Микрорайон": "Южный м-н", "Район": "Заводский район", "Город": "Кемерово", "Округ": "Кемеровский городской округ", "Регион": "Кемеровская область — Кузбасс", "Страна": "Россия", "Часы работы": "Пн: 07:00-19:00; Вт: 07:00-19:00; Ср: 07:00-19:00; Чт: 07:00-19:00; Пт: 07:00-19:00", "Часовой пояс": "+07:00", "Рейтинг": 4.8, "Количество отзывов": 6, "Телефон 1": "83842387969", "Телефон 2": "83842655138", "Телефон 3": "83842387788 (заведующая)", "E-mail": null, "Веб-сайт 1": "http://волшебныйзамок42.рф", "Веб-сайт 2": null, "ВКонтакте": "https://vk.com/public215943437", "WhatsApp 1": null, "WhatsApp 2": null, "Viber": null, "Telegram 1": null, "Telegram 2": null, "YouTube": null, "Широта": 55.308656, "Долгота": 86.092665, "2GIS URL": "https://2gis.com/firm/704215722877307", "capacity": 212 }, "geometry": { "type": "Point", "coordinates": [ 86.092665, 55.308656 ] } },
{ "type": "Feature", "properties": { "Наименование": "Детский сад №232 комбинированного вида", "Описание": null, "Рубрики": "Детские сады", "Адрес": "Веры Волошиной, 20а", "Комментарий к адресу": null, "Почтовый индекс": 650024, "Микрорайон": "Южный м-н", "Район": "Заводский район", "Город": "Кемерово", "Округ": "Кемеровский городской округ", "Регион": "Кемеровская область — Кузбасс", "Страна": "Россия", "Часы работы": "Пн: 07:00-19:00; Вт: 07:00-19:00; Ср: 07:00-19:00; Чт: 07:00-19:00; Пт: 07:00-19:00", "Часовой пояс": "+07:00", "Рейтинг": 3.7, "Количество отзывов": 8, "Телефон 1": "83842654333", "Телефон 2": null, "Телефон 3": null, "E-mail": null, "Веб-сайт 1": null, "Веб-сайт 2": null, "ВКонтакте": "https://vk.com/madou232skazka", "WhatsApp 1": null, "WhatsApp 2": null, "Viber": null, "Telegram 1": null, "Telegram 2": null, "YouTube": null, "Широта": 55.314431, "Долгота": 86.07773, "2GIS URL": "https://2gis.com/firm/704215722755118", "capacity": 390 }, "geometry": { "type": "Point", "coordinates": [ 86.07773, 55.314431 ] } },
{ "type": "Feature", "properties": { "Наименование": "Детский сад №48 общеразвивающего вида", "Описание": null, "Рубрики": "Детские сады", "Адрес": "Космическая улица, 3Б", "Комментарий к адресу": null, "Почтовый индекс": 650024, "Микрорайон": "Южный м-н", "Район": "Заводский район", "Город": "Кемерово", "Округ": "Кемеровский городской округ", "Регион": "Кемеровская область — Кузбасс", "Страна": "Россия", "Часы работы": "Пн: 07:00-19:00; Вт: 07:00-19:00; Ср: 07:00-19:00; Чт: 07:00-19:00; Пт: 07:00-19:00", "Часовой пояс": "+07:00", "Рейтинг": 5.0, "Количество отзывов": 3, "Телефон 1": "83842287272", "Телефон 2": null, "Телефон 3": null, "E-mail": null, "Веб-сайт 1": null, "Веб-сайт 2": null, "ВКонтакте": "https://vk.com/detskysad48kemerovo2022", "WhatsApp 1": null, "WhatsApp 2": null, "Viber": null, "Telegram 1": null, "Telegram 2": null, "YouTube": null, "Широта": 55.321276, "Долгота": 86.078006, "2GIS URL": "https://2gis.com/firm/704215722754773", "capacity": 140 }, "geometry": { "type": "Point", "coordinates": [ 86.078006, 55.321276 ] } },
{ "type": "Feature", "properties": { "Наименование": "Детский сад №197 комбинированного вида", "Описание": null, "Рубрики": "Детские сады", "Адрес": "Веры Волошиной, 27а", "Комментарий к адресу": null, "Почтовый индекс": 650024, "Микрорайон": "Южный м-н", "Район": "Заводский район", "Город": "Кемерово", "Округ": "Кемеровский городской округ", "Регион": "Кемеровская область — Кузбасс", "Страна": "Россия", "Часы работы": "Пн: 07:00-19:00; Вт: 07:00-19:00; Ср: 07:00-19:00; Чт: 07:00-19:00; Пт: 07:00-19:00", "Часовой пояс": "+07:00", "Рейтинг": 4.6, "Количество отзывов": 9, "Телефон 1": "83842655733", "Телефон 2": null, "Телефон 3": null, "E-mail": null, "Веб-сайт 1": null, "Веб-сайт 2": null, "ВКонтакте": "https://vk.com/club215993494", "WhatsApp 1": null, "WhatsApp 2": null, "Viber": null, "Telegram 1": "https://t.me/mbdou_197kem", "Telegram 2": null, "YouTube": null, "Широта": 55.313432, "Долгота": 86.084319, "2GIS URL": "https://2gis.com/firm/704215722755075", "capacity": 154 }, "geometry": { "type": "Point", "coordinates": [ 86.084319, 55.313432 ] } },
{ "type": "Feature", "properties": { "Наименование": "Детский сад №70 общеразвивающего вида", "Описание": null, "Рубрики": "Детские сады", "Адрес": "Муромцева, 1а", "Комментарий к адресу": null, "Почтовый индекс": 650051, "Микрорайон": "РТС м-н", "Район": "Заводский район", "Город": "Кемерово", "Округ": "Кемеровский городской округ", "Регион": "Кемеровская область — Кузбасс", "Страна": "Россия", "Часы работы": "Пн: 07:00-19:00; Вт: 07:00-19:00; Ср: 07:00-19:00; Чт: 07:00-19:00; Пт: 07:00-19:00", "Часовой пояс": "+07:00", "Рейтинг": 5.0, "Количество отзывов": 5, "Телефон 1": "83842287816", "Телефон 2": null, "Телефон 3": null, "E-mail": null, "Веб-сайт 1": null, "Веб-сайт 2": null, "ВКонтакте": null, "WhatsApp 1": null, "WhatsApp 2": null, "Viber": null, "Telegram 1": null, "Telegram 2": null, "YouTube": null, "Широта": 55.309826, "Долгота": 86.018517, "2GIS URL": "https://2gis.com/firm/704215722754797", "capacity": 82 }, "geometry": { "type": "Point", "coordinates": [ 86.018517, 55.309826 ] } },
{ "type": "Feature", "properties": { "Наименование": "Филипок", "Описание": null, "Рубрики": "Детские сады", "Адрес": "Дружбы, 35в", "Комментарий к адресу": null, "Почтовый индекс": 650040, "Микрорайон": "Южный м-н", "Район": "Заводский район", "Город": "Кемерово", "Округ": "Кемеровский городской округ", "Регион": "Кемеровская область — Кузбасс", "Страна": "Россия", "Часы работы": "Пн: 07:00-19:00; Вт: 07:00-19:00; Ср: 07:00-19:00; Чт: 07:00-19:00; Пт: 07:00-19:00", "Часовой пояс": "+07:00", "Рейтинг": 4.9, "Количество отзывов": 6, "Телефон 1": "83842774404", "Телефон 2": "83842774403", "Телефон 3": "83842774402", "E-mail": null, "Веб-сайт 1": null, "Веб-сайт 2": null, "ВКонтакте": "https://vk.com/public215974308", "WhatsApp 1": null, "WhatsApp 2": null, "Viber": null, "Telegram 1": null, "Telegram 2": null, "YouTube": null, "Широта": 55.314928, "Долгота": 86.100753, "2GIS URL": "https://2gis.com/firm/70000001017867174", "capacity": 386 }, "geometry": { "type": "Point", "coordinates": [ 86.100753, 55.314928 ] } },
{ "type": "Feature", "properties": { "Наименование": "Центр развития ребенка-детский сад №191", "Описание": null, "Рубрики": "Детские сады", "Адрес": "улица Сибиряков-Гвардейцев, 17а", "Комментарий к адресу": null, "Почтовый индекс": 650055, "Микрорайон": null, "Район": "Заводский район", "Город": "Кемерово", "Округ": "Кемеровский городской округ", "Регион": "Кемеровская область — Кузбасс", "Страна": "Россия", "Часы работы": "Пн: 07:00-19:00; Вт: 07:00-19:00; Ср: 07:00-19:00; Чт: 07:00-19:00; Пт: 07:00-19:00", "Часовой пояс": "+07:00", "Рейтинг": 5.0, "Количество отзывов": 1, "Телефон 1": "83842281892", "Телефон 2": null, "Телефон 3": null, "E-mail": null, "Веб-сайт 1": "http://садик-191.рф", "Веб-сайт 2": null, "ВКонтакте": "https://vk.com/mbdoy191", "WhatsApp 1": null, "WhatsApp 2": null, "Viber": null, "Telegram 1": "https://t.me/ds_191", "Telegram 2": null, "YouTube": null, "Широта": 55.335204, "Долгота": 86.073828, "2GIS URL": "https://2gis.com/firm/704215722755062", "capacity": 140 }, "geometry": { "type": "Point", "coordinates": [ 86.073828, 55.335204 ] } },
{ "type": "Feature", "properties": { "Наименование": "Центр развития ребенка-детский сад №191", "Описание": null, "Рубрики": "Детские сады", "Адрес": "Пролетарская, 36", "Комментарий к адресу": null, "Почтовый индекс": 650055, "Микрорайон": null, "Район": "Заводский район", "Город": "Кемерово", "Округ": "Кемеровский городской округ", "Регион": "Кемеровская область — Кузбасс", "Страна": "Россия", "Часы работы": "Пн: 07:00-19:00; Вт: 07:00-19:00; Ср: 07:00-19:00; Чт: 07:00-19:00; Пт: 07:00-19:00", "Часовой пояс": "+07:00", "Рейтинг": 5.0, "Количество отзывов": 3, "Телефон 1": "83842281892", "Телефон 2": null, "Телефон 3": null, "E-mail": null, "Веб-сайт 1": "http://садик-191.рф", "Веб-сайт 2": null, "ВКонтакте": "https://vk.com/mbdoy191", "WhatsApp 1": null, "WhatsApp 2": null, "Viber": null, "Telegram 1": "https://t.me/ds_191", "Telegram 2": null, "YouTube": null, "Широта": 55.330151, "Долгота": 86.067817, "2GIS URL": "https://2gis.com/firm/70000001069316684", "capacity": 115 }, "geometry": { "type": "Point", "coordinates": [ 86.067817, 55.330151 ] } },
{ "type": "Feature", "properties": { "Наименование": "Детский сад №233 комбинированного вида", "Описание": null, "Рубрики": "Детские сады", "Адрес": "Молодёжный проспект, 5а", "Комментарий к адресу": null, "Почтовый индекс": 650070, "Микрорайон": "ФПК м-н", "Район": "Заводский район", "Город": "Кемерово", "Округ": "Кемеровский городской округ", "Регион": "Кемеровская область — Кузбасс", "Страна": "Россия", "Часы работы": "Пн: 07:00-19:00; Вт: 07:00-19:00; Ср: 07:00-19:00; Чт: 07:00-19:00; Пт: 07:00-19:00", "Часовой пояс": "+07:00", "Рейтинг": 3.9, "Количество отзывов": 5, "Телефон 1": "83842315420", "Телефон 2": null, "Телефон 3": null, "E-mail": null, "Веб-сайт 1": null, "Веб-сайт 2": null, "ВКонтакте": "https://vk.com/public215953610", "WhatsApp 1": null, "WhatsApp 2": null, "Viber": null, "Telegram 1": null, "Telegram 2": null, "YouTube": null, "Широта": 55.326924, "Долгота": 86.128597, "2GIS URL": "https://2gis.com/firm/704215722755120", "capacity": 304 }, "geometry": { "type": "Point", "coordinates": [ 86.128597, 55.326924 ] } },
{ "type": "Feature", "properties": { "Наименование": "Академия детства", "Описание": null, "Рубрики": "Детские сады", "Адрес": "Тухачевского, 47/1", "Комментарий к адресу": null, "Почтовый индекс": 650070, "Микрорайон": "ФПК м-н", "Район": "Заводский район", "Город": "Кемерово", "Округ": "Кемеровский городской округ", "Регион": "Кемеровская область — Кузбасс", "Страна": "Россия", "Часы работы": "Пн: 07:00-19:00; Вт: 07:00-19:00; Ср: 07:00-19:00; Чт: 07:00-19:00; Пт: 07:00-19:00", "Часовой пояс": "+07:00", "Рейтинг": 2.8, "Количество отзывов": 5, "Телефон 1": "83842319323", "Телефон 2": "83842319578", "Телефон 3": "83842319299", "E-mail": null, "Веб-сайт 1": null, "Веб-сайт 2": null, "ВКонтакте": "https://vk.com/public215940681", "WhatsApp 1": null, "WhatsApp 2": null, "Viber": null, "Telegram 1": null, "Telegram 2": null, "YouTube": null, "Широта": 55.326142, "Долгота": 86.128366, "2GIS URL": "https://2gis.com/firm/704215722926985", "capacity": 225 }, "geometry": { "type": "Point", "coordinates": [ 86.128366, 55.326142 ] } },
{ "type": "Feature", "properties": { "Наименование": "Детский сад №29 присмотра и оздоровления", "Описание": null, "Рубрики": "Детские сады", "Адрес": "Ульяны Громовой, 14", "Комментарий к адресу": null, "Почтовый индекс": 650024, "Микрорайон": "Южный м-н", "Район": "Заводский район", "Город": "Кемерово", "Округ": "Кемеровский городской округ", "Регион": "Кемеровская область — Кузбасс", "Страна": "Россия", "Часы работы": "Пн: 07:00-19:00; Вт: 07:00-19:00; Ср: 07:00-19:00; Чт: 07:00-19:00; Пт: 07:00-19:00", "Часовой пояс": "+07:00", "Рейтинг": 5.0, "Количество отзывов": 2, "Телефон 1": "83842383958", "Телефон 2": null, "Телефон 3": null, "E-mail": null, "Веб-сайт 1": null, "Веб-сайт 2": null, "ВКонтакте": null, "WhatsApp 1": null, "WhatsApp 2": null, "Viber": null, "Telegram 1": null, "Telegram 2": null, "YouTube": null, "Широта": 55.319882, "Долгота": 86.07992, "2GIS URL": "https://2gis.com/firm/704215722754749", "capacity": 148 }, "geometry": { "type": "Point", "coordinates": [ 86.07992, 55.319882 ] } },
{ "type": "Feature", "properties": { "Наименование": "Детский сад №195 общеразвивающего вида", "Описание": null, "Рубрики": "Детские сады", "Адрес": "Веры Волошиной, 29а", "Комментарий к адресу": null, "Почтовый индекс": 650024, "Микрорайон": "Южный м-н", "Район": "Заводский район", "Город": "Кемерово", "Округ": "Кемеровский городской округ", "Регион": "Кемеровская область — Кузбасс", "Страна": "Россия", "Часы работы": "Пн: 07:00-19:00; Вт: 07:00-19:00; Ср: 07:00-19:00; Чт: 07:00-19:00; Пт: 07:00-19:00", "Часовой пояс": "+07:00", "Рейтинг": 5.0, "Количество отзывов": 1, "Телефон 1": "83842655811", "Телефон 2": null, "Телефон 3": null, "E-mail": null, "Веб-сайт 1": "http://mdouv195-kem.ucoz.ru", "Веб-сайт 2": null, "ВКонтакте": "https://vk.com/public215952205", "WhatsApp 1": null, "WhatsApp 2": null, "Viber": null, "Telegram 1": null, "Telegram 2": null, "YouTube": null, "Широта": 55.312895, "Долгота": 86.085193, "2GIS URL": "https://2gis.com/firm/704215722755064", "capacity": 154 }, "geometry": { "type": "Point", "coordinates": [ 86.085193, 55.312895 ] } },
{ "type": "Feature", "properties": { "Наименование": "Детский сад №150 общеразвивающего вида", "Описание": null, "Рубрики": "Детские сады", "Адрес": "3-я линия, 12", "Комментарий к адресу": null, "Почтовый индекс": 650032, "Микрорайон": "Южный м-н", "Район": "Заводский район", "Город": "Кемерово", "Округ": "Кемеровский городской округ", "Регион": "Кемеровская область — Кузбасс", "Страна": "Россия", "Часы работы": "Пн: 07:00-19:00; Вт: 07:00-19:00; Ср: 07:00-19:00; Чт: 07:00-19:00; Пт: 07:00-19:00", "Часовой пояс": "+07:00", "Рейтинг": 5.0, "Количество отзывов": 2, "Телефон 1": "83842654122", "Телефон 2": null, "Телефон 3": null, "E-mail": null, "Веб-сайт 1": null, "Веб-сайт 2": null, "ВКонтакте": null, "WhatsApp 1": null, "WhatsApp 2": null, "Viber": null, "Telegram 1": null, "Telegram 2": null, "YouTube": null, "Широта": 55.317637, "Долгота": 86.069666, "2GIS URL": "https://2gis.com/firm/704215722754889", "capacity": 162 }, "geometry": { "type": "Point", "coordinates": [ 86.069666, 55.317637 ] } },
{ "type": "Feature", "properties": { "Наименование": "Детский сад №242 общеразвивающего вида", "Описание": null, "Рубрики": "Детские сады", "Адрес": "Щегловский переулок, 18", "Комментарий к адресу": null, "Почтовый индекс": 650070, "Микрорайон": "ФПК м-н", "Район": "Заводский район", "Город": "Кемерово", "Округ": "Кемеровский городской округ", "Регион": "Кемеровская область — Кузбасс", "Страна": "Россия", "Часы работы": "Пн: 07:00-19:00; Вт: 07:00-19:00; Ср: 07:00-19:00; Чт: 07:00-19:00; Пт: 07:00-19:00", "Часовой пояс": "+07:00", "Рейтинг": 4.5, "Количество отзывов": 2, "Телефон 1": "83842314744", "Телефон 2": "83842314245", "Телефон 3": null, "E-mail": null, "Веб-сайт 1": "http://madou242.ucoz.ru", "Веб-сайт 2": null, "ВКонтакте": "https://vk.com/public215979773", "WhatsApp 1": null, "WhatsApp 2": null, "Viber": null, "Telegram 1": null, "Telegram 2": null, "YouTube": null, "Широта": 55.326034, "Долгота": 86.105079, "2GIS URL": "https://2gis.com/firm/704215723004251", "capacity": 86 }, "geometry": { "type": "Point", "coordinates": [ 86.105079, 55.326034 ] } },
{ "type": "Feature", "properties": { "Наименование": "Детский сад №21 комбинированного вида", "Описание": null, "Рубрики": "Детские сады", "Адрес": "Космическая улица, 2а", "Комментарий к адресу": null, "Почтовый индекс": 650024, "Микрорайон": null, "Район": "Заводский район", "Город": "Кемерово", "Округ": "Кемеровский городской округ", "Регион": "Кемеровская область — Кузбасс", "Страна": "Россия", "Часы работы": "Пн: 07:00-19:00; Вт: 07:00-19:00; Ср: 07:00-19:00; Чт: 07:00-19:00; Пт: 07:00-19:00", "Часовой пояс": "+07:00", "Рейтинг": 2.4, "Количество отзывов": 3, "Телефон 1": "83842376557 (телефон-факс)", "Телефон 2": "83842376547", "Телефон 3": null, "E-mail": null, "Веб-сайт 1": null, "Веб-сайт 2": null, "ВКонтакте": "https://vk.com/public211261849", "WhatsApp 1": null, "WhatsApp 2": null, "Viber": null, "Telegram 1": null, "Telegram 2": null, "YouTube": null, "Широта": 55.328753, "Долгота": 86.068906, "2GIS URL": "https://2gis.com/firm/704215723186369", "capacity": 138 }, "geometry": { "type": "Point", "coordinates": [ 86.068906, 55.328753 ] } },
{ "type": "Feature", "properties": { "Наименование": "Гнёздышко", "Описание": null, "Рубрики": "Детские сады", "Адрес": "Веры Волошиной, 31а", "Комментарий к адресу": null, "Почтовый индекс": 650024, "Микрорайон": "Южный м-н", "Район": "Заводский район", "Город": "Кемерово", "Округ": "Кемеровский городской округ", "Регион": "Кемеровская область — Кузбасс", "Страна": "Россия", "Часы работы": "Пн: 07:00-19:00; Вт: 07:00-19:00; Ср: 07:00-19:00; Чт: 07:00-19:00; Пт: 07:00-19:00", "Часовой пояс": "+07:00", "Рейтинг": 5.0, "Количество отзывов": 8, "Телефон 1": "83842383440", "Телефон 2": null, "Телефон 3": null, "E-mail": null, "Веб-сайт 1": "http://gnezdyshko205.ucoz.org", "Веб-сайт 2": null, "ВКонтакте": "https://vk.com/public211934019", "WhatsApp 1": null, "WhatsApp 2": null, "Viber": null, "Telegram 1": null, "Telegram 2": null, "YouTube": null, "Широта": 55.312151, "Долгота": 86.086325, "2GIS URL": "https://2gis.com/firm/704215722830814", "capacity": 152 }, "geometry": { "type": "Point", "coordinates": [ 86.086325, 55.312151 ] } },
{ "type": "Feature", "properties": { "Наименование": "Средняя общеобразовательная школа №65", "Описание": "дошкольное отделение", "Рубрики": "Детские сады", "Адрес": "Семашко, 46", "Комментарий к адресу": null, "Почтовый индекс": 650010, "Микрорайон": null, "Район": "Заводский район", "Город": "Кемерово", "Округ": "Кемеровский городской округ", "Регион": "Кемеровская область — Кузбасс", "Страна": "Россия", "Часы работы": "Пн: 07:00-19:00; Вт: 07:00-19:00; Ср: 07:00-19:00; Чт: 07:00-19:00; Пт: 07:00-19:00", "Часовой пояс": "+07:00", "Рейтинг": 1.0, "Количество отзывов": 2, "Телефон 1": "83842213330", "Телефон 2": null, "Телефон 3": null, "E-mail": null, "Веб-сайт 1": null, "Веб-сайт 2": null, "ВКонтакте": null, "WhatsApp 1": null, "WhatsApp 2": null, "Viber": null, "Telegram 1": null, "Telegram 2": null, "YouTube": null, "Широта": 55.341688, "Долгота": 86.036173, "2GIS URL": "https://2gis.com/firm/704216723331924", "capacity": 45 }, "geometry": { "type": "Point", "coordinates": [ 86.036173, 55.341688 ] } },
{ "type": "Feature", "properties": { "Наименование": "Детский сад №202 общеразвивающего вида с приоритетным осуществлением деятельности по художественно-эстетическому направлению развития воспитанников", "Описание": null, "Рубрики": "Детские сады", "Адрес": "Веры Волошиной, 25а", "Комментарий к адресу": null, "Почтовый индекс": 650024, "Микрорайон": "Южный м-н", "Район": "Заводский район", "Город": "Кемерово", "Округ": "Кемеровский городской округ", "Регион": "Кемеровская область — Кузбасс", "Страна": "Россия", "Часы работы": "Пн: 07:00-19:00; Вт: 07:00-19:00; Ср: 07:00-19:00; Чт: 07:00-19:00; Пт: 07:00-19:00 (прием граждан: вт 12:00-18:30)", "Часовой пояс": "+07:00", "Рейтинг": 4.3, "Количество отзывов": 5, "Телефон 1": "83842655900", "Телефон 2": null, "Телефон 3": null, "E-mail": null, "Веб-сайт 1": "http://mdou-202.ucoz.ru", "Веб-сайт 2": null, "ВКонтакте": null, "WhatsApp 1": null, "WhatsApp 2": null, "Viber": null, "Telegram 1": null, "Telegram 2": null, "YouTube": null, "Широта": 55.314087, "Долгота": 86.083245, "2GIS URL": "https://2gis.com/firm/704215722755082", "capacity": 154 }, "geometry": { "type": "Point", "coordinates": [ 86.083245, 55.314087 ] } },
{ "type": "Feature", "properties": { "Наименование": "Детский сад №10 комбинированного вида", "Описание": null, "Рубрики": "Детские сады", "Адрес": "Пионер, 9а", "Комментарий к адресу": null, "Почтовый индекс": 650907, "Микрорайон": "Пионер м-н", "Район": "Заводский район", "Город": "Кемерово", "Округ": "Кемеровский городской округ", "Регион": "Кемеровская область — Кузбасс", "Страна": "Россия", "Часы работы": "Пн: 07:00-19:00; Вт: 07:00-19:00; Ср: 07:00-19:00; Чт: 07:00-19:00; Пт: 07:00-19:00", "Часовой пояс": "+07:00", "Рейтинг": 2.5, "Количество отзывов": 2, "Телефон 1": "83842571691", "Телефон 2": null, "Телефон 3": null, "E-mail": null, "Веб-сайт 1": "http://mdou10skazka.ru", "Веб-сайт 2": null, "ВКонтакте": null, "WhatsApp 1": null, "WhatsApp 2": null, "Viber": null, "Telegram 1": "https://t.me/mdou10skazka", "Telegram 2": null, "YouTube": null, "Широта": 55.320118, "Долгота": 85.947297, "2GIS URL": "https://2gis.com/firm/70000001021164583", "capacity": 136 }, "geometry": { "type": "Point", "coordinates": [ 85.947297, 55.320118 ] } },
{ "type": "Feature", "properties": { "Наименование": "Детский сад №158", "Описание": null, "Рубрики": "Детские сады", "Адрес": "Белозёрная, 40Б", "Комментарий к адресу": null, "Почтовый индекс": 650905, "Микрорайон": "Ягуновский м-н", "Район": "Заводский район", "Город": "Кемерово", "Округ": "Кемеровский городской округ", "Регион": "Кемеровская область — Кузбасс", "Страна": "Россия", "Часы работы": "Пн: 07:00-19:00; Вт: 07:00-19:00; Ср: 07:00-19:00; Чт: 07:00-19:00; Пт: 07:00-19:00", "Часовой пояс": "+07:00", "Рейтинг": 5.0, "Количество отзывов": 2, "Телефон 1": "83842901041", "Телефон 2": null, "Телефон 3": null, "E-mail": null, "Веб-сайт 1": "http://detsad158.ucoz.com", "Веб-сайт 2": null, "ВКонтакте": null, "WhatsApp 1": null, "WhatsApp 2": null, "Viber": null, "Telegram 1": null, "Telegram 2": null, "YouTube": null, "Широта": 55.278667, "Долгота": 85.985463, "2GIS URL": "https://2gis.com/firm/704215722754911", "capacity": 140 }, "geometry": { "type": "Point", "coordinates": [ 85.985463, 55.278667 ] } },
{ "type": "Feature", "properties": { "Наименование": "Детский сад №158", "Описание": null, "Рубрики": "Детские сады", "Адрес": "Барнаульская, 21", "Комментарий к адресу": null, "Почтовый индекс": 650905, "Микрорайон": "Ягуновский м-н", "Район": "Заводский район", "Город": "Кемерово", "Округ": "Кемеровский городской округ", "Регион": "Кемеровская область — Кузбасс", "Страна": "Россия", "Часы работы": "Пн: 07:00-19:00; Вт: 07:00-19:00; Ср: 07:00-19:00; Чт: 07:00-19:00; Пт: 07:00-19:00", "Часовой пояс": "+07:00", "Рейтинг": 5.0, "Количество отзывов": 3, "Телефон 1": "83842901958", "Телефон 2": null, "Телефон 3": null, "E-mail": null, "Веб-сайт 1": "http://detsad158.ucoz.com", "Веб-сайт 2": null, "ВКонтакте": null, "WhatsApp 1": null, "WhatsApp 2": null, "Viber": null, "Telegram 1": null, "Telegram 2": null, "YouTube": null, "Широта": 55.281243, "Долгота": 85.989295, "2GIS URL": "https://2gis.com/firm/70000001047901658", "capacity": 195 }, "geometry": { "type": "Point", "coordinates": [ 85.989295, 55.281243 ] } },
{ "type": "Feature", "properties": { "Наименование": "Академия детства", "Описание": "Корпус №2", "Рубрики": "Детские сады", "Адрес": "Молодёжный проспект, 33а", "Комментарий к адресу": null, "Почтовый индекс": 650070, "Микрорайон": "ФПК м-н", "Район": "Заводский район", "Город": "Кемерово", "Округ": "Кемеровский городской округ", "Регион": "Кемеровская область — Кузбасс", "Страна": "Россия", "Часы работы": "Пн: 07:00-19:00; Вт: 07:00-19:00; Ср: 07:00-19:00; Чт: 07:00-19:00; Пт: 07:00-19:00", "Часовой пояс": "+07:00", "Рейтинг": 4.0, "Количество отзывов": 1, "Телефон 1": null, "Телефон 2": null, "Телефон 3": null, "E-mail": null, "Веб-сайт 1": null, "Веб-сайт 2": null, "ВКонтакте": null, "WhatsApp 1": null, "WhatsApp 2": null, "Viber": null, "Telegram 1": null, "Telegram 2": null, "YouTube": null, "Широта": 55.322477, "Долгота": 86.116858, "2GIS URL": "https://2gis.com/firm/70000001043806077", "capacity": 202 }, "geometry": { "type": "Point", "coordinates": [ 86.116858, 55.322477 ] } },
{ "type": "Feature", "properties": { "Наименование": "Центр развития ребенка-детский сад № 130", "Описание": null, "Рубрики": "Детские сады", "Адрес": "Свободы, 15Б", "Комментарий к адресу": null, "Почтовый индекс": 650070, "Микрорайон": "ФПК м-н", "Район": "Заводский район", "Город": "Кемерово", "Округ": "Кемеровский городской округ", "Регион": "Кемеровская область — Кузбасс", "Страна": "Россия", "Часы работы": "Пн: 07:00-19:00; Вт: 07:00-19:00; Ср: 07:00-19:00; Чт: 07:00-19:00; Пт: 07:00-19:00", "Часовой пояс": "+07:00", "Рейтинг": 5.0, "Количество отзывов": 1, "Телефон 1": "83842568249", "Телефон 2": null, "Телефон 3": null, "E-mail": null, "Веб-сайт 1": null, "Веб-сайт 2": null, "ВКонтакте": "https://vk.com/public216047585", "WhatsApp 1": null, "WhatsApp 2": null, "Viber": null, "Telegram 1": null, "Telegram 2": null, "YouTube": null, "Широта": 55.328199, "Долгота": 86.114261, "2GIS URL": "https://2gis.com/firm/704215722874103", "capacity": 40 }, "geometry": { "type": "Point", "coordinates": [ 86.114261, 55.328199 ] } },
{ "type": "Feature", "properties": { "Наименование": "Современные дети", "Описание": null, "Рубрики": "Детские сады", "Адрес": "Космическая улица, 26а", "Комментарий к адресу": null, "Почтовый индекс": 650040, "Микрорайон": "Южный м-н", "Район": "Заводский район", "Город": "Кемерово", "Округ": "Кемеровский городской округ", "Регион": "Кемеровская область — Кузбасс", "Страна": "Россия", "Часы работы": "Пн: 07:00-19:00; Вт: 07:00-19:00; Ср: 07:00-19:00; Чт: 07:00-19:00; Пт: 07:00-19:00", "Часовой пояс": "+07:00", "Рейтинг": 3.5, "Количество отзывов": 17, "Телефон 1": "83842772433", "Телефон 2": "83842773686", "Телефон 3": "83842773319", "E-mail": null, "Веб-сайт 1": null, "Веб-сайт 2": null, "ВКонтакте": "https://vk.com/public151244651", "WhatsApp 1": null, "WhatsApp 2": null, "Viber": null, "Telegram 1": null, "Telegram 2": null, "YouTube": null, "Широта": 55.312464, "Долгота": 86.098, "2GIS URL": "https://2gis.com/firm/70000001054153221", "capacity": 315 }, "geometry": { "type": "Point", "coordinates": [ 86.098, 55.312464 ] } },
{ "type": "Feature", "properties": { "Наименование": "Детский сад №195 общеразвивающего вида", "Описание": null, "Рубрики": "Детские сады", "Адрес": "Дружбы, 21", "Комментарий к адресу": null, "Почтовый индекс": 650040, "Микрорайон": "Южный м-н", "Район": "Заводский район", "Город": "Кемерово", "Округ": "Кемеровский городской округ", "Регион": "Кемеровская область — Кузбасс", "Страна": "Россия", "Часы работы": "Пн: 07:00-19:00; Вт: 07:00-19:00; Ср: 07:00-19:00; Чт: 07:00-19:00; Пт: 07:00-19:00", "Часовой пояс": "+07:00", "Рейтинг": 4.0, "Количество отзывов": 4, "Телефон 1": "83842657503", "Телефон 2": null, "Телефон 3": null, "E-mail": null, "Веб-сайт 1": "http://mdouv195-kem.ucoz.ru", "Веб-сайт 2": null, "ВКонтакте": "https://vk.com/public215952205", "WhatsApp 1": null, "WhatsApp 2": null, "Viber": null, "Telegram 1": null, "Telegram 2": null, "YouTube": null, "Широта": 55.310877, "Долгота": 86.095492, "2GIS URL": "https://2gis.com/firm/70000001030354553", "capacity": 250 }, "geometry": { "type": "Point", "coordinates": [ 86.095492, 55.310877 ] } },
{ "type": "Feature", "properties": { "Наименование": "Детский сад №10 комбинированного вида", "Описание": null, "Рубрики": "Детские сады", "Адрес": "Пионер, 9", "Комментарий к адресу": null, "Почтовый индекс": 650907, "Микрорайон": "Пионер м-н", "Район": "Заводский район", "Город": "Кемерово", "Округ": "Кемеровский городской округ", "Регион": "Кемеровская область — Кузбасс", "Страна": "Россия", "Часы работы": "Пн: 07:00-19:00; Вт: 07:00-19:00; Ср: 07:00-19:00; Чт: 07:00-19:00; Пт: 07:00-19:00", "Часовой пояс": "+07:00", "Рейтинг": 5.0, "Количество отзывов": 5, "Телефон 1": "83842571026", "Телефон 2": null, "Телефон 3": null, "E-mail": null, "Веб-сайт 1": "http://mdou10skazka.ru", "Веб-сайт 2": null, "ВКонтакте": null, "WhatsApp 1": null, "WhatsApp 2": null, "Viber": null, "Telegram 1": "https://t.me/mdou10skazka", "Telegram 2": null, "YouTube": null, "Широта": 55.32086, "Долгота": 85.947737, "2GIS URL": "https://2gis.com/firm/70000001021164310", "capacity": 150 }, "geometry": { "type": "Point", "coordinates": [ 85.947737, 55.32086 ] } },
{ "type": "Feature", "properties": { "Наименование": "Солнечный город", "Описание": null, "Рубрики": "Детские сады", "Адрес": "улица Юрия Двужильного, 34", "Комментарий к адресу": null, "Почтовый индекс": 650040, "Микрорайон": "Южный м-н", "Район": "Заводский район", "Город": "Кемерово", "Округ": "Кемеровский городской округ", "Регион": "Кемеровская область — Кузбасс", "Страна": "Россия", "Часы работы": "Пн: 07:00-19:00; Вт: 07:00-19:00; Ср: 07:00-19:00; Чт: 07:00-19:00; Пт: 07:00-19:00", "Часовой пояс": "+07:00", "Рейтинг": 4.4, "Количество отзывов": 7, "Телефон 1": "83842654483", "Телефон 2": "83842654615", "Телефон 3": "83842654573", "E-mail": null, "Веб-сайт 1": null, "Веб-сайт 2": null, "ВКонтакте": "https://vk.com/public151244651", "WhatsApp 1": null, "WhatsApp 2": null, "Viber": null, "Telegram 1": null, "Telegram 2": null, "YouTube": null, "Широта": 55.310124, "Долгота": 86.090425, "2GIS URL": "https://2gis.com/firm/704215723090655", "capacity": 225 }, "geometry": { "type": "Point", "coordinates": [ 86.090425, 55.310124 ] } },
{ "type": "Feature", "properties": { "Наименование": "Звездочка", "Описание": null, "Рубрики": "Детские сады", "Адрес": "1-я линия, 20/1", "Комментарий к адресу": null, "Почтовый индекс": 650024, "Микрорайон": "Южный м-н", "Район": "Заводский район", "Город": "Кемерово", "Округ": "Кемеровский городской округ", "Регион": "Кемеровская область — Кузбасс", "Страна": "Россия", "Часы работы": "Пн: 07:00-19:00; Вт: 07:00-19:00; Ср: 07:00-19:00; Чт: 07:00-19:00; Пт: 07:00-19:00", "Часовой пояс": "+07:00", "Рейтинг": 5.0, "Количество отзывов": 3, "Телефон 1": "83842452701", "Телефон 2": "83842452268", "Телефон 3": "83842452269", "E-mail": null, "Веб-сайт 1": "http://detsad27-kem.kemobl.ru", "Веб-сайт 2": null, "ВКонтакте": "https://vk.com/club.dou27", "WhatsApp 1": null, "WhatsApp 2": null, "Viber": null, "Telegram 1": null, "Telegram 2": null, "YouTube": null, "Широта": 55.307027, "Долгота": 86.087995, "2GIS URL": "https://2gis.com/firm/70000001017224406", "capacity": 220 }, "geometry": { "type": "Point", "coordinates": [ 86.087995, 55.307027 ] } },
{ "type": "Feature", "properties": { "Наименование": "Аист", "Описание": null, "Рубрики": "Детские сады", "Адрес": "Космическая улица, 16Б", "Комментарий к адресу": null, "Почтовый индекс": 650024, "Микрорайон": "Южный м-н", "Район": "Заводский район", "Город": "Кемерово", "Округ": "Кемеровский городской округ", "Регион": "Кемеровская область — Кузбасс", "Страна": "Россия", "Часы работы": "Пн: 07:00-19:00; Вт: 07:00-19:00; Ср: 07:00-19:00; Чт: 07:00-19:00; Пт: 07:00-19:00", "Часовой пояс": "+07:00", "Рейтинг": 5.0, "Количество отзывов": 2, "Телефон 1": "83842382680", "Телефон 2": "83842382664", "Телефон 3": null, "E-mail": null, "Веб-сайт 1": null, "Веб-сайт 2": null, "ВКонтакте": "https://vk.com/club211418132", "WhatsApp 1": null, "WhatsApp 2": null, "Viber": null, "Telegram 1": "https://t.me/madou224", "Telegram 2": null, "YouTube": null, "Широта": 55.317863, "Долгота": 86.090039, "2GIS URL": "https://2gis.com/firm/704215722755108", "capacity": 158 }, "geometry": { "type": "Point", "coordinates": [ 86.090039, 55.317863 ] } },
{ "type": "Feature", "properties": { "Наименование": "Super Детки", "Описание": "детский развивающий центр", "Рубрики": "Частные детские сады; Центры раннего развития детей", "Адрес": "улица Юрия Двужильного, 22", "Комментарий к адресу": "1 этаж", "Почтовый индекс": 650040, "Микрорайон": "Южный м-н", "Район": "Заводский район", "Город": "Кемерово", "Округ": "Кемеровский городской округ", "Регион": "Кемеровская область — Кузбасс", "Страна": "Россия", "Часы работы": "Пн: 09:00-17:00; Вт: 09:00-17:00; Ср: 09:00-17:00; Чт: 09:00-17:00; Пт: 09:00-17:00; Сб: 11:00-15:00", "Часовой пояс": "+07:00", "Рейтинг": 5.0, "Количество отзывов": 42, "Телефон 1": "89001005050", "Телефон 2": "89049955185", "Телефон 3": null, "E-mail": null, "Веб-сайт 1": "http://superdetkikem.ru", "Веб-сайт 2": null, "ВКонтакте": "https://vk.com/superdetki42", "WhatsApp 1": "https://wa.me/79049955185", "WhatsApp 2": null, "Viber": null, "Telegram 1": null, "Telegram 2": null, "YouTube": null, "Широта": 55.312617, "Долгота": 86.093176, "2GIS URL": "https://2gis.com/firm/70000001046726400", "capacity": 35 }, "geometry": { "type": "Point", "coordinates": [ 86.093176, 55.312617 ] } },
{ "type": "Feature", "properties": { "Наименование": "Ко-ко", "Описание": "семейное пространство", "Рубрики": "Частные детские сады; Организация и проведение праздников; Центры раннего развития детей; Детские игровые залы / Игротеки; Театральные курсы", "Адрес": "улица Юрия Двужильного, 24/2", "Комментарий к адресу": "4 офис; 1 этаж", "Почтовый индекс": 650040, "Микрорайон": "Южный м-н", "Район": "Заводский район", "Город": "Кемерово", "Округ": "Кемеровский городской округ", "Регион": "Кемеровская область — Кузбасс", "Страна": "Россия", "Часы работы": "Пн: 10:00-19:00; Вт: 10:00-19:00; Ср: 10:00-19:00; Чт: 10:00-19:00; Пт: 10:00-19:00; Сб: 10:00-19:00; Вс: 10:00-19:00 (по предварительной записи: пн-вс)", "Часовой пояс": "+07:00", "Рейтинг": 4.9, "Количество отзывов": 92, "Телефон 1": "89235082087", "Телефон 2": "89333000373", "Телефон 3": null, "E-mail": null, "Веб-сайт 1": "http://kokoworking.ru", "Веб-сайт 2": null, "ВКонтакте": "https://vk.com/koko_koworking", "WhatsApp 1": "https://wa.me/79235082087", "WhatsApp 2": "https://wa.me/79333000373", "Viber": null, "Telegram 1": "https://t.me/koko_koworking", "Telegram 2": null, "YouTube": null, "Широта": 55.311903, "Долгота": 86.093368, "2GIS URL": "https://2gis.com/firm/70000001025336053", "capacity": 75 }, "geometry": { "type": "Point", "coordinates": [ 86.093368, 55.311903 ] } },
{ "type": "Feature", "properties": { "Наименование": "Барбарики", "Описание": "частный детский сад", "Рубрики": "Частные детские сады; Центры раннего развития детей", "Адрес": "Щегловский переулок, 7", "Комментарий к адресу": null, "Почтовый индекс": 650070, "Микрорайон": "ФПК м-н", "Район": "Заводский район", "Город": "Кемерово", "Округ": "Кемеровский городской округ", "Регион": "Кемеровская область — Кузбасс", "Страна": "Россия", "Часы работы": "Пн: 07:30-19:00; Вт: 07:30-19:00; Ср: 07:30-19:00; Чт: 07:30-19:00; Пт: 07:30-19:00; Сб: 07:30-19:00; Вс: 07:30-19:00 (по предварительному звонку)", "Часовой пояс": "+07:00", "Рейтинг": 4.8, "Количество отзывов": 39, "Телефон 1": "89133068444", "Телефон 2": "89515787621", "Телефон 3": null, "E-mail": null, "Веб-сайт 1": null, "Веб-сайт 2": null, "ВКонтакте": "https://vk.com/barbariki_42", "WhatsApp 1": "https://wa.me/79515787621", "WhatsApp 2": "https://wa.me/79133068444", "Viber": null, "Telegram 1": null, "Telegram 2": null, "YouTube": null, "Широта": 55.324708, "Долгота": 86.109438, "2GIS URL": "https://2gis.com/firm/704216723217794", "capacity": 35 }, "geometry": { "type": "Point", "coordinates": [ 86.109438, 55.324708 ] } },
{ "type": "Feature", "properties": { "Наименование": "IKIDS", "Описание": "частный детский сад", "Рубрики": "Частные детские сады; Центры раннего развития детей", "Адрес": "улица Юрия Двужильного, 22", "Комментарий к адресу": "1 этаж", "Почтовый индекс": 650040, "Микрорайон": "Южный м-н", "Район": "Заводский район", "Город": "Кемерово", "Округ": "Кемеровский городской округ", "Регион": "Кемеровская область — Кузбасс", "Страна": "Россия", "Часы работы": "Пн: 07:30-19:00; Вт: 07:30-19:00; Ср: 07:30-19:00; Чт: 07:30-19:00; Пт: 07:30-19:00", "Часовой пояс": "+07:00", "Рейтинг": 4.8, "Количество отзывов": 26, "Телефон 1": "89236095111 (единый номер)", "Телефон 2": "89236185111 (единый номер)", "Телефон 3": null, "E-mail": "ikidskem@yandex.ru", "Веб-сайт 1": "http://taplink.cc/ikids_kem_", "Веб-сайт 2": null, "ВКонтакте": null, "WhatsApp 1": "https://wa.me/79236095111", "WhatsApp 2": "https://wa.me/79236185111", "Viber": null, "Telegram 1": "https://t.me/prostolubov72", "Telegram 2": null, "YouTube": null, "Широта": 55.31259, "Долгота": 86.093328, "2GIS URL": "https://2gis.com/firm/70000001045134408", "capacity": 45 }, "geometry": { "type": "Point", "coordinates": [ 86.093328, 55.31259 ] } },
{ "type": "Feature", "properties": { "Наименование": "Ко-ко", "Описание": "театральная студия", "Рубрики": "Частные детские сады; Организация и проведение праздников; Личностные тренинги / семинары; Центры раннего развития детей", "Адрес": "улица Юрия Двужильного, 24/2", "Комментарий к адресу": "4 офис; 1 этаж", "Почтовый индекс": 650040, "Микрорайон": "Южный м-н", "Район": "Заводский район", "Город": "Кемерово", "Округ": "Кемеровский городской округ", "Регион": "Кемеровская область — Кузбасс", "Страна": "Россия", "Часы работы": "Вт: 18:00-20:00; Чт: 18:00-20:00 (по предварительному звонку: вт, чт)", "Часовой пояс": "+07:00", "Рейтинг": null, "Количество отзывов": null, "Телефон 1": "89333000373", "Телефон 2": null, "Телефон 3": null, "E-mail": null, "Веб-сайт 1": "http://kokoworking.ru", "Веб-сайт 2": null, "ВКонтакте": null, "WhatsApp 1": null, "WhatsApp 2": null, "Viber": null, "Telegram 1": null, "Telegram 2": null, "YouTube": null, "Широта": 55.311903, "Долгота": 86.093368, "2GIS URL": "https://2gis.com/firm/70000001051040250", "capacity": 55 }, "geometry": { "type": "Point", "coordinates": [ 86.093368, 55.311903 ] } },
{ "type": "Feature", "properties": { "Наименование": "Ясли-сад", "Описание": null, "Рубрики": "Частные детские сады", "Адрес": "Веры Волошиной, 38а", "Комментарий к адресу": null, "Почтовый индекс": 650024, "Микрорайон": "Южный м-н", "Район": "Заводский район", "Город": "Кемерово", "Округ": "Кемеровский городской округ", "Регион": "Кемеровская область — Кузбасс", "Страна": "Россия", "Часы работы": "Пн: 07:00-19:00; Вт: 07:00-19:00; Ср: 07:00-19:00; Чт: 07:00-19:00; Пт: 07:00-19:00; Сб: 07:00-19:00; Вс: 07:00-19:00 (по предварительной записи: сб-вс)", "Часовой пояс": "+07:00", "Рейтинг": 5.0, "Количество отзывов": 1, "Телефон 1": "89131252642", "Телефон 2": null, "Телефон 3": null, "E-mail": null, "Веб-сайт 1": null, "Веб-сайт 2": null, "ВКонтакте": null, "WhatsApp 1": "https://wa.me/79131252642", "WhatsApp 2": null, "Viber": null, "Telegram 1": null, "Telegram 2": null, "YouTube": null, "Широта": 55.30687, "Долгота": 86.090145, "2GIS URL": "https://2gis.com/firm/70000001064216930", "capacity": 75 }, "geometry": { "type": "Point", "coordinates": [ 86.090145, 55.30687 ] } }
]
}
