{
"type": "FeatureCollection",
"name": "district",
"crs": { "type": "name", "properties": { "name": "urn:ogc:def:crs:EPSG::3857" } },
"features": [
{ "type": "Feature", "properties": { "fid": 1, "osm_id": -12362609, "boundary": "administrative", "admin_level": 9, "parents": "-1174748,-1153257,-144763,-1221148,-60189", "name": "Рудничный района", "local_name": "Рудничный района", "name_en": null, "layer": "Kemerovo-s-raionami-vnutry-y-snaruzhy (2)", "path": "C:/Users/79222/Downloads/Telegram Desktop/Kemerovo-s-raionami-vnutry-y-snaruzhy (2).geojson", "population": 105579 }, "geometry": { "type": "MultiPolygon", "coordinates": [ [ [ [ 9599766.230000000447035, 7446515.110000000335276 ], [ 9599810.279999999329448, 7446499.46999999973923 ], [ 9599817.150000000372529, 7446489.33 ], [ 9599832.380000000819564, 7446477.379999999888241 ], [ 9599855.900000000372529, 7446468.099999999627471 ], [ 9599892.390000000596046, 7446470.21 ], [ 9599954.5, 7446443.33 ], [ 9600019.410000000149012, 7446444.339999999850988 ], [ 9600128.519999999552965, 7446474.0 ], [ 9600166.78999999910593, 7446468.429999999701977 ], [ 9600230.609999999403954, 7446421.610000000335276 ], [ 9600267.71000000089407, 7446374.660000000149012 ], [ 9600309.519999999552965, 7446343.019999999552965 ], [ 9600346.240000000223517, 7446294.04 ], [ 9600377.019999999552965, 7446261.71 ], [ 9600379.160000000149012, 7446235.79 ], [ 9600348.029999999329448, 7446181.480000000447035 ], [ 9600331.609999999403954, 7446167.160000000149012 ], [ 9600320.259999999776483, 7446124.759999999776483 ], [ 9600307.810000000521541, 7446095.04 ], [ 9600393.119999999180436, 7446044.440000000409782 ], [ 9600410.300000000745058, 7446039.75 ], [ 9600428.050000000745058, 7446048.620000000111759 ], [ 9600438.390000000596046, 7446049.5 ], [ 9600496.060000000521541, 7446009.83 ], [ 9600568.189999999478459, 7446005.75 ], [ 9600594.599999999627471, 7446023.04 ], [ 9600591.570000000298023, 7446062.650000000372529 ], [ 9600561.089999999850988, 7446103.28000000026077 ], [ 9600575.300000000745058, 7446159.160000000149012 ], [ 9600601.410000000149012, 7446186.0 ], [ 9600668.769999999552965, 7446146.96999999973923 ], [ 9600721.599999999627471, 7446158.160000000149012 ], [ 9600753.089999999850988, 7446198.79 ], [ 9600785.609999999403954, 7446196.75 ], [ 9600887.199999999254942, 7446009.83 ], [ 9600930.880000000819564, 7446015.910000000149012 ], [ 9600950.179999999701977, 7445987.46999999973923 ], [ 9600941.03999999910593, 7445952.940000000409782 ], [ 9600916.650000000372529, 7445948.870000000111759 ], [ 9600931.890000000596046, 7445907.21999999973923 ], [ 9600961.359999999403954, 7445865.549999999813735 ], [ 9601009.099999999627471, 7445863.53000000026077 ], [ 9601056.859999999403954, 7445843.21 ], [ 9601096.480000000447035, 7445850.33 ], [ 9601114.769999999552965, 7445875.71999999973923 ], [ 9601141.179999999701977, 7445872.67 ], [ 9601166.58, 7445853.370000000111759 ], [ 9601172.679999999701977, 7445816.799999999813735 ], [ 9601149.310000000521541, 7445780.230000000447035 ], [ 9601143.21000000089407, 7445725.360000000335276 ], [ 9601214.25, 7445627.79 ], [ 9601250.339999999850988, 7445617.46999999973923 ], [ 9601372.17, 7445588.42 ], [ 9601341.46000000089407, 7445561.990000000223517 ], [ 9601309.470000000670552, 7445548.79 ], [ 9601261.630000000819564, 7445548.730000000447035 ], [ 9601230.009999999776483, 7445528.049999999813735 ], [ 9601162.96000000089407, 7445526.009999999776483 ], [ 9601141.359999999403954, 7445514.75 ], [ 9601126.380000000819564, 7445489.450000000186265 ], [ 9601087.92, 7445469.67 ], [ 9601033.17, 7445460.059999999590218 ], [ 9600995.660000000149012, 7445464.879999999888241 ], [ 9600979.679999999701977, 7445459.04 ], [ 9600922.179999999701977, 7445429.509999999776483 ], [ 9600852.78999999910593, 7445360.910000000149012 ], [ 9600653.570000000298023, 7445204.400000000372529 ], [ 9600447.75, 7445079.120000000111759 ], [ 9600436.240000000223517, 7445065.78000000026077 ], [ 9600400.429999999701977, 7445005.679999999701977 ], [ 9600726.33, 7444752.17 ], [ 9600768.730000000447035, 7444795.17 ], [ 9600810.560000000521541, 7444850.139999999664724 ], [ 9600840.78999999910593, 7444876.759999999776483 ], [ 9600894.519999999552965, 7444905.21999999973923 ], [ 9600966.589999999850988, 7444952.28000000026077 ], [ 9601111.269999999552965, 7445066.120000000111759 ], [ 9601162.08, 7445118.769999999552965 ], [ 9601199.310000000521541, 7445150.429999999701977 ], [ 9601240.269999999552965, 7445180.490000000223517 ], [ 9601254.900000000372529, 7445216.660000000149012 ], [ 9601271.650000000372529, 7445238.730000000447035 ], [ 9601341.869999999180436, 7445271.450000000186265 ], [ 9601360.720000000670552, 7445301.389999999664724 ], [ 9601395.589999999850988, 7445325.690000000409782 ], [ 9601416.599999999627471, 7445358.42 ], [ 9601432.560000000521541, 7445369.58 ], [ 9601449.050000000745058, 7445372.78000000026077 ], [ 9601469.800000000745058, 7445397.769999999552965 ], [ 9601495.019999999552965, 7445412.740000000223517 ], [ 9601511.550000000745058, 7445412.660000000149012 ], [ 9601550.650000000372529, 7445400.96999999973923 ], [ 9601595.759999999776483, 7445403.730000000447035 ], [ 9601611.820000000298023, 7445394.589999999850988 ], [ 9601625.380000000819564, 7445367.46 ], [ 9601683.189999999478459, 7445356.360000000335276 ], [ 9601696.660000000149012, 7445344.839999999850988 ], [ 9601710.439999999478459, 7445288.700000000186265 ], [ 9601720.869999999180436, 7445283.42 ], [ 9601786.880000000819564, 7445275.980000000447035 ], [ 9601817.939999999478459, 7445247.5 ], [ 9601842.25, 7445205.929999999701977 ], [ 9601866.08, 7445186.33 ], [ 9601909.970000000670552, 7445163.990000000223517 ], [ 9601934.53999999910593, 7445135.429999999701977 ], [ 9601952.480000000447035, 7445069.75 ], [ 9601952.480000000447035, 7444980.349999999627471 ], [ 9602022.58, 7444877.740000000223517 ], [ 9602071.339999999850988, 7444877.740000000223517 ], [ 9602117.53999999910593, 7444853.96 ], [ 9602162.769999999552965, 7444785.29 ], [ 9602186.140000000596046, 7444728.400000000372529 ], [ 9602175.980000000447035, 7444713.160000000149012 ], [ 9602077.439999999478459, 7444661.349999999627471 ], [ 9602062.199999999254942, 7444620.71 ], [ 9602079.46000000089407, 7444566.860000000335276 ], [ 9602122.130000000819564, 7444532.320000000298023 ], [ 9602121.119999999180436, 7444457.150000000372529 ], [ 9602174.96000000089407, 7444349.46 ], [ 9602160.439999999478459, 7444248.900000000372529 ], [ 9602200.369999999180436, 7444176.75 ], [ 9602200.369999999180436, 7444088.370000000111759 ], [ 9602309.070000000298023, 7444033.509999999776483 ], [ 9602361.890000000596046, 7443977.629999999888241 ], [ 9602390.339999999850988, 7443970.509999999776483 ], [ 9602482.78999999910593, 7443982.71 ], [ 9602569.150000000372529, 7443929.889999999664724 ], [ 9602574.220000000670552, 7443896.349999999627471 ], [ 9602556.230000000447035, 7443769.17 ], [ 9602587.740000000223517, 7443708.54 ], [ 9602594.730000000447035, 7443611.440000000409782 ], [ 9602853.529999999329448, 7443649.650000000372529 ], [ 9603109.279999999329448, 7443656.820000000298023 ], [ 9603198.359999999403954, 7443766.009999999776483 ], [ 9603248.640000000596046, 7443763.150000000372529 ], [ 9603286.679999999701977, 7443738.889999999664724 ], [ 9603321.310000000521541, 7443736.400000000372529 ], [ 9603343.71000000089407, 7443754.910000000149012 ], [ 9603361.029999999329448, 7443781.190000000409782 ], [ 9603402.560000000521541, 7443798.549999999813735 ], [ 9603459.259999999776483, 7443778.190000000409782 ], [ 9603493.240000000223517, 7443783.120000000111759 ], [ 9603572.390000000596046, 7443856.349999999627471 ], [ 9603647.810000000521541, 7443853.25 ], [ 9604073.970000000670552, 7444008.71999999973923 ], [ 9604108.67, 7444016.759999999776483 ], [ 9604131.96000000089407, 7444008.400000000372529 ], [ 9604183.910000000149012, 7443966.620000000111759 ], [ 9604232.58, 7443960.940000000409782 ], [ 9604296.08, 7443936.849999999627471 ], [ 9604317.08, 7443933.75 ], [ 9604399.839999999850988, 7443959.309999999590218 ], [ 9604422.179999999701977, 7443955.860000000335276 ], [ 9604452.640000000596046, 7443920.019999999552965 ], [ 9604515.839999999850988, 7443875.200000000186265 ], [ 9604501.470000000670552, 7443796.179999999701977 ], [ 9604511.759999999776483, 7443759.379999999888241 ], [ 9604530.220000000670552, 7443731.53000000026077 ], [ 9604566.130000000819564, 7443712.860000000335276 ], [ 9604594.33, 7443673.629999999888241 ], [ 9604597.449999999254942, 7443645.04 ], [ 9604656.449999999254942, 7443548.71999999973923 ], [ 9604695.679999999701977, 7443513.349999999627471 ], [ 9604712.800000000745058, 7443508.839999999850988 ], [ 9604798.099999999627471, 7443561.129999999888241 ], [ 9604837.160000000149012, 7443577.129999999888241 ], [ 9604856.619999999180436, 7443579.349999999627471 ], [ 9604868.71000000089407, 7443567.660000000149012 ], [ 9604869.46000000089407, 7443547.400000000372529 ], [ 9604841.990000000223517, 7443428.389999999664724 ], [ 9604863.53999999910593, 7443375.21999999973923 ], [ 9604920.28999999910593, 7443344.839999999850988 ], [ 9605039.349999999627471, 7443347.639999999664724 ], [ 9605173.119999999180436, 7443330.910000000149012 ], [ 9605211.220000000670552, 7443316.320000000298023 ], [ 9605265.679999999701977, 7443210.889999999664724 ], [ 9605299.859999999403954, 7443186.059999999590218 ], [ 9605386.509999999776483, 7443189.879999999888241 ], [ 9605448.28999999910593, 7443151.089999999850988 ], [ 9605503.349999999627471, 7443052.639999999664724 ], [ 9605516.480000000447035, 7442987.25 ], [ 9605550.640000000596046, 7442951.179999999701977 ], [ 9605554.609999999403954, 7442758.860000000335276 ], [ 9605662.199999999254942, 7442671.940000000409782 ], [ 9605641.890000000596046, 7442605.96999999973923 ], [ 9605633.83, 7442562.96 ], [ 9605644.17, 7442525.509999999776483 ], [ 9605676.46000000089407, 7442442.769999999552965 ], [ 9605575.089999999850988, 7442465.629999999888241 ], [ 9605685.070000000298023, 7442283.889999999664724 ], [ 9605809.609999999403954, 7442078.059999999590218 ], [ 9605801.730000000447035, 7441872.379999999888241 ], [ 9605846.050000000745058, 7441608.179999999701977 ], [ 9605733.470000000670552, 7441496.730000000447035 ], [ 9605985.96000000089407, 7440910.160000000149012 ], [ 9605840.800000000745058, 7440804.690000000409782 ], [ 9605723.42, 7440746.230000000447035 ], [ 9605727.5, 7440735.190000000409782 ], [ 9605679.380000000819564, 7440707.29 ], [ 9605779.240000000223517, 7440521.269999999552965 ], [ 9605889.099999999627471, 7440070.179999999701977 ], [ 9605785.92, 7440053.480000000447035 ], [ 9605646.740000000223517, 7439983.549999999813735 ], [ 9605406.75, 7439774.549999999813735 ], [ 9605352.029999999329448, 7439674.179999999701977 ], [ 9605233.679999999701977, 7439565.58 ], [ 9604827.189999999478459, 7439418.21 ], [ 9604577.349999999627471, 7439253.740000000223517 ], [ 9604478.490000000223517, 7439248.900000000372529 ], [ 9604420.800000000745058, 7439258.78000000026077 ], [ 9604378.449999999254942, 7439282.03000000026077 ], [ 9604344.199999999254942, 7439350.400000000372529 ], [ 9604307.279999999329448, 7439359.910000000149012 ], [ 9604116.740000000223517, 7439331.71999999973923 ], [ 9604054.470000000670552, 7439344.42 ], [ 9603965.740000000223517, 7439401.309999999590218 ], [ 9603926.880000000819564, 7439404.309999999590218 ], [ 9603848.699999999254942, 7439384.759999999776483 ], [ 9603788.390000000596046, 7439390.349999999627471 ], [ 9603711.33, 7439411.009999999776483 ], [ 9603675.029999999329448, 7439408.78000000026077 ], [ 9603602.019999999552965, 7439398.070000000298023 ], [ 9603366.390000000596046, 7439470.019999999552965 ], [ 9603290.519999999552965, 7439442.889999999664724 ], [ 9603049.609999999403954, 7439189.639999999664724 ], [ 9602259.699999999254942, 7439968.809999999590218 ], [ 9601977.25, 7439761.009999999776483 ], [ 9601612.980000000447035, 7439505.160000000149012 ], [ 9601603.550000000745058, 7439381.67 ], [ 9601033.779999999329448, 7439614.900000000372529 ], [ 9601014.949999999254942, 7439606.870000000111759 ], [ 9600952.050000000745058, 7439437.96999999973923 ], [ 9600891.75, 7439244.53000000026077 ], [ 9600856.359999999403954, 7439099.21999999973923 ], [ 9600817.640000000596046, 7438871.940000000409782 ], [ 9600809.03999999910593, 7438791.28000000026077 ], [ 9600824.480000000447035, 7438498.559999999590218 ], [ 9600836.150000000372529, 7438210.620000000111759 ], [ 9600854.83, 7438073.5 ], [ 9600901.060000000521541, 7438001.0 ], [ 9600974.46000000089407, 7437920.019999999552965 ], [ 9601066.099999999627471, 7437837.08 ], [ 9601188.740000000223517, 7437689.400000000372529 ], [ 9601256.96000000089407, 7437573.990000000223517 ], [ 9601334.259999999776483, 7437464.490000000223517 ], [ 9601834.410000000149012, 7437094.049999999813735 ], [ 9601896.199999999254942, 7437042.799999999813735 ], [ 9601916.199999999254942, 7437017.33 ], [ 9601929.630000000819564, 7436998.849999999627471 ], [ 9601930.58, 7436985.320000000298023 ], [ 9601857.490000000223517, 7436908.230000000447035 ], [ 9601572.810000000521541, 7437010.549999999813735 ], [ 9601394.990000000223517, 7437063.509999999776483 ], [ 9600940.220000000670552, 7437079.190000000409782 ], [ 9600565.630000000819564, 7437016.559999999590218 ], [ 9600068.509999999776483, 7436956.160000000149012 ], [ 9600632.599999999627471, 7438071.849999999627471 ], [ 9600579.679999999701977, 7438117.620000000111759 ], [ 9600247.339999999850988, 7437786.059999999590218 ], [ 9599996.46000000089407, 7437615.690000000409782 ], [ 9599498.619999999180436, 7437361.179999999701977 ], [ 9599230.699999999254942, 7437310.5 ], [ 9599030.349999999627471, 7437361.059999999590218 ], [ 9598870.769999999552965, 7437371.950000000186265 ], [ 9598727.050000000745058, 7437383.519999999552965 ], [ 9598676.490000000223517, 7437469.650000000372529 ], [ 9598564.160000000149012, 7437482.759999999776483 ], [ 9598483.650000000372529, 7437462.160000000149012 ], [ 9598506.119999999180436, 7437533.299999999813735 ], [ 9598553.310000000521541, 7437585.730000000447035 ], [ 9598650.970000000670552, 7437890.990000000223517 ], [ 9598639.060000000521541, 7438065.03000000026077 ], [ 9598564.160000000149012, 7438304.700000000186265 ], [ 9598732.53999999910593, 7438847.96999999973923 ], [ 9598896.800000000745058, 7439127.78000000026077 ], [ 9598866.849999999627471, 7439322.509999999776483 ], [ 9599026.339999999850988, 7439845.009999999776483 ], [ 9599150.550000000745058, 7440019.599999999627471 ], [ 9599135.380000000819564, 7440115.04 ], [ 9598956.640000000596046, 7440301.200000000186265 ], [ 9598915.140000000596046, 7440385.410000000149012 ], [ 9598599.339999999850988, 7440676.839999999850988 ], [ 9598554.740000000223517, 7440701.900000000372529 ], [ 9598485.699999999254942, 7440725.480000000447035 ], [ 9598333.380000000819564, 7440977.450000000186265 ], [ 9598201.509999999776483, 7441388.650000000372529 ], [ 9598082.900000000372529, 7441832.700000000186265 ], [ 9598055.619999999180436, 7441984.33 ], [ 9598003.570000000298023, 7442114.5 ], [ 9597934.28999999910593, 7442166.440000000409782 ], [ 9597860.839999999850988, 7442291.849999999627471 ], [ 9597683.810000000521541, 7442512.799999999813735 ], [ 9597671.119999999180436, 7443415.96999999973923 ], [ 9597492.810000000521541, 7443527.0 ], [ 9597180.189999999478459, 7443618.009999999776483 ], [ 9597087.179999999701977, 7443606.71 ], [ 9596985.92, 7443492.450000000186265 ], [ 9596911.900000000372529, 7443440.900000000372529 ], [ 9596830.160000000149012, 7443230.070000000298023 ], [ 9596794.900000000372529, 7443202.53000000026077 ], [ 9596757.279999999329448, 7443188.190000000409782 ], [ 9596646.96000000089407, 7443086.679999999701977 ], [ 9596194.019999999552965, 7443398.849999999627471 ], [ 9595906.660000000149012, 7443088.940000000409782 ], [ 9595235.429999999701977, 7443191.46999999973923 ], [ 9594123.470000000670552, 7443285.839999999850988 ], [ 9592898.21000000089407, 7443389.849999999627471 ], [ 9592852.119999999180436, 7443407.660000000149012 ], [ 9592804.050000000745058, 7443437.820000000298023 ], [ 9592777.779999999329448, 7443478.42 ], [ 9592766.130000000819564, 7443529.46999999973923 ], [ 9592748.220000000670552, 7443568.879999999888241 ], [ 9592682.83, 7443568.0 ], [ 9592638.910000000149012, 7443609.099999999627471 ], [ 9592639.240000000223517, 7443677.28000000026077 ], [ 9592543.83, 7443747.599999999627471 ], [ 9592464.269999999552965, 7443723.860000000335276 ], [ 9592382.980000000447035, 7443749.299999999813735 ], [ 9592336.910000000149012, 7443754.299999999813735 ], [ 9592285.119999999180436, 7443748.049999999813735 ], [ 9592243.380000000819564, 7443750.769999999552965 ], [ 9592236.890000000596046, 7443778.509999999776483 ], [ 9592237.050000000745058, 7443808.730000000447035 ], [ 9592248.92, 7443837.009999999776483 ], [ 9592283.78999999910593, 7443857.509999999776483 ], [ 9592211.070000000298023, 7443905.549999999813735 ], [ 9592100.589999999850988, 7443991.75 ], [ 9591760.529999999329448, 7443882.21 ], [ 9590545.25, 7443851.450000000186265 ], [ 9589529.880000000819564, 7443349.570000000298023 ], [ 9588879.900000000372529, 7443858.099999999627471 ], [ 9588618.029999999329448, 7443256.190000000409782 ], [ 9588585.740000000223517, 7443180.269999999552965 ], [ 9588683.619999999180436, 7442801.980000000447035 ], [ 9588654.349999999627471, 7442703.299999999813735 ], [ 9588675.42, 7442588.299999999813735 ], [ 9589176.199999999254942, 7441451.820000000298023 ], [ 9589181.21000000089407, 7441171.950000000186265 ], [ 9589261.259999999776483, 7441040.620000000111759 ], [ 9589266.119999999180436, 7441032.660000000149012 ], [ 9589486.380000000819564, 7440671.33 ], [ 9589657.820000000298023, 7440450.5 ], [ 9589780.439999999478459, 7440292.54 ], [ 9589847.300000000745058, 7440379.03000000026077 ], [ 9589847.92, 7440417.660000000149012 ], [ 9589867.019999999552965, 7440436.440000000409782 ], [ 9589882.630000000819564, 7440488.019999999552965 ], [ 9589920.160000000149012, 7440501.099999999627471 ], [ 9589987.869999999180436, 7440577.240000000223517 ], [ 9590065.71000000089407, 7440638.0 ], [ 9590095.560000000521541, 7440650.92 ], [ 9591339.890000000596046, 7441933.429999999701977 ], [ 9591584.509999999776483, 7442189.110000000335276 ], [ 9591769.759999999776483, 7442297.440000000409782 ], [ 9592744.28999999910593, 7442433.240000000223517 ], [ 9592978.640000000596046, 7442311.240000000223517 ], [ 9593227.08, 7442059.059999999590218 ], [ 9593417.359999999403954, 7441797.299999999813735 ], [ 9593595.509999999776483, 7441670.08 ], [ 9594067.199999999254942, 7441967.53000000026077 ], [ 9594089.03999999910593, 7441972.490000000223517 ], [ 9594098.300000000745058, 7441937.150000000372529 ], [ 9594112.470000000670552, 7441922.96999999973923 ], [ 9594132.0, 7441918.940000000409782 ], [ 9594154.400000000372529, 7441908.660000000149012 ], [ 9594210.369999999180436, 7441878.799999999813735 ], [ 9594294.060000000521541, 7441901.519999999552965 ], [ 9594314.050000000745058, 7441893.639999999664724 ], [ 9594328.630000000819564, 7441845.950000000186265 ], [ 9594359.859999999403954, 7441821.150000000372529 ], [ 9594426.28999999910593, 7441755.099999999627471 ], [ 9594468.359999999403954, 7441745.589999999850988 ], [ 9594512.859999999403954, 7441694.299999999813735 ], [ 9594513.369999999180436, 7441658.04 ], [ 9594502.96000000089407, 7441612.019999999552965 ], [ 9594527.589999999850988, 7441505.29 ], [ 9594536.880000000819564, 7441491.349999999627471 ], [ 9594553.300000000745058, 7441480.019999999552965 ], [ 9594565.53999999910593, 7441475.53000000026077 ], [ 9594573.0, 7441469.25 ], [ 9594573.029999999329448, 7441456.04 ], [ 9594561.359999999403954, 7441448.21999999973923 ], [ 9594540.300000000745058, 7441447.179999999701977 ], [ 9594530.009999999776483, 7441438.120000000111759 ], [ 9594517.320000000298023, 7441399.690000000409782 ], [ 9594515.679999999701977, 7441349.820000000298023 ], [ 9594511.939999999478459, 7441340.429999999701977 ], [ 9594501.640000000596046, 7441333.549999999813735 ], [ 9594484.179999999701977, 7441327.879999999888241 ], [ 9594477.769999999552965, 7441314.139999999664724 ], [ 9594476.119999999180436, 7441304.139999999664724 ], [ 9594479.990000000223517, 7441299.67 ], [ 9594488.810000000521541, 7441299.21999999973923 ], [ 9594497.17, 7441289.799999999813735 ], [ 9594496.869999999180436, 7441269.21999999973923 ], [ 9594499.009999999776483, 7441262.690000000409782 ], [ 9594506.720000000670552, 7441260.259999999776483 ], [ 9594523.439999999478459, 7441263.839999999850988 ], [ 9594535.220000000670552, 7441260.240000000223517 ], [ 9594536.660000000149012, 7441246.730000000447035 ], [ 9594552.25, 7441235.019999999552965 ], [ 9594560.349999999627471, 7441222.450000000186265 ], [ 9594557.029999999329448, 7441204.28000000026077 ], [ 9594548.820000000298023, 7441190.240000000223517 ], [ 9594535.769999999552965, 7441184.320000000298023 ], [ 9594521.199999999254942, 7441193.67 ], [ 9594513.28999999910593, 7441193.08 ], [ 9594509.300000000745058, 7441186.53000000026077 ], [ 9594512.689999999478459, 7441175.320000000298023 ], [ 9594515.380000000819564, 7441166.04 ], [ 9594512.390000000596046, 7441161.120000000111759 ], [ 9594506.720000000670552, 7441156.950000000186265 ], [ 9594505.259999999776483, 7441145.019999999552965 ], [ 9594512.990000000223517, 7441131.259999999776483 ], [ 9594526.119999999180436, 7441130.059999999590218 ], [ 9594534.449999999254942, 7441123.400000000372529 ], [ 9594528.480000000447035, 7441091.21999999973923 ], [ 9594509.42, 7441069.769999999552965 ], [ 9594546.359999999403954, 7441047.71999999973923 ], [ 9594576.75, 7441061.42 ], [ 9594604.75, 7441087.639999999664724 ], [ 9594655.990000000223517, 7441057.259999999776483 ], [ 9594671.33, 7441037.110000000335276 ], [ 9594662.53999999910593, 7440985.759999999776483 ], [ 9594650.570000000298023, 7440931.759999999776483 ], [ 9594655.400000000372529, 7440901.740000000223517 ], [ 9594669.619999999180436, 7440831.299999999813735 ], [ 9594652.339999999850988, 7440715.96 ], [ 9594635.890000000596046, 7440638.099999999627471 ], [ 9594684.630000000819564, 7440556.309999999590218 ], [ 9594771.17, 7440429.320000000298023 ], [ 9594794.359999999403954, 7440396.839999999850988 ], [ 9594825.130000000819564, 7440378.78000000026077 ], [ 9594796.230000000447035, 7440299.179999999701977 ], [ 9594832.990000000223517, 7440219.04 ], [ 9594803.390000000596046, 7440189.04 ], [ 9594799.199999999254942, 7440157.129999999888241 ], [ 9594833.0, 7440103.96 ], [ 9594833.390000000596046, 7440067.71 ], [ 9594816.050000000745058, 7440046.690000000409782 ], [ 9594770.849999999627471, 7440013.620000000111759 ], [ 9594733.980000000447035, 7439955.990000000223517 ], [ 9594753.779999999329448, 7439909.089999999850988 ], [ 9594743.589999999850988, 7439836.889999999664724 ], [ 9594747.03999999910593, 7439812.110000000335276 ], [ 9594713.269999999552965, 7439782.570000000298023 ], [ 9594753.529999999329448, 7439735.309999999590218 ], [ 9594756.53999999910593, 7439686.53000000026077 ], [ 9594790.310000000521541, 7439645.389999999664724 ], [ 9594836.890000000596046, 7439639.820000000298023 ], [ 9594860.470000000670552, 7439621.549999999813735 ], [ 9594840.529999999329448, 7439541.650000000372529 ], [ 9594902.83, 7439502.299999999813735 ], [ 9594927.490000000223517, 7439482.879999999888241 ], [ 9594933.150000000372529, 7439456.900000000372529 ], [ 9594907.439999999478459, 7439400.559999999590218 ], [ 9594829.349999999627471, 7439386.839999999850988 ], [ 9594783.589999999850988, 7439335.049999999813735 ], [ 9594752.310000000521541, 7439338.309999999590218 ], [ 9594713.849999999627471, 7439297.379999999888241 ], [ 9594697.439999999478459, 7439219.070000000298023 ], [ 9594636.259999999776483, 7439211.17 ], [ 9594615.17, 7439204.089999999850988 ], [ 9594616.560000000521541, 7439178.230000000447035 ], [ 9594640.53999999910593, 7439164.53000000026077 ], [ 9594679.449999999254942, 7439162.400000000372529 ], [ 9594684.880000000819564, 7439144.259999999776483 ], [ 9594665.42, 7439098.379999999888241 ], [ 9594664.42, 7439078.730000000447035 ], [ 9594704.509999999776483, 7439056.660000000149012 ], [ 9594720.380000000819564, 7439006.349999999627471 ], [ 9594711.990000000223517, 7438971.570000000298023 ], [ 9594695.75, 7438963.059999999590218 ], [ 9594667.400000000372529, 7438975.769999999552965 ], [ 9594650.980000000447035, 7438972.400000000372529 ], [ 9594649.490000000223517, 7438956.360000000335276 ], [ 9594665.53999999910593, 7438935.089999999850988 ], [ 9594670.78999999910593, 7438904.75 ], [ 9594663.0, 7438876.150000000372529 ], [ 9594649.869999999180436, 7438860.839999999850988 ], [ 9594614.279999999329448, 7438860.370000000111759 ], [ 9594562.46000000089407, 7438875.0 ], [ 9594532.179999999701977, 7438872.059999999590218 ], [ 9594518.220000000670552, 7438853.690000000409782 ], [ 9594511.630000000819564, 7438826.54 ], [ 9594495.480000000447035, 7438816.740000000223517 ], [ 9594467.46000000089407, 7438807.099999999627471 ], [ 9594460.28999999910593, 7438796.650000000372529 ], [ 9594468.650000000372529, 7438779.03000000026077 ], [ 9594482.08, 7438778.150000000372529 ], [ 9594504.369999999180436, 7438768.230000000447035 ], [ 9594523.089999999850988, 7438740.179999999701977 ], [ 9594519.78999999910593, 7438712.440000000409782 ], [ 9594504.429999999701977, 7438685.04 ], [ 9594481.480000000447035, 7438671.849999999627471 ], [ 9594462.679999999701977, 7438650.049999999813735 ], [ 9594452.320000000298023, 7438620.179999999701977 ], [ 9594435.089999999850988, 7438587.940000000409782 ], [ 9594414.009999999776483, 7438584.349999999627471 ], [ 9594392.390000000596046, 7438575.46999999973923 ], [ 9594384.75, 7438561.379999999888241 ], [ 9594385.529999999329448, 7438527.820000000298023 ], [ 9594419.609999999403954, 7438503.440000000409782 ], [ 9594436.699999999254942, 7438478.96 ], [ 9594438.28999999910593, 7438452.71999999973923 ], [ 9594420.880000000819564, 7438435.370000000111759 ], [ 9594393.410000000149012, 7438428.799999999813735 ], [ 9594371.78999999910593, 7438407.5 ], [ 9594382.230000000447035, 7438385.570000000298023 ], [ 9594378.439999999478459, 7438331.21 ], [ 9594399.779999999329448, 7438274.570000000298023 ], [ 9594421.769999999552965, 7438264.870000000111759 ], [ 9594439.660000000149012, 7438277.629999999888241 ], [ 9594453.380000000819564, 7438267.059999999590218 ], [ 9594445.46000000089407, 7438247.54 ], [ 9594454.429999999701977, 7438229.08 ], [ 9594482.83, 7438213.360000000335276 ], [ 9594490.800000000745058, 7438186.490000000223517 ], [ 9594470.150000000372529, 7438139.0 ], [ 9594466.560000000521541, 7438073.480000000447035 ], [ 9594474.300000000745058, 7438057.429999999701977 ], [ 9594501.58, 7438052.269999999552965 ], [ 9594515.529999999329448, 7438045.120000000111759 ], [ 9594519.410000000149012, 7438032.28000000026077 ], [ 9594498.230000000447035, 7438014.53000000026077 ], [ 9594484.769999999552965, 7437996.450000000186265 ], [ 9594476.800000000745058, 7437974.54 ], [ 9594455.949999999254942, 7437883.059999999590218 ], [ 9594444.5, 7437858.339999999850988 ], [ 9594457.310000000521541, 7437832.240000000223517 ], [ 9594457.900000000372529, 7437816.110000000335276 ], [ 9594451.929999999701977, 7437796.410000000149012 ], [ 9594459.099999999627471, 7437787.450000000186265 ], [ 9594484.769999999552965, 7437796.410000000149012 ], [ 9594489.550000000745058, 7437791.33 ], [ 9594492.490000000223517, 7437773.03000000026077 ], [ 9594477.609999999403954, 7437761.46 ], [ 9594468.349999999627471, 7437745.04 ], [ 9594472.699999999254942, 7437736.650000000372529 ], [ 9594480.890000000596046, 7437738.769999999552965 ], [ 9594486.859999999403954, 7437736.379999999888241 ], [ 9594485.550000000745058, 7437715.620000000111759 ], [ 9594479.130000000819564, 7437677.25 ], [ 9594465.849999999627471, 7437658.71 ], [ 9594451.78999999910593, 7437648.230000000447035 ], [ 9594439.980000000447035, 7437639.150000000372529 ], [ 9594428.03999999910593, 7437600.92 ], [ 9594382.060000000521541, 7437461.400000000372529 ], [ 9594326.089999999850988, 7437248.08 ], [ 9594162.400000000372529, 7436969.75 ], [ 9594085.189999999478459, 7436865.28000000026077 ], [ 9594035.519999999552965, 7436707.08 ], [ 9594032.53999999910593, 7436629.71 ], [ 9594007.839999999850988, 7436606.83 ], [ 9593968.269999999552965, 7436530.46 ], [ 9593919.240000000223517, 7436475.67 ], [ 9593912.0, 7436391.450000000186265 ], [ 9593949.439999999478459, 7436278.059999999590218 ], [ 9594024.570000000298023, 7436130.589999999850988 ], [ 9594043.390000000596046, 7436052.58 ], [ 9594058.21000000089407, 7435991.08 ], [ 9594072.570000000298023, 7435957.690000000409782 ], [ 9594136.400000000372529, 7435934.179999999701977 ], [ 9594202.609999999403954, 7435851.059999999590218 ], [ 9594201.630000000819564, 7435821.940000000409782 ], [ 9594132.46000000089407, 7435790.910000000149012 ], [ 9594119.929999999701977, 7435757.190000000409782 ], [ 9594107.259999999776483, 7435697.599999999627471 ], [ 9594210.900000000372529, 7435269.009999999776483 ], [ 9594066.279999999329448, 7435239.860000000335276 ], [ 9590730.990000000223517, 7434024.110000000335276 ], [ 9589193.759999999776483, 7433280.29 ], [ 9588022.369999999180436, 7432695.980000000447035 ], [ 9587724.46000000089407, 7432595.740000000223517 ], [ 9586702.439999999478459, 7432347.58 ], [ 9585643.369999999180436, 7432249.049999999813735 ], [ 9585061.980000000447035, 7432286.809999999590218 ], [ 9584487.130000000819564, 7432401.849999999627471 ], [ 9583934.759999999776483, 7432658.96999999973923 ], [ 9582929.650000000372529, 7433147.599999999627471 ], [ 9582310.599999999627471, 7433545.190000000409782 ], [ 9581705.269999999552965, 7434055.490000000223517 ], [ 9581423.380000000819564, 7434325.509999999776483 ], [ 9581124.08, 7434542.860000000335276 ], [ 9580861.33, 7434682.309999999590218 ], [ 9579662.910000000149012, 7435050.679999999701977 ], [ 9578526.759999999776483, 7435452.28000000026077 ], [ 9578531.849999999627471, 7435811.339999999850988 ], [ 9578588.070000000298023, 7436267.009999999776483 ], [ 9578572.83, 7436339.230000000447035 ], [ 9578479.300000000745058, 7436426.309999999590218 ], [ 9578475.140000000596046, 7436470.759999999776483 ], [ 9578542.259999999776483, 7436542.299999999813735 ], [ 9578618.269999999552965, 7436586.879999999888241 ], [ 9578635.96000000089407, 7436638.240000000223517 ], [ 9578652.25, 7436789.17 ], [ 9578628.150000000372529, 7437251.509999999776483 ], [ 9578710.599999999627471, 7437456.639999999664724 ], [ 9578819.240000000223517, 7437771.070000000298023 ], [ 9579090.300000000745058, 7438032.849999999627471 ], [ 9579121.150000000372529, 7438161.150000000372529 ], [ 9579187.140000000596046, 7438235.820000000298023 ], [ 9579256.609999999403954, 7438223.67 ], [ 9579309.859999999403954, 7438271.71 ], [ 9579390.320000000298023, 7438297.17 ], [ 9579433.740000000223517, 7438395.009999999776483 ], [ 9579423.560000000521541, 7438444.910000000149012 ], [ 9579476.220000000670552, 7438530.879999999888241 ], [ 9579504.78999999910593, 7438525.28000000026077 ], [ 9579528.890000000596046, 7438552.17 ], [ 9579508.160000000149012, 7438570.67 ], [ 9579485.599999999627471, 7438593.92 ], [ 9579506.179999999701977, 7438649.33 ], [ 9579551.300000000745058, 7438648.0 ], [ 9579562.119999999180436, 7438666.190000000409782 ], [ 9579533.990000000223517, 7438696.410000000149012 ], [ 9579691.939999999478459, 7439359.099999999627471 ], [ 9579704.67, 7439405.5 ], [ 9579735.109999999403954, 7439424.190000000409782 ], [ 9579772.490000000223517, 7439426.870000000111759 ], [ 9579802.939999999478459, 7439449.299999999813735 ], [ 9579829.109999999403954, 7439472.25 ], [ 9579857.939999999478459, 7439545.429999999701977 ], [ 9579860.609999999403954, 7439634.070000000298023 ], [ 9579860.08, 7439688.019999999552965 ], [ 9579893.199999999254942, 7439720.049999999813735 ], [ 9579915.089999999850988, 7439731.269999999552965 ], [ 9579919.359999999403954, 7439763.320000000298023 ], [ 9579957.279999999329448, 7439817.799999999813735 ], [ 9580000.060000000521541, 7439871.360000000335276 ], [ 9580209.310000000521541, 7440146.42 ], [ 9580561.990000000223517, 7440224.389999999664724 ], [ 9580386.880000000819564, 7442043.389999999664724 ], [ 9581845.449999999254942, 7443188.78000000026077 ], [ 9581544.599999999627471, 7444612.860000000335276 ], [ 9581641.859999999403954, 7444641.700000000186265 ], [ 9581725.46000000089407, 7444605.269999999552965 ], [ 9581812.78999999910593, 7444622.96 ], [ 9581886.099999999627471, 7444607.660000000149012 ], [ 9581993.560000000521541, 7444615.78000000026077 ], [ 9582022.25, 7444630.950000000186265 ], [ 9582090.92, 7444631.559999999590218 ], [ 9582181.089999999850988, 7444661.410000000149012 ], [ 9582479.259999999776483, 7444691.599999999627471 ], [ 9582779.480000000447035, 7445217.410000000149012 ], [ 9582807.410000000149012, 7445266.309999999590218 ], [ 9582913.759999999776483, 7445350.690000000409782 ], [ 9583203.939999999478459, 7445398.379999999888241 ], [ 9583729.160000000149012, 7445569.759999999776483 ], [ 9584173.890000000596046, 7445800.629999999888241 ], [ 9584115.390000000596046, 7445920.490000000223517 ], [ 9583960.060000000521541, 7446245.679999999701977 ], [ 9583898.599999999627471, 7446484.480000000447035 ], [ 9583877.650000000372529, 7446707.29 ], [ 9583867.25, 7446953.009999999776483 ], [ 9583757.880000000819564, 7446938.589999999850988 ], [ 9583248.67, 7446893.950000000186265 ], [ 9583261.529999999329448, 7446492.190000000409782 ], [ 9583071.46000000089407, 7446436.839999999850988 ], [ 9583046.820000000298023, 7446498.429999999701977 ], [ 9582919.519999999552965, 7446451.849999999627471 ], [ 9582955.839999999850988, 7446245.230000000447035 ], [ 9582810.359999999403954, 7446183.129999999888241 ], [ 9582763.769999999552965, 7446167.53000000026077 ], [ 9582826.679999999701977, 7446008.599999999627471 ], [ 9582700.630000000819564, 7445935.75 ], [ 9582541.779999999329448, 7445835.139999999664724 ], [ 9582513.119999999180436, 7445843.79 ], [ 9582384.050000000745058, 7445915.71999999973923 ], [ 9582383.359999999403954, 7445919.309999999590218 ], [ 9582269.800000000745058, 7446513.03000000026077 ], [ 9582107.029999999329448, 7446511.480000000447035 ], [ 9582099.880000000819564, 7446541.58 ], [ 9582008.269999999552965, 7446660.58 ], [ 9581517.140000000596046, 7446993.53000000026077 ], [ 9581175.0, 7447312.490000000223517 ], [ 9581105.470000000670552, 7447344.28000000026077 ], [ 9580433.339999999850988, 7447637.839999999850988 ], [ 9580250.099999999627471, 7447717.889999999664724 ], [ 9580095.349999999627471, 7447784.980000000447035 ], [ 9580002.08, 7447806.570000000298023 ], [ 9579294.03999999910593, 7447900.019999999552965 ], [ 9579026.439999999478459, 7447903.299999999813735 ], [ 9578223.96000000089407, 7448713.400000000372529 ], [ 9578285.33, 7448752.299999999813735 ], [ 9578825.099999999627471, 7449513.690000000409782 ], [ 9579041.33, 7449476.019999999552965 ], [ 9578973.28999999910593, 7449315.559999999590218 ], [ 9579379.050000000745058, 7449140.740000000223517 ], [ 9579447.589999999850988, 7449301.389999999664724 ], [ 9579057.519999999552965, 7449470.410000000149012 ], [ 9579384.390000000596046, 7450024.92 ], [ 9579541.75, 7450603.389999999664724 ], [ 9580022.480000000447035, 7450300.019999999552965 ], [ 9580348.269999999552965, 7450019.990000000223517 ], [ 9580402.310000000521541, 7449934.33 ], [ 9580426.769999999552965, 7449952.509999999776483 ], [ 9580391.720000000670552, 7450043.75 ], [ 9580652.810000000521541, 7450336.0 ], [ 9581015.029999999329448, 7450798.599999999627471 ], [ 9581106.060000000521541, 7450860.46 ], [ 9581095.480000000447035, 7450877.54 ], [ 9580993.029999999329448, 7451014.33 ], [ 9581026.779999999329448, 7451070.17 ], [ 9581053.359999999403954, 7451130.179999999701977 ], [ 9581065.640000000596046, 7451180.700000000186265 ], [ 9581055.630000000819564, 7451222.179999999701977 ], [ 9581031.189999999478459, 7451276.599999999627471 ], [ 9581002.300000000745058, 7451343.96 ], [ 9580988.859999999403954, 7451392.049999999813735 ], [ 9580997.130000000819564, 7451452.42 ], [ 9581037.529999999329448, 7451512.379999999888241 ], [ 9581082.21000000089407, 7451605.46 ], [ 9581127.699999999254942, 7451635.700000000186265 ], [ 9581201.75, 7451647.629999999888241 ], [ 9581284.480000000447035, 7451651.42 ], [ 9581371.519999999552965, 7451674.46999999973923 ], [ 9581532.92, 7451769.870000000111759 ], [ 9581648.640000000596046, 7451877.190000000409782 ], [ 9581772.640000000596046, 7452033.400000000372529 ], [ 9581874.509999999776483, 7452176.190000000409782 ], [ 9582257.310000000521541, 7451776.29 ], [ 9582217.890000000596046, 7451725.17 ], [ 9582346.599999999627471, 7451591.54 ], [ 9582385.050000000745058, 7451651.679999999701977 ], [ 9582753.650000000372529, 7451455.440000000409782 ], [ 9582916.5, 7451423.240000000223517 ], [ 9583115.019999999552965, 7451917.870000000111759 ], [ 9583197.050000000745058, 7451884.059999999590218 ], [ 9583251.240000000223517, 7451826.160000000149012 ], [ 9583363.929999999701977, 7451826.160000000149012 ], [ 9583479.089999999850988, 7451770.129999999888241 ], [ 9583549.380000000819564, 7451742.17 ], [ 9583582.630000000819564, 7451752.5 ], [ 9583620.029999999329448, 7451785.400000000372529 ], [ 9583679.240000000223517, 7451923.799999999813735 ], [ 9583860.279999999329448, 7451807.690000000409782 ], [ 9584425.759999999776483, 7451532.03000000026077 ], [ 9584820.150000000372529, 7451356.730000000447035 ], [ 9584623.269999999552965, 7450999.75 ], [ 9584588.650000000372529, 7450795.21999999973923 ], [ 9584706.589999999850988, 7450747.46 ], [ 9585134.929999999701977, 7450573.980000000447035 ], [ 9585247.390000000596046, 7450528.440000000409782 ], [ 9585279.970000000670552, 7450229.29 ], [ 9585333.390000000596046, 7449698.900000000372529 ], [ 9585487.820000000298023, 7449768.54 ], [ 9585974.03999999910593, 7449988.46999999973923 ], [ 9586296.849999999627471, 7449759.379999999888241 ], [ 9586481.17, 7449849.53000000026077 ], [ 9586785.429999999701977, 7449549.96 ], [ 9587059.92, 7449287.629999999888241 ], [ 9587308.019999999552965, 7449076.21999999973923 ], [ 9587532.880000000819564, 7448969.79 ], [ 9587716.429999999701977, 7448783.200000000186265 ], [ 9588346.820000000298023, 7448059.269999999552965 ], [ 9588550.470000000670552, 7447842.28000000026077 ], [ 9588804.25, 7447620.360000000335276 ], [ 9588801.259999999776483, 7448102.269999999552965 ], [ 9588763.029999999329448, 7448349.5 ], [ 9588638.259999999776483, 7448673.820000000298023 ], [ 9588763.949999999254942, 7448812.79 ], [ 9588797.449999999254942, 7448849.849999999627471 ], [ 9588849.630000000819564, 7449145.21 ], [ 9588895.570000000298023, 7449382.980000000447035 ], [ 9588906.740000000223517, 7449426.599999999627471 ], [ 9588977.689999999478459, 7449552.83 ], [ 9589676.78999999910593, 7450630.009999999776483 ], [ 9589682.08, 7450669.78000000026077 ], [ 9589691.929999999701977, 7450681.42 ], [ 9589717.92, 7450692.360000000335276 ], [ 9589813.160000000149012, 7450833.25 ], [ 9589882.859999999403954, 7450983.160000000149012 ], [ 9589895.570000000298023, 7451041.21 ], [ 9589900.009999999776483, 7451130.660000000149012 ], [ 9589889.300000000745058, 7451198.559999999590218 ], [ 9589883.179999999701977, 7451226.910000000149012 ], [ 9589863.619999999180436, 7451280.96 ], [ 9589831.970000000670552, 7451350.25 ], [ 9589780.609999999403954, 7451425.480000000447035 ], [ 9589729.400000000372529, 7451489.679999999701977 ], [ 9589684.92, 7451518.480000000447035 ], [ 9589766.0, 7451523.389999999664724 ], [ 9589842.46000000089407, 7451496.04 ], [ 9591050.480000000447035, 7450985.71 ], [ 9591490.820000000298023, 7452647.740000000223517 ], [ 9590941.0, 7452967.799999999813735 ], [ 9590631.199999999254942, 7453194.53000000026077 ], [ 9590498.640000000596046, 7453324.650000000372529 ], [ 9590156.140000000596046, 7453711.96 ], [ 9590012.910000000149012, 7453895.96 ], [ 9589981.439999999478459, 7453949.299999999813735 ], [ 9589642.96000000089407, 7453561.17 ], [ 9589155.21000000089407, 7453077.940000000409782 ], [ 9589084.939999999478459, 7452981.089999999850988 ], [ 9589038.310000000521541, 7452879.96 ], [ 9588826.150000000372529, 7452343.03000000026077 ], [ 9588801.089999999850988, 7452233.21 ], [ 9588757.480000000447035, 7452191.21 ], [ 9588608.599999999627471, 7452288.78000000026077 ], [ 9588953.96000000089407, 7453490.589999999850988 ], [ 9588867.349999999627471, 7453506.46 ], [ 9588946.179999999701977, 7453843.929999999701977 ], [ 9589029.929999999701977, 7454016.370000000111759 ], [ 9589133.380000000819564, 7453986.809999999590218 ], [ 9589207.240000000223517, 7454239.809999999590218 ], [ 9589173.83, 7454249.610000000335276 ], [ 9589319.849999999627471, 7454757.21 ], [ 9589269.910000000149012, 7454772.71 ], [ 9589304.070000000298023, 7454857.089999999850988 ], [ 9589323.019999999552965, 7454924.79 ], [ 9589280.96000000089407, 7454937.950000000186265 ], [ 9589430.220000000670552, 7455465.299999999813735 ], [ 9589589.310000000521541, 7455694.96 ], [ 9589711.320000000298023, 7456112.83 ], [ 9589626.679999999701977, 7456140.28000000026077 ], [ 9589711.689999999478459, 7456380.339999999850988 ], [ 9589784.980000000447035, 7456504.070000000298023 ], [ 9589854.640000000596046, 7456449.049999999813735 ], [ 9590216.689999999478459, 7456861.400000000372529 ], [ 9590322.230000000447035, 7457045.990000000223517 ], [ 9590396.279999999329448, 7457237.08 ], [ 9590436.619999999180436, 7457452.860000000335276 ], [ 9590442.599999999627471, 7457652.759999999776483 ], [ 9590403.720000000670552, 7458280.650000000372529 ], [ 9590344.050000000745058, 7459244.269999999552965 ], [ 9590199.470000000670552, 7459401.79 ], [ 9590141.439999999478459, 7459727.139999999664724 ], [ 9589698.800000000745058, 7459363.589999999850988 ], [ 9589567.109999999403954, 7459226.349999999627471 ], [ 9588835.859999999403954, 7457750.730000000447035 ], [ 9588741.240000000223517, 7457787.46 ], [ 9588324.730000000447035, 7457901.42 ], [ 9587411.439999999478459, 7458172.589999999850988 ], [ 9587356.119999999180436, 7458211.660000000149012 ], [ 9587308.03999999910593, 7458262.490000000223517 ], [ 9587062.599999999627471, 7458602.179999999701977 ], [ 9586973.640000000596046, 7458758.96 ], [ 9586809.42, 7459029.17 ], [ 9586625.199999999254942, 7459299.099999999627471 ], [ 9586557.740000000223517, 7459411.519999999552965 ], [ 9586530.589999999850988, 7459456.759999999776483 ], [ 9586443.660000000149012, 7459631.110000000335276 ], [ 9586327.160000000149012, 7459821.129999999888241 ], [ 9586126.470000000670552, 7459844.75 ], [ 9585704.519999999552965, 7460072.28000000026077 ], [ 9585577.779999999329448, 7459927.379999999888241 ], [ 9585272.070000000298023, 7459828.910000000149012 ], [ 9584826.78999999910593, 7459303.349999999627471 ], [ 9584588.25, 7458940.03000000026077 ], [ 9584393.189999999478459, 7459111.629999999888241 ], [ 9584333.300000000745058, 7459321.679999999701977 ], [ 9584208.589999999850988, 7459411.700000000186265 ], [ 9584093.92, 7459488.070000000298023 ], [ 9583796.560000000521541, 7459668.71 ], [ 9583664.320000000298023, 7459735.389999999664724 ], [ 9583461.910000000149012, 7459867.879999999888241 ], [ 9583221.179999999701977, 7460010.990000000223517 ], [ 9582458.21000000089407, 7460516.33 ], [ 9582833.990000000223517, 7460995.059999999590218 ], [ 9583152.759999999776483, 7460794.0 ], [ 9583356.359999999403954, 7460982.870000000111759 ], [ 9583334.42, 7461227.21 ], [ 9583378.849999999627471, 7461427.059999999590218 ], [ 9582573.490000000223517, 7461507.740000000223517 ], [ 9582549.689999999478459, 7461453.400000000372529 ], [ 9582523.929999999701977, 7461375.299999999813735 ], [ 9582479.939999999478459, 7461362.42 ], [ 9582450.429999999701977, 7461373.160000000149012 ], [ 9582443.449999999254942, 7461401.599999999627471 ], [ 9582421.449999999254942, 7461421.46 ], [ 9582371.009999999776483, 7461387.110000000335276 ], [ 9582354.92, 7461351.690000000409782 ], [ 9582366.179999999701977, 7461304.46999999973923 ], [ 9582336.67, 7461234.71999999973923 ], [ 9582370.470000000670552, 7461171.940000000409782 ], [ 9582371.009999999776483, 7461156.370000000111759 ], [ 9582346.869999999180436, 7461141.879999999888241 ], [ 9582300.720000000670552, 7461178.910000000149012 ], [ 9582246.089999999850988, 7461161.690000000409782 ], [ 9582211.480000000447035, 7461101.799999999813735 ], [ 9582204.390000000596046, 7461084.620000000111759 ], [ 9582223.560000000521541, 7461055.370000000111759 ], [ 9582214.220000000670552, 7461040.519999999552965 ], [ 9582127.140000000596046, 7460975.96999999973923 ], [ 9582084.779999999329448, 7460927.360000000335276 ], [ 9581965.08, 7460806.599999999627471 ], [ 9581858.609999999403954, 7460721.17 ], [ 9581754.730000000447035, 7460625.879999999888241 ], [ 9581656.0, 7460573.929999999701977 ], [ 9581634.759999999776483, 7460544.92 ], [ 9581541.470000000670552, 7460508.120000000111759 ], [ 9581401.689999999478459, 7460717.160000000149012 ], [ 9581451.980000000447035, 7460781.620000000111759 ], [ 9581541.279999999329448, 7460775.660000000149012 ], [ 9582040.320000000298023, 7461341.940000000409782 ], [ 9582113.550000000745058, 7461543.400000000372529 ], [ 9582221.980000000447035, 7461519.0 ], [ 9582308.33, 7461973.759999999776483 ], [ 9582284.800000000745058, 7462070.230000000447035 ], [ 9582354.019999999552965, 7462138.099999999627471 ], [ 9582216.220000000670552, 7462319.0 ], [ 9582174.740000000223517, 7462350.28000000026077 ], [ 9581819.630000000819564, 7462462.150000000372529 ], [ 9581763.679999999701977, 7462501.980000000447035 ], [ 9581688.429999999701977, 7462575.79 ], [ 9581623.58, 7462729.799999999813735 ], [ 9581614.730000000447035, 7463215.78000000026077 ], [ 9581576.730000000447035, 7463424.759999999776483 ], [ 9581569.660000000149012, 7463858.92 ], [ 9581476.630000000819564, 7463848.440000000409782 ], [ 9581445.839999999850988, 7464289.629999999888241 ], [ 9581422.060000000521541, 7464428.75 ], [ 9581367.970000000670552, 7464572.759999999776483 ], [ 9581315.720000000670552, 7464665.46999999973923 ], [ 9581360.300000000745058, 7464635.440000000409782 ], [ 9581433.740000000223517, 7464609.339999999850988 ], [ 9581604.279999999329448, 7464575.46 ], [ 9581698.720000000670552, 7464588.639999999664724 ], [ 9581787.810000000521541, 7464619.900000000372529 ], [ 9581901.720000000670552, 7464680.889999999664724 ], [ 9582148.150000000372529, 7464866.839999999850988 ], [ 9582419.490000000223517, 7465037.009999999776483 ], [ 9582546.359999999403954, 7465086.980000000447035 ], [ 9582702.220000000670552, 7465116.5 ], [ 9582829.880000000819564, 7465118.349999999627471 ], [ 9582992.929999999701977, 7465093.410000000149012 ], [ 9583166.189999999478459, 7465090.049999999813735 ], [ 9583129.970000000670552, 7465017.21999999973923 ], [ 9583139.0, 7464938.269999999552965 ], [ 9583088.33, 7464835.04 ], [ 9583083.189999999478459, 7464679.339999999850988 ], [ 9583166.58, 7464624.089999999850988 ], [ 9583089.269999999552965, 7464471.5 ], [ 9583061.33, 7464429.950000000186265 ], [ 9583041.869999999180436, 7464415.370000000111759 ], [ 9583021.359999999403954, 7464419.049999999813735 ], [ 9583020.689999999478459, 7464416.610000000335276 ], [ 9582959.140000000596046, 7464416.650000000372529 ], [ 9582939.650000000372529, 7464372.42 ], [ 9582943.78999999910593, 7464354.820000000298023 ], [ 9582938.220000000670552, 7464332.929999999701977 ], [ 9582844.849999999627471, 7464118.150000000372529 ], [ 9582845.890000000596046, 7463969.58 ], [ 9582791.890000000596046, 7463939.160000000149012 ], [ 9582755.359999999403954, 7463860.690000000409782 ], [ 9582637.519999999552965, 7463410.639999999664724 ], [ 9582701.339999999850988, 7463400.0 ], [ 9582729.78999999910593, 7463409.58 ], [ 9582738.970000000670552, 7463476.28000000026077 ], [ 9582792.119999999180436, 7463637.320000000298023 ], [ 9582970.0, 7463813.070000000298023 ], [ 9583178.439999999478459, 7463892.200000000186265 ], [ 9583270.339999999850988, 7464024.740000000223517 ], [ 9583298.720000000670552, 7464164.54 ], [ 9583422.339999999850988, 7464339.740000000223517 ], [ 9583500.17, 7464556.849999999627471 ], [ 9583559.089999999850988, 7464787.049999999813735 ], [ 9583560.199999999254942, 7464842.360000000335276 ], [ 9583571.640000000596046, 7464876.299999999813735 ], [ 9583613.439999999478459, 7464922.320000000298023 ], [ 9583633.220000000670552, 7465006.089999999850988 ], [ 9583691.339999999850988, 7465120.549999999813735 ], [ 9583735.519999999552965, 7465150.509999999776483 ], [ 9583749.589999999850988, 7465178.04 ], [ 9583747.160000000149012, 7465223.480000000447035 ], [ 9583846.240000000223517, 7465291.549999999813735 ], [ 9583926.53999999910593, 7465403.900000000372529 ], [ 9583965.320000000298023, 7465545.75 ], [ 9584022.689999999478459, 7465701.53000000026077 ], [ 9584119.83, 7465818.379999999888241 ], [ 9584244.75, 7466040.200000000186265 ], [ 9584376.810000000521541, 7466165.150000000372529 ], [ 9584347.439999999478459, 7466208.379999999888241 ], [ 9584391.199999999254942, 7466285.120000000111759 ], [ 9584463.820000000298023, 7466340.940000000409782 ], [ 9584583.630000000819564, 7466404.820000000298023 ], [ 9584724.910000000149012, 7466429.110000000335276 ], [ 9584976.67, 7466379.5 ], [ 9585196.179999999701977, 7466351.019999999552965 ], [ 9585442.660000000149012, 7466336.870000000111759 ], [ 9585458.03999999910593, 7466266.650000000372529 ], [ 9585512.839999999850988, 7466209.820000000298023 ], [ 9585734.779999999329448, 7466199.200000000186265 ], [ 9585906.5, 7466176.650000000372529 ], [ 9585992.199999999254942, 7466159.910000000149012 ], [ 9586301.849999999627471, 7466072.58 ], [ 9586928.92, 7466106.04 ], [ 9587172.220000000670552, 7466152.28000000026077 ], [ 9587548.509999999776483, 7466237.629999999888241 ], [ 9587707.240000000223517, 7466235.820000000298023 ], [ 9587794.880000000819564, 7466183.440000000409782 ], [ 9587916.859999999403954, 7466026.160000000149012 ], [ 9587948.890000000596046, 7465976.150000000372529 ], [ 9588023.050000000745058, 7465915.46999999973923 ], [ 9588120.71000000089407, 7465872.320000000298023 ], [ 9588465.21000000089407, 7465779.46 ], [ 9588641.820000000298023, 7465694.129999999888241 ], [ 9588826.78999999910593, 7465589.019999999552965 ], [ 9588961.880000000819564, 7465499.450000000186265 ], [ 9589011.720000000670552, 7465445.46999999973923 ], [ 9589212.720000000670552, 7465114.730000000447035 ], [ 9589175.42, 7464987.879999999888241 ], [ 9588992.939999999478459, 7464866.150000000372529 ], [ 9588456.369999999180436, 7464576.03000000026077 ], [ 9587306.050000000745058, 7465175.070000000298023 ], [ 9587207.810000000521541, 7465217.160000000149012 ], [ 9587189.17, 7465167.339999999850988 ], [ 9587285.400000000372529, 7465116.349999999627471 ], [ 9587209.28999999910593, 7464198.870000000111759 ], [ 9587090.980000000447035, 7464155.240000000223517 ], [ 9587008.230000000447035, 7464106.389999999664724 ], [ 9586928.759999999776483, 7463916.400000000372529 ], [ 9586940.5, 7463659.58 ], [ 9586981.310000000521541, 7463151.870000000111759 ], [ 9586591.259999999776483, 7462785.799999999813735 ], [ 9586471.720000000670552, 7462609.46999999973923 ], [ 9586482.029999999329448, 7462571.71999999973923 ], [ 9586250.75, 7462486.33 ], [ 9586111.769999999552965, 7462392.92 ], [ 9586479.46000000089407, 7462070.730000000447035 ], [ 9586860.820000000298023, 7462041.900000000372529 ], [ 9587288.560000000521541, 7462009.740000000223517 ], [ 9587266.310000000521541, 7462201.25 ], [ 9587599.779999999329448, 7462284.53000000026077 ], [ 9587976.380000000819564, 7462337.96999999973923 ], [ 9587982.029999999329448, 7462582.889999999664724 ], [ 9587647.859999999403954, 7462551.230000000447035 ], [ 9587028.599999999627471, 7462547.559999999590218 ], [ 9587046.5, 7462657.92 ], [ 9587349.099999999627471, 7462773.410000000149012 ], [ 9587638.46000000089407, 7463082.799999999813735 ], [ 9588302.660000000149012, 7463543.370000000111759 ], [ 9588565.730000000447035, 7463499.83 ], [ 9588662.71000000089407, 7463561.559999999590218 ], [ 9588654.990000000223517, 7463780.150000000372529 ], [ 9589034.67, 7464061.309999999590218 ], [ 9589390.119999999180436, 7464237.75 ], [ 9589299.720000000670552, 7464021.200000000186265 ], [ 9589233.160000000149012, 7463811.200000000186265 ], [ 9588916.390000000596046, 7463524.570000000298023 ], [ 9589057.429999999701977, 7463356.639999999664724 ], [ 9589639.410000000149012, 7463592.980000000447035 ], [ 9589753.470000000670552, 7463743.139999999664724 ], [ 9589756.050000000745058, 7464112.269999999552965 ], [ 9589826.92, 7464349.360000000335276 ], [ 9589847.529999999329448, 7464483.240000000223517 ], [ 9589968.119999999180436, 7464698.650000000372529 ], [ 9590053.53999999910593, 7464875.259999999776483 ], [ 9590174.769999999552965, 7464927.629999999888241 ], [ 9590387.550000000745058, 7464974.660000000149012 ], [ 9590863.42, 7464992.440000000409782 ], [ 9591016.28999999910593, 7464789.67 ], [ 9591116.759999999776483, 7464611.450000000186265 ], [ 9591183.42, 7464537.799999999813735 ], [ 9591335.359999999403954, 7464414.96 ], [ 9591437.400000000372529, 7464361.04 ], [ 9591696.83, 7464410.71 ], [ 9591699.359999999403954, 7464450.71 ], [ 9591696.189999999478459, 7464486.71999999973923 ], [ 9591554.589999999850988, 7464456.28000000026077 ], [ 9591413.550000000745058, 7464474.200000000186265 ], [ 9591268.150000000372529, 7464549.679999999701977 ], [ 9591181.939999999478459, 7464654.160000000149012 ], [ 9591142.259999999776483, 7464751.379999999888241 ], [ 9591134.970000000670552, 7464831.96999999973923 ], [ 9591138.92, 7464981.58 ], [ 9591124.900000000372529, 7465118.190000000409782 ], [ 9591007.929999999701977, 7465371.950000000186265 ], [ 9591040.029999999329448, 7465397.78000000026077 ], [ 9591239.699999999254942, 7465297.839999999850988 ], [ 9591271.810000000521541, 7465310.139999999664724 ], [ 9591249.28999999910593, 7465384.620000000111759 ], [ 9591234.099999999627471, 7465375.849999999627471 ], [ 9591203.96000000089407, 7465398.980000000447035 ], [ 9591026.890000000596046, 7465455.700000000186265 ], [ 9590960.869999999180436, 7465474.78000000026077 ], [ 9590805.859999999403954, 7465562.5 ], [ 9590428.28999999910593, 7465715.589999999850988 ], [ 9590424.769999999552965, 7466000.29 ], [ 9590657.119999999180436, 7466341.79 ], [ 9591114.660000000149012, 7466940.049999999813735 ], [ 9591150.279999999329448, 7467131.599999999627471 ], [ 9590996.53999999910593, 7467651.96999999973923 ], [ 9591057.660000000149012, 7467945.58 ], [ 9591143.33, 7468122.5 ], [ 9591233.980000000447035, 7468350.639999999664724 ], [ 9591635.609999999403954, 7468002.099999999627471 ], [ 9591683.640000000596046, 7467978.059999999590218 ], [ 9591717.199999999254942, 7467941.660000000149012 ], [ 9591574.519999999552965, 7467739.620000000111759 ], [ 9591511.609999999403954, 7467538.150000000372529 ], [ 9591497.160000000149012, 7467330.03000000026077 ], [ 9591561.699999999254942, 7466945.599999999627471 ], [ 9591777.529999999329448, 7465970.610000000335276 ], [ 9591929.380000000819564, 7465217.179999999701977 ], [ 9591942.58, 7465059.490000000223517 ], [ 9591933.050000000745058, 7464690.53000000026077 ], [ 9592022.03999999910593, 7464665.910000000149012 ], [ 9592200.060000000521541, 7465180.339999999850988 ], [ 9592314.910000000149012, 7465151.0 ], [ 9592255.08, 7464988.679999999701977 ], [ 9592352.130000000819564, 7464547.910000000149012 ], [ 9592179.119999999180436, 7464518.71999999973923 ], [ 9592090.439999999478459, 7464322.429999999701977 ], [ 9591935.46000000089407, 7464038.700000000186265 ], [ 9592018.17, 7463771.589999999850988 ], [ 9591615.33, 7462367.440000000409782 ], [ 9591425.029999999329448, 7461925.950000000186265 ], [ 9591434.939999999478459, 7461538.92 ], [ 9591739.779999999329448, 7461187.29 ], [ 9591964.33, 7460851.259999999776483 ], [ 9592065.150000000372529, 7460638.110000000335276 ], [ 9592204.130000000819564, 7460690.75 ], [ 9592200.320000000298023, 7460708.400000000372529 ], [ 9592228.0, 7460745.0 ], [ 9592259.740000000223517, 7460784.549999999813735 ], [ 9592286.310000000521541, 7460808.139999999664724 ], [ 9592364.839999999850988, 7460843.660000000149012 ], [ 9592416.560000000521541, 7460878.740000000223517 ], [ 9592543.380000000819564, 7460916.490000000223517 ], [ 9592567.410000000149012, 7460915.679999999701977 ], [ 9592609.679999999701977, 7460928.400000000372529 ], [ 9592626.019999999552965, 7460936.139999999664724 ], [ 9592646.179999999701977, 7460942.650000000372529 ], [ 9592680.21000000089407, 7460950.46999999973923 ], [ 9592706.560000000521541, 7460953.070000000298023 ], [ 9592707.529999999329448, 7460987.759999999776483 ], [ 9592708.949999999254942, 7460989.809999999590218 ], [ 9592712.570000000298023, 7460991.54 ], [ 9592716.53999999910593, 7460996.240000000223517 ], [ 9592758.589999999850988, 7460982.160000000149012 ], [ 9592749.199999999254942, 7460977.46 ], [ 9592746.689999999478459, 7460975.049999999813735 ], [ 9592746.279999999329448, 7460970.740000000223517 ], [ 9592747.279999999329448, 7460965.120000000111759 ], [ 9592749.119999999180436, 7460960.400000000372529 ], [ 9593103.599999999627471, 7460955.96 ], [ 9593090.369999999180436, 7460909.589999999850988 ], [ 9593204.75, 7460903.08 ], [ 9593299.849999999627471, 7460877.549999999813735 ], [ 9593430.759999999776483, 7460857.320000000298023 ], [ 9593563.050000000745058, 7460866.200000000186265 ], [ 9593627.689999999478459, 7460897.559999999590218 ], [ 9593690.929999999701977, 7460886.940000000409782 ], [ 9593735.0, 7460907.820000000298023 ], [ 9593745.480000000447035, 7460908.009999999776483 ], [ 9593776.83, 7460892.03000000026077 ], [ 9593798.939999999478459, 7460883.58 ], [ 9593827.589999999850988, 7460880.08 ], [ 9593914.310000000521541, 7460888.490000000223517 ], [ 9593939.259999999776483, 7460880.690000000409782 ], [ 9593985.560000000521541, 7460852.5 ], [ 9594007.03999999910593, 7460855.900000000372529 ], [ 9594022.71000000089407, 7460843.200000000186265 ], [ 9594037.28999999910593, 7460819.440000000409782 ], [ 9594072.890000000596046, 7460800.29 ], [ 9594097.060000000521541, 7460764.089999999850988 ], [ 9594122.28999999910593, 7460743.33 ], [ 9594167.08, 7460695.110000000335276 ], [ 9594183.060000000521541, 7460680.33 ], [ 9594268.240000000223517, 7460649.53000000026077 ], [ 9594287.71000000089407, 7460652.870000000111759 ], [ 9594299.349999999627471, 7460660.929999999701977 ], [ 9594312.03999999910593, 7460676.910000000149012 ], [ 9594324.699999999254942, 7460679.049999999813735 ], [ 9594342.199999999254942, 7460675.549999999813735 ], [ 9594355.03999999910593, 7460669.440000000409782 ], [ 9594363.550000000745058, 7460660.629999999888241 ], [ 9594378.779999999329448, 7460617.190000000409782 ], [ 9594401.17, 7460609.71999999973923 ], [ 9594410.480000000447035, 7460614.599999999627471 ], [ 9594426.119999999180436, 7460602.450000000186265 ], [ 9594430.380000000819564, 7460591.360000000335276 ], [ 9594427.189999999478459, 7460573.910000000149012 ], [ 9594429.92, 7460562.059999999590218 ], [ 9594441.699999999254942, 7460545.599999999627471 ], [ 9594411.099999999627471, 7460535.03000000026077 ], [ 9594395.46000000089407, 7460519.400000000372529 ], [ 9594381.53999999910593, 7460490.799999999813735 ], [ 9594501.050000000745058, 7460446.769999999552965 ], [ 9594691.269999999552965, 7460355.839999999850988 ], [ 9594949.070000000298023, 7460596.730000000447035 ], [ 9594978.67, 7460747.08 ], [ 9595058.17, 7460768.490000000223517 ], [ 9595063.720000000670552, 7460769.92 ], [ 9595067.300000000745058, 7460814.089999999850988 ], [ 9595075.660000000149012, 7460851.129999999888241 ], [ 9595108.5, 7460894.120000000111759 ], [ 9595208.240000000223517, 7460972.349999999627471 ], [ 9595238.320000000298023, 7461965.559999999590218 ], [ 9595769.869999999180436, 7461964.839999999850988 ], [ 9596178.349999999627471, 7461952.389999999664724 ], [ 9596168.33, 7461926.320000000298023 ], [ 9596152.359999999403954, 7461909.299999999813735 ], [ 9596138.619999999180436, 7461884.21 ], [ 9596170.269999999552965, 7461872.28000000026077 ], [ 9596194.759999999776483, 7461843.03000000026077 ], [ 9596167.880000000819564, 7461781.509999999776483 ], [ 9596121.300000000745058, 7461684.179999999701977 ], [ 9595993.109999999403954, 7461541.429999999701977 ], [ 9595968.42, 7461483.519999999552965 ], [ 9595955.28999999910593, 7461393.349999999627471 ], [ 9595967.83, 7461321.099999999627471 ], [ 9595951.109999999403954, 7461255.990000000223517 ], [ 9595970.820000000298023, 7461215.400000000372529 ], [ 9595994.099999999627471, 7461190.320000000298023 ], [ 9595974.910000000149012, 7461124.559999999590218 ], [ 9595957.08, 7461041.019999999552965 ], [ 9595972.570000000298023, 7460865.379999999888241 ], [ 9595989.33, 7460840.980000000447035 ], [ 9596019.179999999701977, 7460828.440000000409782 ], [ 9596021.58, 7460804.54 ], [ 9596011.429999999701977, 7460767.53000000026077 ], [ 9596022.17, 7460749.009999999776483 ], [ 9596039.410000000149012, 7460745.269999999552965 ], [ 9596060.089999999850988, 7460737.059999999590218 ], [ 9596106.800000000745058, 7460735.29 ], [ 9596114.429999999701977, 7460721.230000000447035 ], [ 9596113.53999999910593, 7460704.820000000298023 ], [ 9596101.589999999850988, 7460692.570000000298023 ], [ 9596066.359999999403954, 7460688.700000000186265 ], [ 9596057.400000000372529, 7460666.0 ], [ 9596078.310000000521541, 7460612.549999999813735 ], [ 9596075.609999999403954, 7460562.269999999552965 ], [ 9596040.089999999850988, 7460545.980000000447035 ], [ 9596022.17, 7460530.450000000186265 ], [ 9595985.439999999478459, 7460454.75 ], [ 9595963.349999999627471, 7460454.610000000335276 ], [ 9595920.349999999627471, 7460437.299999999813735 ], [ 9595901.53999999910593, 7460380.549999999813735 ], [ 9595913.490000000223517, 7460338.759999999776483 ], [ 9595906.320000000298023, 7460262.320000000298023 ], [ 9595808.980000000447035, 7460117.820000000298023 ], [ 9595868.240000000223517, 7459984.099999999627471 ], [ 9595856.759999999776483, 7459890.879999999888241 ], [ 9595896.17, 7459746.379999999888241 ], [ 9595891.390000000596046, 7459659.200000000186265 ], [ 9595916.439999999478459, 7459596.990000000223517 ], [ 9595904.529999999329448, 7459531.389999999664724 ], [ 9595828.089999999850988, 7459488.400000000372529 ], [ 9595806.390000000596046, 7459453.870000000111759 ], [ 9595828.089999999850988, 7459324.480000000447035 ], [ 9595844.21000000089407, 7459248.929999999701977 ], [ 9595848.259999999776483, 7459181.21 ], [ 9595851.029999999329448, 7459158.839999999850988 ], [ 9595830.740000000223517, 7459109.71 ], [ 9595845.699999999254942, 7459063.490000000223517 ], [ 9595841.449999999254942, 7459028.799999999813735 ], [ 9595818.089999999850988, 7459020.29 ], [ 9595782.67, 7459043.660000000149012 ], [ 9595761.439999999478459, 7458999.049999999813735 ], [ 9595736.660000000149012, 7458994.089999999850988 ], [ 9595721.779999999329448, 7458979.92 ], [ 9595726.740000000223517, 7458937.440000000409782 ], [ 9595723.910000000149012, 7458910.53000000026077 ], [ 9595711.160000000149012, 7458877.96999999973923 ], [ 9595730.279999999329448, 7458841.849999999627471 ], [ 9595743.740000000223517, 7458842.559999999590218 ], [ 9595779.28999999910593, 7458834.990000000223517 ], [ 9595746.560000000521541, 7458784.480000000447035 ], [ 9595738.230000000447035, 7458765.839999999850988 ], [ 9595738.259999999776483, 7458741.429999999701977 ], [ 9595759.310000000521541, 7458734.21999999973923 ], [ 9595770.46000000089407, 7458721.639999999664724 ], [ 9595767.990000000223517, 7458710.589999999850988 ], [ 9595748.67, 7458702.83 ], [ 9595735.089999999850988, 7458690.79 ], [ 9595740.199999999254942, 7458663.410000000149012 ], [ 9595735.939999999478459, 7458643.58 ], [ 9595733.179999999701977, 7458619.25 ], [ 9595741.509999999776483, 7458609.370000000111759 ], [ 9595791.560000000521541, 7458613.21999999973923 ], [ 9595809.58, 7458606.990000000223517 ], [ 9595816.150000000372529, 7458589.660000000149012 ], [ 9595809.589999999850988, 7458568.509999999776483 ], [ 9595800.730000000447035, 7458555.490000000223517 ], [ 9595802.410000000149012, 7458546.070000000298023 ], [ 9595811.429999999701977, 7458540.650000000372529 ], [ 9595837.910000000149012, 7458537.370000000111759 ], [ 9595847.75, 7458528.129999999888241 ], [ 9595845.699999999254942, 7458513.980000000447035 ], [ 9595831.529999999329448, 7458508.320000000298023 ], [ 9595828.71000000089407, 7458498.42 ], [ 9595837.58, 7458473.700000000186265 ], [ 9595853.759999999776483, 7458469.629999999888241 ], [ 9595857.029999999329448, 7458457.349999999627471 ], [ 9595844.990000000223517, 7458443.179999999701977 ], [ 9595824.449999999254942, 7458450.25 ], [ 9595815.849999999627471, 7458445.75 ], [ 9595812.42, 7458435.08 ], [ 9595807.5, 7458358.700000000186265 ], [ 9595818.839999999850988, 7458346.320000000298023 ], [ 9595839.939999999478459, 7458328.889999999664724 ], [ 9595845.900000000372529, 7458235.349999999627471 ], [ 9595844.050000000745058, 7458213.820000000298023 ], [ 9595834.359999999403954, 7458135.509999999776483 ], [ 9595837.220000000670552, 7458113.33 ], [ 9595851.390000000596046, 7458101.96999999973923 ], [ 9595864.42, 7458071.120000000111759 ], [ 9595831.519999999552965, 7457999.83 ], [ 9595813.689999999478459, 7457991.599999999627471 ], [ 9595807.490000000223517, 7457984.150000000372529 ], [ 9595811.640000000596046, 7457970.349999999627471 ], [ 9595836.320000000298023, 7457929.910000000149012 ], [ 9595858.25, 7457916.200000000186265 ], [ 9595857.570000000298023, 7457901.799999999813735 ], [ 9595845.859999999403954, 7457898.46 ], [ 9595835.83, 7457891.700000000186265 ], [ 9595833.570000000298023, 7457869.589999999850988 ], [ 9595839.140000000596046, 7457862.910000000149012 ], [ 9595848.509999999776483, 7457861.019999999552965 ], [ 9595859.439999999478459, 7457862.03000000026077 ], [ 9595867.42, 7457854.129999999888241 ], [ 9595867.300000000745058, 7457809.799999999813735 ], [ 9595887.939999999478459, 7457793.92 ], [ 9595898.449999999254942, 7457774.230000000447035 ], [ 9595907.310000000521541, 7457743.679999999701977 ], [ 9595929.279999999329448, 7457705.950000000186265 ], [ 9595940.369999999180436, 7457662.370000000111759 ], [ 9595979.189999999478459, 7457610.769999999552965 ], [ 9596036.58, 7457577.759999999776483 ], [ 9596124.429999999701977, 7457531.099999999627471 ], [ 9596198.910000000149012, 7457490.089999999850988 ], [ 9596266.109999999403954, 7457461.759999999776483 ], [ 9596372.71000000089407, 7457404.29 ], [ 9596375.910000000149012, 7457385.269999999552965 ], [ 9596124.089999999850988, 7457196.940000000409782 ], [ 9596373.929999999701977, 7456537.809999999590218 ], [ 9596045.199999999254942, 7456109.75 ], [ 9595506.140000000596046, 7456255.570000000298023 ], [ 9595367.189999999478459, 7456141.549999999813735 ], [ 9594790.369999999180436, 7456418.650000000372529 ], [ 9594737.859999999403954, 7456666.839999999850988 ], [ 9594303.779999999329448, 7456455.650000000372529 ], [ 9594041.630000000819564, 7456600.360000000335276 ], [ 9593638.279999999329448, 7456364.04 ], [ 9593236.929999999701977, 7456017.75 ], [ 9593131.78999999910593, 7456276.889999999664724 ], [ 9592489.25, 7456342.71999999973923 ], [ 9592412.859999999403954, 7455814.410000000149012 ], [ 9592244.339999999850988, 7455649.660000000149012 ], [ 9592115.410000000149012, 7455780.089999999850988 ], [ 9591584.679999999701977, 7455557.230000000447035 ], [ 9591550.699999999254942, 7455336.46 ], [ 9591227.660000000149012, 7455400.950000000186265 ], [ 9590794.300000000745058, 7454814.110000000335276 ], [ 9590874.699999999254942, 7454377.78000000026077 ], [ 9591103.050000000745058, 7454421.33 ], [ 9591106.320000000298023, 7454403.690000000409782 ], [ 9591110.050000000745058, 7454280.519999999552965 ], [ 9591116.060000000521541, 7454255.190000000409782 ], [ 9591262.83, 7454210.71999999973923 ], [ 9591254.929999999701977, 7454181.440000000409782 ], [ 9591367.009999999776483, 7454142.410000000149012 ], [ 9591691.029999999329448, 7454090.129999999888241 ], [ 9591882.320000000298023, 7453995.099999999627471 ], [ 9591902.560000000521541, 7453949.46999999973923 ], [ 9591705.390000000596046, 7453424.389999999664724 ], [ 9591686.160000000149012, 7453342.379999999888241 ], [ 9591696.310000000521541, 7453294.599999999627471 ], [ 9591714.179999999701977, 7453262.360000000335276 ], [ 9591840.83, 7453167.110000000335276 ], [ 9591981.160000000149012, 7453039.629999999888241 ], [ 9592064.099999999627471, 7452974.389999999664724 ], [ 9592156.300000000745058, 7452805.849999999627471 ], [ 9592301.890000000596046, 7452648.78000000026077 ], [ 9592360.390000000596046, 7452529.230000000447035 ], [ 9592368.509999999776483, 7452394.950000000186265 ], [ 9592380.070000000298023, 7452368.400000000372529 ], [ 9592542.650000000372529, 7452224.879999999888241 ], [ 9592611.53999999910593, 7452084.08 ], [ 9592687.400000000372529, 7451969.320000000298023 ], [ 9593093.509999999776483, 7451741.190000000409782 ], [ 9593334.859999999403954, 7451668.389999999664724 ], [ 9593413.640000000596046, 7451709.75 ], [ 9593516.519999999552965, 7451716.21 ], [ 9593564.849999999627471, 7451708.54 ], [ 9593898.369999999180436, 7451541.769999999552965 ], [ 9594017.519999999552965, 7451484.5 ], [ 9594049.740000000223517, 7451551.490000000223517 ], [ 9594090.339999999850988, 7451684.049999999813735 ], [ 9594135.560000000521541, 7451795.08 ], [ 9594120.21000000089407, 7451876.349999999627471 ], [ 9594124.17, 7451903.910000000149012 ], [ 9594226.08, 7451915.150000000372529 ], [ 9594246.21000000089407, 7451937.25 ], [ 9594285.619999999180436, 7452009.509999999776483 ], [ 9594321.839999999850988, 7452098.980000000447035 ], [ 9594365.630000000819564, 7452152.820000000298023 ], [ 9594431.92, 7452185.67 ], [ 9594467.160000000149012, 7452224.490000000223517 ], [ 9594483.28999999910593, 7452251.71 ], [ 9594513.140000000596046, 7452371.990000000223517 ], [ 9594510.150000000372529, 7452462.160000000149012 ], [ 9594529.859999999403954, 7452527.839999999850988 ], [ 9594637.429999999701977, 7452704.799999999813735 ], [ 9594656.160000000149012, 7452704.019999999552965 ], [ 9594694.720000000670552, 7452653.410000000149012 ], [ 9594717.890000000596046, 7452400.54 ], [ 9594805.75, 7452374.389999999664724 ], [ 9594882.029999999329448, 7452337.389999999664724 ], [ 9594900.099999999627471, 7452321.230000000447035 ], [ 9594900.099999999627471, 7452290.78000000026077 ], [ 9594886.96000000089407, 7452250.17 ], [ 9594860.089999999850988, 7452198.809999999590218 ], [ 9594840.339999999850988, 7452136.53000000026077 ], [ 9594845.160000000149012, 7452111.019999999552965 ], [ 9594936.980000000447035, 7452074.320000000298023 ], [ 9594984.890000000596046, 7452032.21 ], [ 9595002.560000000521541, 7451989.910000000149012 ], [ 9595014.359999999403954, 7451951.71999999973923 ], [ 9595015.949999999254942, 7451793.339999999850988 ], [ 9595049.470000000670552, 7451606.990000000223517 ], [ 9595030.279999999329448, 7451569.71 ], [ 9594965.970000000670552, 7451480.28000000026077 ], [ 9594916.019999999552965, 7451352.54 ], [ 9594932.939999999478459, 7451322.17 ], [ 9594976.529999999329448, 7451285.139999999664724 ], [ 9595026.519999999552965, 7451270.71 ], [ 9595157.769999999552965, 7451248.120000000111759 ], [ 9595227.769999999552965, 7451225.809999999590218 ], [ 9595320.28999999910593, 7451141.240000000223517 ], [ 9595418.439999999478459, 7451079.730000000447035 ], [ 9595455.46000000089407, 7451069.58 ], [ 9595481.199999999254942, 7451069.440000000409782 ], [ 9595508.609999999403954, 7451079.730000000447035 ], [ 9595583.099999999627471, 7451159.379999999888241 ], [ 9595647.150000000372529, 7451273.799999999813735 ], [ 9595744.490000000223517, 7451405.769999999552965 ], [ 9595795.839999999850988, 7451464.299999999813735 ], [ 9595818.939999999478459, 7451458.58 ], [ 9595833.769999999552965, 7451433.259999999776483 ], [ 9595828.689999999478459, 7451416.820000000298023 ], [ 9595797.339999999850988, 7451388.450000000186265 ], [ 9595774.650000000372529, 7451360.099999999627471 ], [ 9595754.03999999910593, 7451323.660000000149012 ], [ 9595737.92, 7451279.46999999973923 ], [ 9595594.029999999329448, 7451030.67 ], [ 9595574.300000000745058, 7450995.53000000026077 ], [ 9595568.33, 7450928.639999999664724 ], [ 9595364.869999999180436, 7450765.679999999701977 ], [ 9595267.28999999910593, 7450728.950000000186265 ], [ 9594821.519999999552965, 7451057.490000000223517 ], [ 9594785.439999999478459, 7451060.019999999552965 ], [ 9594723.189999999478459, 7451039.17 ], [ 9594556.130000000819564, 7450798.46 ], [ 9594514.33, 7450723.820000000298023 ], [ 9594414.599999999627471, 7450604.980000000447035 ], [ 9594369.220000000670552, 7450563.179999999701977 ], [ 9594293.029999999329448, 7450480.660000000149012 ], [ 9594209.779999999329448, 7450545.259999999776483 ], [ 9594167.550000000745058, 7450553.089999999850988 ], [ 9594033.019999999552965, 7450544.059999999590218 ], [ 9594000.769999999552965, 7450550.049999999813735 ], [ 9593894.070000000298023, 7450619.070000000298023 ], [ 9593823.410000000149012, 7450537.509999999776483 ], [ 9593816.25, 7450539.0 ], [ 9593812.359999999403954, 7450510.629999999888241 ], [ 9593813.259999999776483, 7450474.509999999776483 ], [ 9593843.119999999180436, 7450397.75 ], [ 9593879.58, 7450336.679999999701977 ], [ 9593994.78999999910593, 7450250.269999999552965 ], [ 9594331.599999999627471, 7450041.860000000335276 ], [ 9594554.650000000372529, 7449923.339999999850988 ], [ 9594506.109999999403954, 7449821.25 ], [ 9594371.609999999403954, 7449648.320000000298023 ], [ 9594348.910000000149012, 7449645.33 ], [ 9594323.83, 7449681.179999999701977 ], [ 9594288.009999999776483, 7449715.21 ], [ 9594225.910000000149012, 7449746.269999999552965 ], [ 9594212.470000000670552, 7449740.889999999664724 ], [ 9594208.58, 7449732.820000000298023 ], [ 9594211.570000000298023, 7449715.21 ], [ 9594217.83, 7449703.549999999813735 ], [ 9594238.140000000596046, 7449691.320000000298023 ], [ 9594271.880000000819564, 7449675.190000000409782 ], [ 9594307.109999999403954, 7449651.910000000149012 ], [ 9594329.21000000089407, 7449620.860000000335276 ], [ 9594329.810000000521541, 7449584.429999999701977 ], [ 9594285.119999999180436, 7449507.599999999627471 ], [ 9595245.050000000745058, 7449175.070000000298023 ], [ 9595844.679999999701977, 7449182.980000000447035 ], [ 9595941.810000000521541, 7449060.269999999552965 ], [ 9595520.259999999776483, 7448995.620000000111759 ], [ 9595728.58, 7448847.650000000372529 ], [ 9595455.130000000819564, 7447717.79 ], [ 9595571.910000000149012, 7447352.21 ], [ 9595786.519999999552965, 7447176.67 ], [ 9597294.140000000596046, 7446387.21999999973923 ], [ 9597445.019999999552965, 7446330.83 ], [ 9597470.589999999850988, 7446330.179999999701977 ], [ 9597527.619999999180436, 7446345.120000000111759 ], [ 9597625.650000000372529, 7446395.5 ], [ 9597913.939999999478459, 7446670.740000000223517 ], [ 9598401.179999999701977, 7446301.320000000298023 ], [ 9599003.619999999180436, 7446422.96999999973923 ], [ 9599421.21000000089407, 7446277.009999999776483 ], [ 9599766.230000000447035, 7446515.110000000335276 ] ] ] ] } },
{ "type": "Feature", "properties": { "fid": 5, "osm_id": -1174749, "boundary": "administrative", "admin_level": 9, "parents": "-1153257,-144763,-1221148,-60189", "name": "Кировский район", "local_name": "Кировский район", "name_en": null, "layer": "Kemerovo-s-raionami-vnutry-y-snaruzhy (2)", "path": "C:/Users/79222/Downloads/Telegram Desktop/Kemerovo-s-raionami-vnutry-y-snaruzhy (2).geojson", "population": 55177 }, "geometry": { "type": "MultiPolygon", "coordinates": [ [ [ [ 9564540.769999999552965, 7445904.570000000298023 ], [ 9564818.5, 7446150.5 ], [ 9565498.619999999180436, 7446746.160000000149012 ], [ 9565769.160000000149012, 7446759.53000000026077 ], [ 9565817.140000000596046, 7446715.339999999850988 ], [ 9565990.25, 7446670.839999999850988 ], [ 9566225.339999999850988, 7446653.650000000372529 ], [ 9566235.769999999552965, 7446643.0 ], [ 9566236.589999999850988, 7446611.519999999552965 ], [ 9567116.890000000596046, 7445655.120000000111759 ], [ 9567705.839999999850988, 7445760.160000000149012 ], [ 9567735.160000000149012, 7445860.33 ], [ 9568281.429999999701977, 7445993.269999999552965 ], [ 9568311.160000000149012, 7446019.839999999850988 ], [ 9568444.519999999552965, 7446265.990000000223517 ], [ 9568520.970000000670552, 7446728.190000000409782 ], [ 9568569.939999999478459, 7447080.519999999552965 ], [ 9568592.619999999180436, 7447127.690000000409782 ], [ 9568622.480000000447035, 7447105.589999999850988 ], [ 9568640.400000000372529, 7447129.490000000223517 ], [ 9568606.96000000089407, 7447157.549999999813735 ], [ 9568629.689999999478459, 7447255.429999999701977 ], [ 9568681.119999999180436, 7447317.71 ], [ 9568789.089999999850988, 7447431.639999999664724 ], [ 9568974.21000000089407, 7447595.870000000111759 ], [ 9569252.490000000223517, 7447827.570000000298023 ], [ 9569463.660000000149012, 7448073.849999999627471 ], [ 9569570.029999999329448, 7448141.160000000149012 ], [ 9569682.75, 7448175.71999999973923 ], [ 9569819.119999999180436, 7448237.370000000111759 ], [ 9569841.199999999254942, 7448260.440000000409782 ], [ 9570584.859999999403954, 7447365.490000000223517 ], [ 9569985.070000000298023, 7446887.809999999590218 ], [ 9569900.410000000149012, 7446999.67 ], [ 9569301.240000000223517, 7446514.129999999888241 ], [ 9569935.740000000223517, 7445855.610000000335276 ], [ 9572027.46000000089407, 7446864.849999999627471 ], [ 9572117.060000000521541, 7446908.08 ], [ 9572171.08, 7446925.480000000447035 ], [ 9572562.589999999850988, 7447034.519999999552965 ], [ 9572818.33, 7447096.04 ], [ 9573254.380000000819564, 7447182.120000000111759 ], [ 9573343.099999999627471, 7447220.860000000335276 ], [ 9574162.92, 7447733.179999999701977 ], [ 9574203.269999999552965, 7447750.879999999888241 ], [ 9574242.279999999329448, 7447759.120000000111759 ], [ 9574344.660000000149012, 7447770.240000000223517 ], [ 9574423.28999999910593, 7447747.190000000409782 ], [ 9574479.890000000596046, 7447757.549999999813735 ], [ 9574788.550000000745058, 7447894.96999999973923 ], [ 9574840.75, 7447911.480000000447035 ], [ 9574887.03999999910593, 7447920.71999999973923 ], [ 9574962.279999999329448, 7447930.889999999664724 ], [ 9575291.92, 7448023.889999999664724 ], [ 9575587.220000000670552, 7448127.349999999627471 ], [ 9575977.550000000745058, 7448241.04 ], [ 9576100.160000000149012, 7448256.320000000298023 ], [ 9576328.509999999776483, 7448325.379999999888241 ], [ 9576578.439999999478459, 7448388.400000000372529 ], [ 9576631.880000000819564, 7448401.879999999888241 ], [ 9576808.279999999329448, 7448076.679999999701977 ], [ 9577029.339999999850988, 7447657.450000000186265 ], [ 9577160.769999999552965, 7447427.129999999888241 ], [ 9577167.910000000149012, 7447379.089999999850988 ], [ 9577096.17, 7447321.28000000026077 ], [ 9576952.929999999701977, 7447295.150000000372529 ], [ 9576644.779999999329448, 7447209.509999999776483 ], [ 9576273.640000000596046, 7447075.650000000372529 ], [ 9575807.08, 7446889.139999999664724 ], [ 9575644.83, 7446813.759999999776483 ], [ 9575572.410000000149012, 7446767.96 ], [ 9575387.310000000521541, 7446592.349999999627471 ], [ 9574894.53999999910593, 7446195.120000000111759 ], [ 9574764.03999999910593, 7446069.339999999850988 ], [ 9574668.220000000670552, 7445927.549999999813735 ], [ 9574672.429999999701977, 7445888.879999999888241 ], [ 9574775.199999999254942, 7445690.71 ], [ 9575072.470000000670552, 7445874.46 ], [ 9575264.0, 7445983.349999999627471 ], [ 9575351.429999999701977, 7446021.92 ], [ 9575513.46000000089407, 7446064.450000000186265 ], [ 9575664.75, 7446082.379999999888241 ], [ 9575764.320000000298023, 7446084.700000000186265 ], [ 9576175.820000000298023, 7445987.639999999664724 ], [ 9576260.339999999850988, 7445976.639999999664724 ], [ 9576444.259999999776483, 7445980.190000000409782 ], [ 9576519.380000000819564, 7445985.92 ], [ 9577026.140000000596046, 7446085.349999999627471 ], [ 9577284.089999999850988, 7446147.71999999973923 ], [ 9577383.609999999403954, 7446183.070000000298023 ], [ 9577667.42, 7446334.519999999552965 ], [ 9577738.929999999701977, 7446356.299999999813735 ], [ 9577862.25, 7446393.849999999627471 ], [ 9577928.820000000298023, 7446423.46 ], [ 9578678.660000000149012, 7446757.620000000111759 ], [ 9579014.689999999478459, 7445855.589999999850988 ], [ 9579255.880000000819564, 7445838.129999999888241 ], [ 9579256.480000000447035, 7445848.860000000335276 ], [ 9579421.650000000372529, 7445841.03000000026077 ], [ 9579420.009999999776483, 7445560.639999999664724 ], [ 9579644.939999999478459, 7445521.46 ], [ 9579461.92, 7444850.860000000335276 ], [ 9579473.679999999701977, 7444819.990000000223517 ], [ 9579476.029999999329448, 7444724.96999999973923 ], [ 9579724.92, 7444136.519999999552965 ], [ 9580128.660000000149012, 7444026.129999999888241 ], [ 9580280.140000000596046, 7444001.54 ], [ 9580455.880000000819564, 7444088.71999999973923 ], [ 9580603.92, 7444195.230000000447035 ], [ 9580861.67, 7444234.21 ], [ 9581059.019999999552965, 7444376.549999999813735 ], [ 9581370.740000000223517, 7444566.450000000186265 ], [ 9581544.599999999627471, 7444612.860000000335276 ], [ 9581845.449999999254942, 7443188.78000000026077 ], [ 9580386.880000000819564, 7442043.389999999664724 ], [ 9580561.990000000223517, 7440224.389999999664724 ], [ 9580209.310000000521541, 7440146.42 ], [ 9580000.060000000521541, 7439871.360000000335276 ], [ 9579957.279999999329448, 7439817.799999999813735 ], [ 9579919.359999999403954, 7439763.320000000298023 ], [ 9579915.089999999850988, 7439731.269999999552965 ], [ 9579893.199999999254942, 7439720.049999999813735 ], [ 9579860.08, 7439688.019999999552965 ], [ 9579860.609999999403954, 7439634.070000000298023 ], [ 9579857.939999999478459, 7439545.429999999701977 ], [ 9579829.109999999403954, 7439472.25 ], [ 9579802.939999999478459, 7439449.299999999813735 ], [ 9579772.490000000223517, 7439426.870000000111759 ], [ 9579735.109999999403954, 7439424.190000000409782 ], [ 9579704.67, 7439405.5 ], [ 9579691.939999999478459, 7439359.099999999627471 ], [ 9579533.990000000223517, 7438696.410000000149012 ], [ 9579562.119999999180436, 7438666.190000000409782 ], [ 9579551.300000000745058, 7438648.0 ], [ 9579506.179999999701977, 7438649.33 ], [ 9579485.599999999627471, 7438593.92 ], [ 9579508.160000000149012, 7438570.67 ], [ 9579528.890000000596046, 7438552.17 ], [ 9579504.78999999910593, 7438525.28000000026077 ], [ 9579476.220000000670552, 7438530.879999999888241 ], [ 9579423.560000000521541, 7438444.910000000149012 ], [ 9579433.740000000223517, 7438395.009999999776483 ], [ 9579390.320000000298023, 7438297.17 ], [ 9579309.859999999403954, 7438271.71 ], [ 9579256.609999999403954, 7438223.67 ], [ 9579187.140000000596046, 7438235.820000000298023 ], [ 9579121.150000000372529, 7438161.150000000372529 ], [ 9579090.300000000745058, 7438032.849999999627471 ], [ 9578819.240000000223517, 7437771.070000000298023 ], [ 9578710.599999999627471, 7437456.639999999664724 ], [ 9578628.150000000372529, 7437251.509999999776483 ], [ 9578652.25, 7436789.17 ], [ 9578635.96000000089407, 7436638.240000000223517 ], [ 9578618.269999999552965, 7436586.879999999888241 ], [ 9578542.259999999776483, 7436542.299999999813735 ], [ 9578475.140000000596046, 7436470.759999999776483 ], [ 9578479.300000000745058, 7436426.309999999590218 ], [ 9578572.83, 7436339.230000000447035 ], [ 9578588.070000000298023, 7436267.009999999776483 ], [ 9578531.849999999627471, 7435811.339999999850988 ], [ 9578526.759999999776483, 7435452.28000000026077 ], [ 9577246.839999999850988, 7435895.730000000447035 ], [ 9576571.029999999329448, 7436107.019999999552965 ], [ 9576117.42, 7436213.809999999590218 ], [ 9574942.820000000298023, 7436399.349999999627471 ], [ 9573888.689999999478459, 7436510.929999999701977 ], [ 9573258.67, 7436635.21999999973923 ], [ 9572623.75, 7436850.009999999776483 ], [ 9571851.03999999910593, 7437215.349999999627471 ], [ 9570895.740000000223517, 7437830.019999999552965 ], [ 9569940.119999999180436, 7438572.120000000111759 ], [ 9569655.140000000596046, 7438773.379999999888241 ], [ 9568832.679999999701977, 7439660.150000000372529 ], [ 9568621.58, 7439909.759999999776483 ], [ 9567742.550000000745058, 7440788.79 ], [ 9567417.699999999254942, 7441572.269999999552965 ], [ 9567246.609999999403954, 7442739.129999999888241 ], [ 9567047.390000000596046, 7443137.769999999552965 ], [ 9566826.390000000596046, 7443618.240000000223517 ], [ 9566286.369999999180436, 7444261.900000000372529 ], [ 9566110.009999999776483, 7444415.179999999701977 ], [ 9565838.429999999701977, 7444647.799999999813735 ], [ 9565282.240000000223517, 7445124.200000000186265 ], [ 9564676.929999999701977, 7445764.519999999552965 ], [ 9564540.769999999552965, 7445904.570000000298023 ] ] ] ] } },
{ "type": "Feature", "properties": { "fid": 6, "osm_id": -1174181, "boundary": "administrative", "admin_level": 9, "parents": "-1153257,-144763,-1221148,-60189", "name": "Ленинский район", "local_name": "Ленинский район", "name_en": null, "layer": "Kemerovo-s-raionami-vnutry-y-snaruzhy (2)", "path": "C:/Users/79222/Downloads/Telegram Desktop/Kemerovo-s-raionami-vnutry-y-snaruzhy (2).geojson", "population": 136401 }, "geometry": { "type": "MultiPolygon", "coordinates": [ [ [ [ 9588152.470000000670552, 7427146.559999999590218 ], [ 9588152.730000000447035, 7427256.75 ], [ 9588152.78999999910593, 7427288.099999999627471 ], [ 9588152.78999999910593, 7427386.820000000298023 ], [ 9588152.78999999910593, 7427402.379999999888241 ], [ 9588152.78999999910593, 7427414.54 ], [ 9588152.78999999910593, 7427420.860000000335276 ], [ 9588152.78999999910593, 7427426.360000000335276 ], [ 9588376.480000000447035, 7427431.33 ], [ 9589293.849999999627471, 7427444.150000000372529 ], [ 9589318.029999999329448, 7427453.759999999776483 ], [ 9589325.96000000089407, 7427457.58 ], [ 9589330.349999999627471, 7427459.950000000186265 ], [ 9589370.740000000223517, 7427481.730000000447035 ], [ 9589508.92, 7427553.799999999813735 ], [ 9589555.990000000223517, 7427578.75 ], [ 9589580.0, 7427591.940000000409782 ], [ 9589596.509999999776483, 7427600.809999999590218 ], [ 9589605.490000000223517, 7427605.639999999664724 ], [ 9589609.820000000298023, 7427607.96999999973923 ], [ 9589623.359999999403954, 7427615.230000000447035 ], [ 9589654.449999999254942, 7427631.929999999701977 ], [ 9589755.140000000596046, 7427685.96999999973923 ], [ 9589788.269999999552965, 7427703.759999999776483 ], [ 9589800.140000000596046, 7427709.950000000186265 ], [ 9590088.029999999329448, 7427859.980000000447035 ], [ 9590319.859999999403954, 7427980.809999999590218 ], [ 9590373.679999999701977, 7428008.860000000335276 ], [ 9590475.009999999776483, 7428060.629999999888241 ], [ 9590508.119999999180436, 7428078.400000000372529 ], [ 9590498.910000000149012, 7428097.269999999552965 ], [ 9590491.990000000223517, 7428110.839999999850988 ], [ 9590424.28999999910593, 7428246.269999999552965 ], [ 9590373.759999999776483, 7428344.139999999664724 ], [ 9590266.730000000447035, 7428548.940000000409782 ], [ 9590149.230000000447035, 7428769.08 ], [ 9590142.820000000298023, 7428780.21999999973923 ], [ 9590135.939999999478459, 7428793.980000000447035 ], [ 9590077.08, 7428911.690000000409782 ], [ 9590006.429999999701977, 7429050.160000000149012 ], [ 9589977.21000000089407, 7429104.849999999627471 ], [ 9589965.109999999403954, 7429126.349999999627471 ], [ 9589955.5, 7429147.809999999590218 ], [ 9589953.230000000447035, 7429177.58 ], [ 9589951.859999999403954, 7429224.349999999627471 ], [ 9589945.859999999403954, 7429406.71 ], [ 9589943.230000000447035, 7429512.509999999776483 ], [ 9589936.650000000372529, 7429741.71 ], [ 9589934.96000000089407, 7429794.299999999813735 ], [ 9589929.990000000223517, 7429987.870000000111759 ], [ 9589927.609999999403954, 7430030.429999999701977 ], [ 9589926.5, 7430046.759999999776483 ], [ 9589925.269999999552965, 7430091.25 ], [ 9589922.230000000447035, 7430199.83 ], [ 9589919.619999999180436, 7430293.309999999590218 ], [ 9589915.570000000298023, 7430438.610000000335276 ], [ 9589914.369999999180436, 7430479.21999999973923 ], [ 9589914.03999999910593, 7430490.139999999664724 ], [ 9589913.42, 7430525.700000000186265 ], [ 9589908.070000000298023, 7430834.120000000111759 ], [ 9589907.28999999910593, 7430869.009999999776483 ], [ 9589906.949999999254942, 7430885.360000000335276 ], [ 9589906.009999999776483, 7430940.620000000111759 ], [ 9589905.630000000819564, 7430973.509999999776483 ], [ 9589904.5, 7431071.660000000149012 ], [ 9589902.910000000149012, 7431211.21999999973923 ], [ 9589899.949999999254942, 7431469.450000000186265 ], [ 9589899.42, 7431516.03000000026077 ], [ 9589902.160000000149012, 7431535.150000000372529 ], [ 9589892.759999999776483, 7431558.29 ], [ 9589193.759999999776483, 7433280.29 ], [ 9590730.990000000223517, 7434024.110000000335276 ], [ 9594066.279999999329448, 7435239.860000000335276 ], [ 9594210.900000000372529, 7435269.009999999776483 ], [ 9594107.259999999776483, 7435697.599999999627471 ], [ 9594371.599999999627471, 7435704.42 ], [ 9594541.140000000596046, 7435699.269999999552965 ], [ 9595016.339999999850988, 7435654.58 ], [ 9595508.220000000670552, 7435554.870000000111759 ], [ 9595981.349999999627471, 7435410.650000000372529 ], [ 9596142.359999999403954, 7435330.549999999813735 ], [ 9596051.609999999403954, 7434888.740000000223517 ], [ 9595965.529999999329448, 7434475.900000000372529 ], [ 9596404.369999999180436, 7432968.440000000409782 ], [ 9596147.58, 7432566.440000000409782 ], [ 9596039.490000000223517, 7432392.67 ], [ 9595989.929999999701977, 7432334.150000000372529 ], [ 9595928.900000000372529, 7432178.53000000026077 ], [ 9595668.83, 7431235.910000000149012 ], [ 9595639.619999999180436, 7431126.450000000186265 ], [ 9595798.96000000089407, 7431095.620000000111759 ], [ 9595767.740000000223517, 7430947.71999999973923 ], [ 9595746.689999999478459, 7430846.71 ], [ 9595700.839999999850988, 7430617.299999999813735 ], [ 9595625.449999999254942, 7430255.480000000447035 ], [ 9595622.720000000670552, 7430242.400000000372529 ], [ 9595737.320000000298023, 7430229.589999999850988 ], [ 9595734.560000000521541, 7430213.379999999888241 ], [ 9595763.310000000521541, 7430207.200000000186265 ], [ 9595757.630000000819564, 7430176.21999999973923 ], [ 9595686.269999999552965, 7430185.54 ], [ 9595629.929999999701977, 7430156.269999999552965 ], [ 9595775.140000000596046, 7429930.92 ], [ 9596427.310000000521541, 7428581.759999999776483 ], [ 9596284.490000000223517, 7428465.25 ], [ 9596495.720000000670552, 7428086.509999999776483 ], [ 9596148.759999999776483, 7427087.29 ], [ 9596128.859999999403954, 7427057.129999999888241 ], [ 9595813.470000000670552, 7426163.92 ], [ 9595327.240000000223517, 7426219.379999999888241 ], [ 9595323.689999999478459, 7426220.089999999850988 ], [ 9595269.75, 7426230.83 ], [ 9595220.779999999329448, 7426234.410000000149012 ], [ 9595121.439999999478459, 7426232.120000000111759 ], [ 9594700.820000000298023, 7425832.059999999590218 ], [ 9594610.480000000447035, 7425699.049999999813735 ], [ 9594567.279999999329448, 7425683.980000000447035 ], [ 9594463.42, 7425630.059999999590218 ], [ 9594402.380000000819564, 7425586.929999999701977 ], [ 9594338.390000000596046, 7425589.940000000409782 ], [ 9594299.990000000223517, 7425554.700000000186265 ], [ 9594263.880000000819564, 7425525.410000000149012 ], [ 9594227.400000000372529, 7425473.019999999552965 ], [ 9594159.630000000819564, 7425428.549999999813735 ], [ 9594113.640000000596046, 7425388.53000000026077 ], [ 9594072.720000000670552, 7425370.75 ], [ 9594037.849999999627471, 7425354.269999999552965 ], [ 9593988.839999999850988, 7425447.019999999552965 ], [ 9593808.490000000223517, 7425358.049999999813735 ], [ 9593277.880000000819564, 7425072.820000000298023 ], [ 9593431.240000000223517, 7424778.820000000298023 ], [ 9593444.009999999776483, 7424785.570000000298023 ], [ 9593517.769999999552965, 7424821.870000000111759 ], [ 9593560.380000000819564, 7424735.230000000447035 ], [ 9593562.619999999180436, 7424730.67 ], [ 9593503.0, 7424701.360000000335276 ], [ 9593477.58, 7424689.129999999888241 ], [ 9593638.33, 7424385.79 ], [ 9593645.699999999254942, 7424371.879999999888241 ], [ 9592755.619999999180436, 7423905.629999999888241 ], [ 9593278.609999999403954, 7422877.230000000447035 ], [ 9593334.660000000149012, 7422764.71 ], [ 9593348.050000000745058, 7422737.839999999850988 ], [ 9592881.429999999701977, 7422578.070000000298023 ], [ 9592367.230000000447035, 7422392.849999999627471 ], [ 9592187.179999999701977, 7422358.21 ], [ 9592029.689999999478459, 7422325.200000000186265 ], [ 9592205.320000000298023, 7421980.349999999627471 ], [ 9592223.099999999627471, 7421940.570000000298023 ], [ 9592263.029999999329448, 7421741.21 ], [ 9592258.240000000223517, 7421742.25 ], [ 9592231.859999999403954, 7421739.240000000223517 ], [ 9592237.179999999701977, 7421706.21999999973923 ], [ 9592259.070000000298023, 7421708.570000000298023 ], [ 9592270.230000000447035, 7421706.650000000372529 ], [ 9592297.929999999701977, 7421570.33 ], [ 9592299.449999999254942, 7421512.929999999701977 ], [ 9592309.070000000298023, 7421410.099999999627471 ], [ 9592293.859999999403954, 7421329.96999999973923 ], [ 9592287.349999999627471, 7421281.379999999888241 ], [ 9592270.470000000670552, 7421303.96 ], [ 9592268.429999999701977, 7421289.730000000447035 ], [ 9592281.910000000149012, 7421266.0 ], [ 9592278.03999999910593, 7421237.940000000409782 ], [ 9592260.160000000149012, 7421227.769999999552965 ], [ 9592258.71000000089407, 7421216.980000000447035 ], [ 9592280.599999999627471, 7421229.019999999552965 ], [ 9592278.46000000089407, 7421203.42 ], [ 9592241.310000000521541, 7421012.120000000111759 ], [ 9592232.929999999701977, 7421013.21999999973923 ], [ 9592190.859999999403954, 7420864.379999999888241 ], [ 9592105.570000000298023, 7420627.910000000149012 ], [ 9592045.560000000521541, 7420556.570000000298023 ], [ 9592057.429999999701977, 7420546.910000000149012 ], [ 9592008.099999999627471, 7420486.92 ], [ 9591946.67, 7420396.67 ], [ 9591840.820000000298023, 7420271.089999999850988 ], [ 9591672.070000000298023, 7420112.349999999627471 ], [ 9591475.089999999850988, 7419979.910000000149012 ], [ 9591193.150000000372529, 7419827.200000000186265 ], [ 9591040.109999999403954, 7419748.400000000372529 ], [ 9590958.929999999701977, 7419698.230000000447035 ], [ 9590688.259999999776483, 7419530.900000000372529 ], [ 9590610.699999999254942, 7419492.950000000186265 ], [ 9590556.310000000521541, 7419486.28000000026077 ], [ 9590433.28999999910593, 7419430.67 ], [ 9590301.259999999776483, 7419386.900000000372529 ], [ 9590071.58, 7419310.54 ], [ 9589826.699999999254942, 7419261.879999999888241 ], [ 9589771.949999999254942, 7419288.450000000186265 ], [ 9589641.660000000149012, 7419276.29 ], [ 9589525.019999999552965, 7419226.71 ], [ 9589342.839999999850988, 7419206.019999999552965 ], [ 9589232.550000000745058, 7419136.160000000149012 ], [ 9589148.910000000149012, 7419305.889999999664724 ], [ 9589154.880000000819564, 7419327.440000000409782 ], [ 9589176.099999999627471, 7419404.059999999590218 ], [ 9589189.759999999776483, 7419452.730000000447035 ], [ 9589348.859999999403954, 7420031.96999999973923 ], [ 9589359.310000000521541, 7420088.089999999850988 ], [ 9589366.109999999403954, 7420134.429999999701977 ], [ 9589367.859999999403954, 7420182.690000000409782 ], [ 9589367.380000000819564, 7420236.190000000409782 ], [ 9589365.519999999552965, 7420286.660000000149012 ], [ 9589359.099999999627471, 7420345.910000000149012 ], [ 9589351.259999999776483, 7420386.96999999973923 ], [ 9589342.42, 7420431.480000000447035 ], [ 9589329.560000000521541, 7420480.96999999973923 ], [ 9589306.759999999776483, 7420561.639999999664724 ], [ 9589277.199999999254942, 7420667.04 ], [ 9589220.470000000670552, 7420876.950000000186265 ], [ 9589106.609999999403954, 7421300.389999999664724 ], [ 9589097.160000000149012, 7421334.04 ], [ 9589053.970000000670552, 7421487.78000000026077 ], [ 9589036.570000000298023, 7421549.740000000223517 ], [ 9588892.820000000298023, 7422067.660000000149012 ], [ 9588881.070000000298023, 7422111.299999999813735 ], [ 9588816.33, 7422345.519999999552965 ], [ 9588807.849999999627471, 7422376.190000000409782 ], [ 9588691.810000000521541, 7422798.379999999888241 ], [ 9588680.83, 7422838.320000000298023 ], [ 9588636.439999999478459, 7422999.799999999813735 ], [ 9588579.240000000223517, 7423203.139999999664724 ], [ 9588550.099999999627471, 7423306.700000000186265 ], [ 9588540.53999999910593, 7423340.700000000186265 ], [ 9588525.820000000298023, 7423392.200000000186265 ], [ 9588421.740000000223517, 7423767.03000000026077 ], [ 9588416.060000000521541, 7423787.450000000186265 ], [ 9588355.179999999701977, 7424011.730000000447035 ], [ 9588340.769999999552965, 7424063.730000000447035 ], [ 9588251.179999999701977, 7424382.610000000335276 ], [ 9588217.759999999776483, 7424510.400000000372529 ], [ 9588193.21000000089407, 7424603.339999999850988 ], [ 9588190.400000000372529, 7424618.519999999552965 ], [ 9588178.310000000521541, 7424725.110000000335276 ], [ 9588173.939999999478459, 7424841.799999999813735 ], [ 9588169.880000000819564, 7425026.820000000298023 ], [ 9588166.220000000670552, 7425207.639999999664724 ], [ 9588164.769999999552965, 7425356.42 ], [ 9588160.53999999910593, 7425738.990000000223517 ], [ 9588155.349999999627471, 7426124.769999999552965 ], [ 9588154.92, 7426156.740000000223517 ], [ 9588155.609999999403954, 7426185.200000000186265 ], [ 9588164.03999999910593, 7426209.150000000372529 ], [ 9588162.269999999552965, 7426249.990000000223517 ], [ 9588161.939999999478459, 7426334.299999999813735 ], [ 9588161.17, 7426530.410000000149012 ], [ 9588156.220000000670552, 7426881.349999999627471 ], [ 9588155.839999999850988, 7426907.900000000372529 ], [ 9588155.42, 7426937.980000000447035 ], [ 9588153.970000000670552, 7427040.360000000335276 ], [ 9588152.470000000670552, 7427146.559999999590218 ] ] ] ] } },
{ "type": "Feature", "properties": { "fid": 7, "osm_id": -1172839, "boundary": "administrative", "admin_level": 9, "parents": "-1153257,-144763,-1221148,-60189", "name": "Центральный район", "local_name": "Центральный район", "name_en": null, "layer": "Kemerovo-s-raionami-vnutry-y-snaruzhy (2)", "path": "C:/Users/79222/Downloads/Telegram Desktop/Kemerovo-s-raionami-vnutry-y-snaruzhy (2).geojson", "population": 102107 }, "geometry": { "type": "MultiPolygon", "coordinates": [ [ [ [ 9579427.279999999329448, 7434257.67 ], [ 9579523.310000000521541, 7434677.46999999973923 ], [ 9579662.910000000149012, 7435050.679999999701977 ], [ 9580861.33, 7434682.309999999590218 ], [ 9581124.08, 7434542.860000000335276 ], [ 9581423.380000000819564, 7434325.509999999776483 ], [ 9581705.269999999552965, 7434055.490000000223517 ], [ 9582310.599999999627471, 7433545.190000000409782 ], [ 9582929.650000000372529, 7433147.599999999627471 ], [ 9583934.759999999776483, 7432658.96999999973923 ], [ 9584487.130000000819564, 7432401.849999999627471 ], [ 9585061.980000000447035, 7432286.809999999590218 ], [ 9585643.369999999180436, 7432249.049999999813735 ], [ 9586702.439999999478459, 7432347.58 ], [ 9587724.46000000089407, 7432595.740000000223517 ], [ 9588022.369999999180436, 7432695.980000000447035 ], [ 9589193.759999999776483, 7433280.29 ], [ 9589892.759999999776483, 7431558.29 ], [ 9589902.160000000149012, 7431535.150000000372529 ], [ 9589899.42, 7431516.03000000026077 ], [ 9589899.949999999254942, 7431469.450000000186265 ], [ 9589902.910000000149012, 7431211.21999999973923 ], [ 9589904.5, 7431071.660000000149012 ], [ 9589905.630000000819564, 7430973.509999999776483 ], [ 9589906.009999999776483, 7430940.620000000111759 ], [ 9589906.949999999254942, 7430885.360000000335276 ], [ 9589907.28999999910593, 7430869.009999999776483 ], [ 9589908.070000000298023, 7430834.120000000111759 ], [ 9589913.42, 7430525.700000000186265 ], [ 9589914.03999999910593, 7430490.139999999664724 ], [ 9589914.369999999180436, 7430479.21999999973923 ], [ 9589915.570000000298023, 7430438.610000000335276 ], [ 9589919.619999999180436, 7430293.309999999590218 ], [ 9589922.230000000447035, 7430199.83 ], [ 9589925.269999999552965, 7430091.25 ], [ 9589926.5, 7430046.759999999776483 ], [ 9589927.609999999403954, 7430030.429999999701977 ], [ 9589929.990000000223517, 7429987.870000000111759 ], [ 9589934.96000000089407, 7429794.299999999813735 ], [ 9589936.650000000372529, 7429741.71 ], [ 9589943.230000000447035, 7429512.509999999776483 ], [ 9589945.859999999403954, 7429406.71 ], [ 9589951.859999999403954, 7429224.349999999627471 ], [ 9589953.230000000447035, 7429177.58 ], [ 9589955.5, 7429147.809999999590218 ], [ 9589965.109999999403954, 7429126.349999999627471 ], [ 9589977.21000000089407, 7429104.849999999627471 ], [ 9590006.429999999701977, 7429050.160000000149012 ], [ 9590077.08, 7428911.690000000409782 ], [ 9590135.939999999478459, 7428793.980000000447035 ], [ 9590142.820000000298023, 7428780.21999999973923 ], [ 9590149.230000000447035, 7428769.08 ], [ 9590266.730000000447035, 7428548.940000000409782 ], [ 9590373.759999999776483, 7428344.139999999664724 ], [ 9590424.28999999910593, 7428246.269999999552965 ], [ 9590491.990000000223517, 7428110.839999999850988 ], [ 9590498.910000000149012, 7428097.269999999552965 ], [ 9590508.119999999180436, 7428078.400000000372529 ], [ 9590475.009999999776483, 7428060.629999999888241 ], [ 9590373.679999999701977, 7428008.860000000335276 ], [ 9590319.859999999403954, 7427980.809999999590218 ], [ 9590088.029999999329448, 7427859.980000000447035 ], [ 9589800.140000000596046, 7427709.950000000186265 ], [ 9589788.269999999552965, 7427703.759999999776483 ], [ 9589755.140000000596046, 7427685.96999999973923 ], [ 9589654.449999999254942, 7427631.929999999701977 ], [ 9589623.359999999403954, 7427615.230000000447035 ], [ 9589609.820000000298023, 7427607.96999999973923 ], [ 9589605.490000000223517, 7427605.639999999664724 ], [ 9589596.509999999776483, 7427600.809999999590218 ], [ 9589580.0, 7427591.940000000409782 ], [ 9589555.990000000223517, 7427578.75 ], [ 9589508.92, 7427553.799999999813735 ], [ 9589370.740000000223517, 7427481.730000000447035 ], [ 9589330.349999999627471, 7427459.950000000186265 ], [ 9589325.96000000089407, 7427457.58 ], [ 9589318.029999999329448, 7427453.759999999776483 ], [ 9589293.849999999627471, 7427444.150000000372529 ], [ 9588376.480000000447035, 7427431.33 ], [ 9588152.78999999910593, 7427426.360000000335276 ], [ 9584392.78999999910593, 7427372.42 ], [ 9584360.880000000819564, 7427380.440000000409782 ], [ 9584347.53999999910593, 7427406.400000000372529 ], [ 9584325.029999999329448, 7428999.160000000149012 ], [ 9584319.92, 7429021.03000000026077 ], [ 9583761.859999999403954, 7429014.33 ], [ 9582939.730000000447035, 7429001.059999999590218 ], [ 9580426.470000000670552, 7428958.620000000111759 ], [ 9580368.839999999850988, 7428957.660000000149012 ], [ 9580368.380000000819564, 7428964.019999999552965 ], [ 9580367.83, 7428986.509999999776483 ], [ 9580366.900000000372529, 7429026.139999999664724 ], [ 9580366.259999999776483, 7429046.440000000409782 ], [ 9580365.679999999701977, 7429068.190000000409782 ], [ 9580365.470000000670552, 7429090.04 ], [ 9580365.279999999329448, 7429144.83 ], [ 9580364.880000000819564, 7429259.46999999973923 ], [ 9580363.300000000745058, 7429384.389999999664724 ], [ 9580358.369999999180436, 7429685.320000000298023 ], [ 9580357.17, 7429759.04 ], [ 9580356.640000000596046, 7429779.929999999701977 ], [ 9580356.220000000670552, 7429799.21 ], [ 9580357.259999999776483, 7429930.559999999590218 ], [ 9580359.279999999329448, 7429959.889999999664724 ], [ 9580362.640000000596046, 7429989.629999999888241 ], [ 9580368.970000000670552, 7430012.71999999973923 ], [ 9580383.179999999701977, 7430052.089999999850988 ], [ 9580416.5, 7430132.559999999590218 ], [ 9580651.060000000521541, 7430706.08 ], [ 9580654.800000000745058, 7430715.690000000409782 ], [ 9580468.130000000819564, 7430790.179999999701977 ], [ 9580463.820000000298023, 7430804.08 ], [ 9580454.349999999627471, 7430837.42 ], [ 9580368.910000000149012, 7431137.230000000447035 ], [ 9580364.410000000149012, 7431153.0 ], [ 9580349.050000000745058, 7431206.929999999701977 ], [ 9580343.050000000745058, 7431227.96 ], [ 9580305.78999999910593, 7431358.690000000409782 ], [ 9580279.96000000089407, 7431450.019999999552965 ], [ 9580237.640000000596046, 7431599.650000000372529 ], [ 9580194.240000000223517, 7431751.5 ], [ 9580169.939999999478459, 7431836.490000000223517 ], [ 9580156.470000000670552, 7431882.75 ], [ 9580050.150000000372529, 7432256.92 ], [ 9580038.509999999776483, 7432301.79 ], [ 9579995.849999999627471, 7432445.309999999590218 ], [ 9579968.449999999254942, 7432556.629999999888241 ], [ 9579957.339999999850988, 7432601.78000000026077 ], [ 9579937.140000000596046, 7432683.820000000298023 ], [ 9579934.199999999254942, 7432695.75 ], [ 9579922.42, 7432743.639999999664724 ], [ 9579892.470000000670552, 7432868.610000000335276 ], [ 9579854.970000000670552, 7433025.17 ], [ 9579841.429999999701977, 7433044.75 ], [ 9579838.939999999478459, 7433056.599999999627471 ], [ 9579820.220000000670552, 7433145.490000000223517 ], [ 9579808.349999999627471, 7433201.799999999813735 ], [ 9579806.369999999180436, 7433211.200000000186265 ], [ 9579803.619999999180436, 7433224.269999999552965 ], [ 9579794.800000000745058, 7433266.110000000335276 ], [ 9579790.720000000670552, 7433285.519999999552965 ], [ 9579777.720000000670552, 7433347.240000000223517 ], [ 9579771.550000000745058, 7433376.54 ], [ 9579427.279999999329448, 7434257.67 ] ] ] ] } },
{ "type": "Feature", "properties": { "fid": 9, "osm_id": 1174182, "boundary": "administrative", "admin_level": 9, "parents": "-1153257,-144763,-1221148,-60189", "name": "Заводский район", "local_name": "Заводский район", "name_en": null, "layer": null, "path": null, "population": 150098 }, "geometry": { "type": "MultiPolygon", "coordinates": [ [ [ [ 9584360.97237154841423, 7427380.187690613791347 ], [ 9584392.7874820176512, 7427372.417496447451413 ], [ 9588152.792526694014668, 7427426.358853805810213 ], [ 9588152.792526694014668, 7427420.859010279178619 ], [ 9588152.792526694014668, 7427414.537130898796022 ], [ 9588152.792526694014668, 7427403.576609209179878 ], [ 9588152.792526694014668, 7427386.822698846459389 ], [ 9588152.792526694014668, 7427288.100625651888549 ], [ 9588152.725734999403358, 7427256.746257128193974 ], [ 9588152.469700168818235, 7427146.556816589087248 ], [ 9588153.972513297572732, 7427040.361512372270226 ], [ 9588155.419666675850749, 7426937.984039857983589 ], [ 9588155.842680741101503, 7426907.90320801269263 ], [ 9588156.221167009323835, 7426881.345277144573629 ], [ 9588161.174884350970387, 7426530.405538684688509 ], [ 9588161.942988837137818, 7426334.295618918724358 ], [ 9588162.265815360471606, 7426249.990034636110067 ], [ 9588164.035795265808702, 7426209.148731303401291 ], [ 9588155.608909809961915, 7426185.195905981585383 ], [ 9588154.918728968128562, 7426156.742237403988838 ], [ 9588155.352874983102083, 7426124.766230994835496 ], [ 9588160.540363252162933, 7425738.99021375272423 ], [ 9588164.770503902807832, 7425356.42283508554101 ], [ 9588166.217657282948494, 7425207.635422931984067 ], [ 9588169.880068531259894, 7425026.820686032995582 ], [ 9588173.94322994351387, 7424841.803498751483858 ], [ 9588178.306953983381391, 7424725.113456177525222 ], [ 9588190.396250683814287, 7424618.520867138169706 ], [ 9588193.212633801624179, 7424603.338194645941257 ], [ 9588217.758581520989537, 7424510.40366929396987 ], [ 9588251.17669265717268, 7424382.605841627344489 ], [ 9588340.766618847846985, 7424063.726966322399676 ], [ 9588355.182492904365063, 7424011.726243202574551 ], [ 9588416.063122419640422, 7423787.450218870304525 ], [ 9588421.740416450425982, 7423767.026241555809975 ], [ 9588525.824140341952443, 7423392.204943677410483 ], [ 9588540.54057702422142, 7423340.69777481816709 ], [ 9588550.102921284735203, 7423306.698927097022533 ], [ 9588579.235232023522258, 7423203.138338021934032 ], [ 9588636.44231834448874, 7422999.796625412069261 ], [ 9588680.82539932243526, 7422838.320303758606315 ], [ 9588691.812633063644171, 7422798.377194405533373 ], [ 9588807.852070266380906, 7422376.189931553788483 ], [ 9588816.334615465253592, 7422345.520440048538148 ], [ 9588881.066899361088872, 7422111.29793372284621 ], [ 9588892.822237588465214, 7422067.661937666125596 ], [ 9589036.569096049293876, 7421549.740383785218 ], [ 9589053.968332460150123, 7421487.782219155691564 ], [ 9589097.160294890403748, 7421334.042837578803301 ], [ 9589106.611319657415152, 7421300.385252042673528 ], [ 9589220.468894841149449, 7420876.949707459658384 ], [ 9589277.197307350113988, 7420667.039694405160844 ], [ 9589306.763764103874564, 7420561.63705070503056 ], [ 9589329.561995817348361, 7420480.972729508765042 ], [ 9589342.419397005811334, 7420431.479472710750997 ], [ 9589351.258164573460817, 7420386.972965392284095 ], [ 9589359.095056725665927, 7420345.908312534913421 ], [ 9589365.51819134503603, 7420286.658267908729613 ], [ 9589367.377226840704679, 7420236.18853728659451 ], [ 9589367.855900650843978, 7420182.688243720680475 ], [ 9589366.108184646815062, 7420134.428792490623891 ], [ 9589359.306563757359982, 7420088.085922934114933 ], [ 9589348.86479552090168, 7420031.966447271406651 ], [ 9589189.755847331136465, 7419452.727676186710596 ], [ 9589176.096945811063051, 7419404.062169818207622 ], [ 9589154.879450865089893, 7419327.437589869834483 ], [ 9589148.912726160138845, 7419305.891340093687177 ], [ 9589232.547059591859579, 7419136.162947478704154 ], [ 9589106.366416778415442, 7418928.00096292886883 ], [ 9588995.53673174418509, 7418600.099000381305814 ], [ 9588994.356745142489672, 7418577.205814242362976 ], [ 9589048.914427580311894, 7418572.259643701836467 ], [ 9589126.526376560330391, 7418574.625203130766749 ], [ 9589142.856945859268308, 7418570.46103701274842 ], [ 9589624.814681248739362, 7418588.740374391898513 ], [ 9589752.041727276518941, 7418553.569794554263353 ], [ 9589941.98617441765964, 7418517.597826679237187 ], [ 9590249.083253668621182, 7418465.204171826131642 ], [ 9590271.91488123126328, 7418396.135017462074757 ], [ 9590304.319985000416636, 7418361.102157488465309 ], [ 9590355.515818817541003, 7418257.979003979824483 ], [ 9589406.183201333507895, 7417589.891469213180244 ], [ 9589103.327394681051373, 7417410.993897517211735 ], [ 9589332.834788847714663, 7417024.360919230617583 ], [ 9589000.590636625885963, 7416813.910104461945593 ], [ 9589042.791855586692691, 7416752.73247642442584 ], [ 9588968.764394208788872, 7416697.106208386830986 ], [ 9588940.177548972889781, 7416665.384168715216219 ], [ 9588937.138526873663068, 7416656.491075509227812 ], [ 9588930.169926749542356, 7416650.43205080833286 ], [ 9588077.896773288026452, 7416058.234078521840274 ], [ 9588026.444904644042253, 7415937.35697706323117 ], [ 9587974.258327359333634, 7415879.11775229871273 ], [ 9587970.896478736773133, 7415873.293853862211108 ], [ 9587956.124382309615612, 7415865.476547396741807 ], [ 9587917.307275868952274, 7415835.399534200318158 ], [ 9587911.930544463917613, 7415836.122631915844977 ], [ 9587794.588669219985604, 7415750.152648760937154 ], [ 9587445.702253123745322, 7415475.070736492052674 ], [ 9587489.584396393969655, 7415414.743973773904145 ], [ 9587519.13972119987011, 7415271.814215356484056 ], [ 9587437.164048179984093, 7415210.805076378397644 ], [ 9587317.161637105047703, 7415361.237830307334661 ], [ 9586882.503553353250027, 7414905.297595570795238 ], [ 9586260.327787362039089, 7414473.261684776283801 ], [ 9585829.666073329746723, 7414148.283357380889356 ], [ 9585491.188029622659087, 7413992.247011967003345 ], [ 9585004.944493837654591, 7413636.849114993587136 ], [ 9584235.014367716386914, 7413069.418501132167876 ], [ 9583315.314998678863049, 7412387.361007791943848 ], [ 9582485.350271170958877, 7411972.771856615319848 ], [ 9582342.783399311825633, 7412144.160295408219099 ], [ 9582318.448958626016974, 7412193.288178540766239 ], [ 9582201.852923968806863, 7412358.996965904720128 ], [ 9582755.355696091428399, 7412767.238186909817159 ], [ 9582883.384242452681065, 7412850.283854220062494 ], [ 9582999.813297873362899, 7412944.817512488923967 ], [ 9582866.051797736436129, 7413143.969061318784952 ], [ 9582826.633566046133637, 7413216.52760548889637 ], [ 9582807.520009476691484, 7413256.675395178608596 ], [ 9582793.182059062644839, 7413291.626608437858522 ], [ 9582787.515896981582046, 7413315.949932456016541 ], [ 9582786.925903679803014, 7413333.865232712589204 ], [ 9582791.701509835198522, 7413356.254531950689852 ], [ 9582799.460478344932199, 7413375.9673279421404 ], [ 9582810.659219117835164, 7413401.033324190415442 ], [ 9582830.062206363305449, 7413425.689122005365789 ], [ 9582845.145997364073992, 7413441.201605463400483 ], [ 9583056.474918685853481, 7413596.464908151887357 ], [ 9583099.689145013689995, 7413625.048386473208666 ], [ 9583141.712252788245678, 7413654.843306759372354 ], [ 9583560.295802069827914, 7413970.402955491095781 ], [ 9583617.580812029540539, 7414022.023803361691535 ], [ 9583649.974783850833774, 7414045.978181725367904 ], [ 9583689.381883591413498, 7414069.131545923650265 ], [ 9583767.862124601379037, 7414119.522102206945419 ], [ 9583880.005379626527429, 7414200.022622795775533 ], [ 9583889.434140497818589, 7414211.765608328394592 ], [ 9583890.703182691708207, 7414219.757101156748831 ], [ 9583901.400985756888986, 7414232.946013184264302 ], [ 9583920.213979700580239, 7414242.930522973649204 ], [ 9584249.296658385545015, 7414491.824470028281212 ], [ 9584168.64568730443716, 7414634.954805233515799 ], [ 9584401.214367469772696, 7414865.961987579241395 ], [ 9584578.646503845229745, 7415239.922126439400017 ], [ 9584612.498760994523764, 7415522.968995791859925 ], [ 9584605.06261900998652, 7415760.314997676759958 ], [ 9584549.681172341108322, 7416053.074532406404614 ], [ 9584517.565499247983098, 7416222.813673316501081 ], [ 9584707.576738080009818, 7416358.939915829338133 ], [ 9584713.832893462851644, 7416542.875377188436687 ], [ 9585040.800501821562648, 7416858.767489652149379 ], [ 9584888.771473245695233, 7416972.720096118748188 ], [ 9584673.524105850607157, 7417162.788166932761669 ], [ 9585189.178251100704074, 7418057.777378922328353 ], [ 9584891.721439752727747, 7418234.187562956474721 ], [ 9585113.547789055854082, 7418719.375352478586137 ], [ 9584142.04032900556922, 7419247.41175686661154 ], [ 9583748.247630322352052, 7418449.310196472331882 ], [ 9583112.145796032622457, 7419082.376968635246158 ], [ 9582642.756031155586243, 7418666.081020667217672 ], [ 9581638.8545992821455, 7419606.507990135811269 ], [ 9581494.083601504564285, 7420173.830226329155266 ], [ 9581142.480989834293723, 7420763.037522681988776 ], [ 9580623.74329468794167, 7420435.527309198863804 ], [ 9580533.106965282931924, 7420596.992731497623026 ], [ 9580496.460588913410902, 7420581.798373272642493 ], [ 9580480.619825376197696, 7420615.550617373548448 ], [ 9580431.405478496104479, 7420765.970862680114806 ], [ 9580419.104674762114882, 7420762.353076843544841 ], [ 9580400.659035136923194, 7420797.299003057181835 ], [ 9580417.679785281419754, 7420803.576379732228816 ], [ 9580395.371359324082732, 7420864.864180901087821 ], [ 9580400.414132257923484, 7420866.428649296984076 ], [ 9580360.784393534064293, 7420959.671535505913198 ], [ 9580340.190287739038467, 7420985.700737604871392 ], [ 9580277.684393659234047, 7421177.11876979842782 ], [ 9580237.219758754596114, 7421230.899716649204493 ], [ 9580170.383536482229829, 7421437.637147737666965 ], [ 9580166.888104472309351, 7421479.978811161592603 ], [ 9580145.548158086836338, 7421542.856118835508823 ], [ 9580102.456383200362325, 7421631.471939351409674 ], [ 9580069.093931810930371, 7421704.853098099119961 ], [ 9580037.623911762610078, 7421686.957575608044863 ], [ 9580036.354869566857815, 7421693.235672240145504 ], [ 9580024.109725579619408, 7421704.168569156900048 ], [ 9580016.584528002887964, 7421712.461152407340705 ], [ 9580015.070582926273346, 7421719.423799906857312 ], [ 9580014.135499203577638, 7421730.337175698019564 ], [ 9580000.387542091310024, 7421733.916296908631921 ], [ 9579998.695485832169652, 7421685.901447703130543 ], [ 9579964.141915889456868, 7421687.524755468592048 ], [ 9579886.452043265104294, 7421698.320738658308983 ], [ 9579879.661554327234626, 7421701.313106220215559 ], [ 9579891.728587128221989, 7421730.806568549945951 ], [ 9579863.408908670768142, 7421754.413154006935656 ], [ 9579832.016812268644571, 7421735.128895726054907 ], [ 9579813.938526961952448, 7421767.908251703716815 ], [ 9579787.32203671336174, 7421802.663125886581838 ], [ 9579768.008105060085654, 7421794.820284738205373 ], [ 9579775.043496878817677, 7421750.286396936513484 ], [ 9579786.086390364915133, 7421701.45001195371151 ], [ 9579789.871253052726388, 7421667.966853176243603 ], [ 9579647.371172888204455, 7421412.740748689509928 ], [ 9579625.207462271675467, 7421411.254399033263326 ], [ 9579594.906296877190471, 7421397.975050941109657 ], [ 9579566.464166980236769, 7421380.099793530069292 ], [ 9579474.603323176503181, 7421279.342001401819289 ], [ 9579433.493035227060318, 7421311.200253436341882 ], [ 9579311.564796961843967, 7421163.409577162005007 ], [ 9579215.484944459050894, 7421237.470796080306172 ], [ 9579001.59567484818399, 7421008.718369249254465 ], [ 9578410.945588646456599, 7420259.51681443117559 ], [ 9579180.31911731697619, 7419656.387040342204273 ], [ 9579191.094844026491046, 7419714.263564815744758 ], [ 9579271.111294006928802, 7419815.783160079270601 ], [ 9579327.249713214114308, 7419915.50516526773572 ], [ 9579379.803644817322493, 7419989.55447175167501 ], [ 9579393.540469981729984, 7419988.361699398607016 ], [ 9579395.321581833064556, 7419866.543455880135298 ], [ 9579444.291025834158063, 7419840.263815975748003 ], [ 9579487.293745128437877, 7419877.297798474319279 ], [ 9579511.171775903552771, 7419991.353407450951636 ], [ 9579572.686926515772939, 7419863.258496024645865 ], [ 9579589.407114032655954, 7419801.763522122055292 ], [ 9579670.325251890346408, 7419711.584810744039714 ], [ 9579883.80263938382268, 7419585.879938840866089 ], [ 9580263.402102990075946, 7419654.314443081617355 ], [ 9580344.821178555488586, 7419736.964576253667474 ], [ 9580727.292685022577643, 7419971.975763325579464 ], [ 9580880.379248760640621, 7419811.109944614581764 ], [ 9581103.931050173938274, 7419431.005108306184411 ], [ 9581309.83871229365468, 7419081.868633282370865 ], [ 9581368.359368603676558, 7419114.128442863002419 ], [ 9581603.043119095265865, 7418706.863077349960804 ], [ 9581892.985864814370871, 7418859.064544167369604 ], [ 9582540.564738605171442, 7418268.476976091042161 ], [ 9581499.271089775487781, 7417281.495114767923951 ], [ 9581483.307874795049429, 7417296.643917351029813 ], [ 9581414.22299881093204, 7417320.784328390844166 ], [ 9581358.207031043246388, 7417360.24966414924711 ], [ 9581248.924686931073666, 7417390.098023169673979 ], [ 9581072.76159275136888, 7417388.319237587042153 ], [ 9580935.415605010464787, 7417457.594441123306751 ], [ 9580710.884192079305649, 7417586.568377945572138 ], [ 9580406.625759845599532, 7417852.302887168712914 ], [ 9580330.182665515691042, 7417896.208405539393425 ], [ 9580269.869765404611826, 7417906.647242990322411 ], [ 9580150.145653055980802, 7417895.015954962931573 ], [ 9579999.652833452448249, 7417837.074806811287999 ], [ 9579919.636383470147848, 7417760.055191993713379 ], [ 9579787.066001884639263, 7417634.342838652431965 ], [ 9579721.376370366662741, 7417591.357539342716336 ], [ 9579658.681233152747154, 7417589.559160023927689 ], [ 9579600.750570142641664, 7417627.774810250848532 ], [ 9579549.398889040574431, 7417650.46971769630909 ], [ 9579517.750757809728384, 7417642.103284142911434 ], [ 9579478.933651369065046, 7417601.502752227708697 ], [ 9579444.291025834158063, 7417593.136371471919119 ], [ 9579403.091682292521, 7417552.536095776595175 ], [ 9579363.083457300439477, 7417538.794211389496922 ], [ 9579291.41596912778914, 7417560.902432753704488 ], [ 9579249.025507034733891, 7417553.122520971111953 ], [ 9579228.720831913873553, 7417533.418658686801791 ], [ 9579203.295460216701031, 7417463.771379823796451 ], [ 9579187.510356420651078, 7417433.394962824881077 ], [ 9579168.107369177043438, 7417428.918654028326273 ], [ 9579123.178822692483664, 7417439.083201746456325 ], [ 9579089.872031047940254, 7417525.658321899361908 ], [ 9579086.888668693602085, 7417552.829308367334306 ], [ 9579058.524462437257171, 7417596.127156079746783 ], [ 9579035.047181829810143, 7417609.986427905037999 ], [ 9579006.282225409522653, 7417620.366237263195217 ], [ 9578997.699492670595646, 7417633.951884426176548 ], [ 9578980.467235494405031, 7417643.960318848490715 ], [ 9578961.186699690297246, 7417640.617656698450446 ], [ 9578916.102305918931961, 7417617.023585274815559 ], [ 9578905.415634803473949, 7417617.766396705061197 ], [ 9578881.693451313301921, 7417652.71770955901593 ], [ 9578845.02481104619801, 7417704.538989464752376 ], [ 9578847.696478825062513, 7417756.927508051507175 ], [ 9578855.7894058059901, 7417772.878709331154823 ], [ 9578869.270196141675115, 7417776.651485996320844 ], [ 9578867.221917511895299, 7417793.619229638017714 ], [ 9578844.768776219338179, 7417816.490555707365274 ], [ 9578815.291375055909157, 7417827.926244023256004 ], [ 9578777.320296745747328, 7417823.52790036983788 ], [ 9578720.01302288658917, 7417820.165612680837512 ], [ 9578674.427691407501698, 7417836.859776366502047 ], [ 9578638.482627829536796, 7417869.54447250533849 ], [ 9578501.39267491735518, 7417911.006536944769323 ], [ 9578471.71489867195487, 7417912.668151877820492 ], [ 9578440.233746675774455, 7417909.599051634781063 ], [ 9578395.672554511576891, 7417866.045326803810894 ], [ 9578369.367758836597204, 7417853.671265555545688 ], [ 9578319.04021704941988, 7417849.194714296609163 ], [ 9578264.9278125744313, 7417858.636526308022439 ], [ 9578123.941677484661341, 7417851.129991597495973 ], [ 9578077.977859735488892, 7417838.286796708591282 ], [ 9578052.28532126173377, 7417837.680801737122238 ], [ 9578033.895341381430626, 7417861.275544143281877 ], [ 9578064.686312535777688, 7418007.830410216934979 ], [ 9577702.174390768632293, 7418061.413452602922916 ], [ 9577473.913774894550443, 7418131.163841052912176 ], [ 9577416.328202307224274, 7418067.884104071184993 ], [ 9577388.253426730632782, 7418048.784945951774716 ], [ 9577367.948751609772444, 7418047.592471927404404 ], [ 9577348.824063090607524, 7418054.512733571231365 ], [ 9577288.533426877111197, 7418147.311301751062274 ], [ 9577248.925952052697539, 7418187.738747837953269 ], [ 9576867.534244645386934, 7417975.321068689227104 ], [ 9576774.704921273514628, 7417896.833953455090523 ], [ 9576715.738986998796463, 7417935.051117116585374 ], [ 9576580.140715265646577, 7418080.747227842919528 ], [ 9576529.980152713134885, 7418191.62902092654258 ], [ 9576489.971927721053362, 7418351.366491231136024 ], [ 9576436.816870866343379, 7418419.477312196046114 ], [ 9576343.798304362222552, 7418506.161121833138168 ], [ 9576270.917433740571141, 7418605.318890881724656 ], [ 9576236.330467950552702, 7418718.49558247346431 ], [ 9576210.649061424657702, 7418769.561508783139288 ], [ 9576199.806543020531535, 7418782.54309952724725 ], [ 9576150.514272497966886, 7418793.393692790530622 ], [ 9576004.418572779744864, 7418990.740283695980906 ], [ 9575923.667414160445333, 7419180.212592836469412 ], [ 9575746.379993122071028, 7419235.426527269184589 ], [ 9575597.957716047763824, 7419050.645175625570118 ], [ 9575420.436524078249931, 7418903.464532669633627 ], [ 9575384.224293723702431, 7418818.750904149375856 ], [ 9575232.506959721446037, 7418484.519403411075473 ], [ 9575104.790107933804393, 7418543.638386755250394 ], [ 9574949.677529461681843, 7418679.805351382121444 ], [ 9574821.615587254986167, 7418761.878137746825814 ], [ 9574719.735989281907678, 7418900.590549500659108 ], [ 9574560.660436937585473, 7418834.391476765275002 ], [ 9574397.165500808507204, 7418331.074117695912719 ], [ 9574172.489372540265322, 7417618.626494236290455 ], [ 9573948.303050031885505, 7416895.572239449247718 ], [ 9573619.443010330200195, 7415858.870929569005966 ], [ 9573605.850900502875447, 7415813.530745951458812 ], [ 9573857.043331479653716, 7415655.682526677846909 ], [ 9574442.283290427178144, 7415326.042792450636625 ], [ 9574341.550283208489418, 7414421.950469382107258 ], [ 9574336.674489513039589, 7414252.719653653912246 ], [ 9574343.709881329908967, 7414096.095044455491006 ], [ 9574362.422687731683254, 7414005.376921648159623 ], [ 9574391.911220842972398, 7413920.560441435314715 ], [ 9574359.962526986375451, 7413883.007806140929461 ], [ 9574126.44763114862144, 7414001.410592424683273 ], [ 9574000.255856385454535, 7414073.78176579810679 ], [ 9573861.618562551215291, 7414142.519374467432499 ], [ 9573787.435253886505961, 7414184.391388422809541 ], [ 9573769.768850697204471, 7414207.857790870591998 ], [ 9572134.852885264903307, 7415097.151918384246528 ], [ 9571410.096208507195115, 7414507.886200044304132 ], [ 9571169.022719245404005, 7414411.145066277123988 ], [ 9570939.615512616932392, 7414430.665145414881408 ], [ 9570784.569725841283798, 7414543.351086603477597 ], [ 9570672.393074968829751, 7414652.873150521889329 ], [ 9570542.293986076489091, 7414526.839865810237825 ], [ 9570406.807033834978938, 7414457.43450294714421 ], [ 9570121.205748252570629, 7414243.497158944606781 ], [ 9569823.971575886011124, 7414066.884591940790415 ], [ 9569657.125923085957766, 7413935.350993351079524 ], [ 9569518.199198575690389, 7413810.560259375721216 ], [ 9569159.294028310105205, 7413991.836702644824982 ], [ 9568857.228590041399002, 7414024.837364360690117 ], [ 9568670.857498554512858, 7414090.350639089941978 ], [ 9568500.293774761259556, 7414185.446495750918984 ], [ 9568339.637485651299357, 7414258.268787108361721 ], [ 9568230.767023652791977, 7414395.728341778740287 ], [ 9568296.2785439863801, 7414425.252666099928319 ], [ 9568134.820754539221525, 7414589.484991489909589 ], [ 9567913.372891504317522, 7414682.711097569204867 ], [ 9567105.994888678193092, 7413272.226614286191761 ], [ 9566624.493563201278448, 7412345.694031550548971 ], [ 9566423.595278166234493, 7411822.424298671074212 ], [ 9565673.524549201130867, 7412187.427977340295911 ], [ 9565917.325365986675024, 7412798.514514821581542 ], [ 9566094.401279991492629, 7413308.604085199534893 ], [ 9565928.67995405010879, 7413327.593896075151861 ], [ 9565802.933457249775529, 7413364.303754788823426 ], [ 9565765.418788850307465, 7413478.126911232247949 ], [ 9565725.043209541589022, 7413524.664769048802555 ], [ 9565629.642405929043889, 7413709.783485919237137 ], [ 9565602.024040265008807, 7413831.016658351756632 ], [ 9565592.227925075218081, 7413942.423896038904786 ], [ 9565605.564000073820353, 7414110.221610432490706 ], [ 9565612.610523838549852, 7414396.666240491904318 ], [ 9565575.541133405640721, 7414512.595302371308208 ], [ 9565591.281709404662251, 7414638.960538593120873 ], [ 9565591.871702704578638, 7414758.410503487102687 ], [ 9565582.275962598621845, 7414825.141490443609655 ], [ 9565564.297864833846688, 7414872.703545581549406 ], [ 9565594.821669211611152, 7414959.40636570751667 ], [ 9565618.154234480112791, 7414988.913293507881463 ], [ 9565647.698427338153124, 7414996.92512770742178 ], [ 9565713.098628178238869, 7414982.933734835125506 ], [ 9565726.612814361229539, 7414983.891245554201305 ], [ 9565832.700289087370038, 7415061.8212895616889 ], [ 9565861.276002371683717, 7415097.757699374109507 ], [ 9565885.087241454049945, 7415162.088001357391477 ], [ 9565889.239458460360765, 7415200.350323314778507 ], [ 9565904.323249462991953, 7415394.98691435996443 ], [ 9565929.871072601526976, 7415409.917071332223713 ], [ 9565966.84027549251914, 7415408.607750134542584 ], [ 9566020.885888271033764, 7415352.404857440851629 ], [ 9566055.283610926941037, 7415467.820556540042162 ], [ 9566055.873604228720069, 7415509.035281546413898 ], [ 9566079.673711359500885, 7415549.663951595313847 ], [ 9566117.466678485274315, 7415695.315280227921903 ], [ 9566217.108754694461823, 7415666.098807682283223 ], [ 9566382.818948689848185, 7415591.15270718652755 ], [ 9566507.741681257262826, 7415547.866045390255749 ], [ 9566570.303235083818436, 7415539.521420967765152 ], [ 9566794.055411577224731, 7415452.206310594454408 ], [ 9566867.971553463488817, 7415419.629505617544055 ], [ 9566913.99103095754981, 7415499.24456602614373 ], [ 9566798.74196214042604, 7415549.05813532602042 ], [ 9566795.758599786087871, 7415595.022136114537716 ], [ 9566692.821466650813818, 7415674.951680388301611 ], [ 9566828.57558567263186, 7415955.00472105666995 ], [ 9567071.32999924570322, 7415853.985121184960008 ], [ 9567521.739790944382548, 7416897.937287759035826 ], [ 9567868.622456204146147, 7416646.894364381209016 ], [ 9568037.894873905926943, 7417100.689108899794519 ], [ 9568077.869703048840165, 7417534.024629898369312 ], [ 9568099.365496722981334, 7417670.77985911257565 ], [ 9568127.573855686932802, 7417769.418703326955438 ], [ 9568310.761209737509489, 7417968.752751643769443 ], [ 9568415.100968459621072, 7418000.167342097498477 ], [ 9568378.243085058405995, 7418076.837461522780359 ], [ 9568302.401115978136659, 7418190.299681157805026 ], [ 9568234.919240659102798, 7418266.150608607567847 ], [ 9568190.035221971571445, 7418365.070715713314712 ], [ 9568166.246246790513396, 7418404.091721430420876 ], [ 9568146.353453785181046, 7418625.416479596868157 ], [ 9568026.774056773632765, 7418853.218857871368527 ], [ 9567952.702067600563169, 7418756.325782751664519 ], [ 9567702.144157722592354, 7418638.06547506339848 ], [ 9567535.72151898778975, 7418618.984463536180556 ], [ 9567175.936924744397402, 7418469.172783296555281 ], [ 9566817.232129560783505, 7417967.599387020803988 ], [ 9566477.729946538805962, 7417865.967133622616529 ], [ 9566410.882592316716909, 7417712.201765620149672 ], [ 9565859.37243908084929, 7417511.662368875928223 ], [ 9565665.509545864537358, 7417551.773743088357151 ], [ 9565564.73201084882021, 7417511.388705240562558 ], [ 9565542.67961972206831, 7417342.931022552773356 ], [ 9565632.291809812188148, 7417201.705393671058118 ], [ 9565753.46307553909719, 7417240.837829520925879 ], [ 9565745.726370928809047, 7417077.135771811939776 ], [ 9565629.386371102184057, 7416957.630563938058913 ], [ 9565425.526987612247467, 7416920.76688204985112 ], [ 9565325.161334713920951, 7416918.61683177575469 ], [ 9565225.107376387342811, 7416924.109234109520912 ], [ 9565081.115615045651793, 7416962.653889398090541 ], [ 9564933.338991019874811, 7416982.532216985709965 ], [ 9564828.164336116984487, 7417012.105477040633559 ], [ 9564760.615669103339314, 7417039.861051664687693 ], [ 9564659.181349093094468, 7417091.482775270007551 ], [ 9564823.210618775337934, 7417518.347583510912955 ], [ 9565130.675052348524332, 7418042.881223884411156 ], [ 9565394.168287055566907, 7417948.441830244846642 ], [ 9565554.724388627335429, 7417779.075447103008628 ], [ 9565742.865460015833378, 7418100.413382315076888 ], [ 9565893.514126908034086, 7418043.839112258516252 ], [ 9567002.000220378860831, 7418713.647074016742408 ], [ 9567386.386422090232372, 7418705.514098891988397 ], [ 9567447.567614229395986, 7418742.093003587797284 ], [ 9567491.694660380482674, 7418761.096115675754845 ], [ 9567573.269583232700825, 7418789.268510500900447 ], [ 9567637.756964249536395, 7418825.984665065072477 ], [ 9567704.348283641040325, 7418844.79247501026839 ], [ 9567716.45984423905611, 7418852.945146915502846 ], [ 9567811.393105987459421, 7418906.279864153824747 ], [ 9567942.649917582049966, 7419013.282768713310361 ], [ 9568383.029823161661625, 7419372.231300650164485 ], [ 9568461.543460017070174, 7419327.300726025365293 ], [ 9568491.699910072609782, 7419327.300726025365293 ], [ 9568832.426607493311167, 7419777.322093936614692 ], [ 9569020.345039902254939, 7420030.265270898118615 ], [ 9569039.581047911196947, 7420061.629548113793135 ], [ 9569063.570398176088929, 7420107.346533414907753 ], [ 9569126.44364657625556, 7420242.543677085079253 ], [ 9569263.722842620685697, 7420480.190534137189388 ], [ 9569288.057283310219646, 7420613.6342056049034 ], [ 9569272.639533834531903, 7420641.637330744415522 ], [ 9569203.521262001246214, 7420716.906008169986308 ], [ 9569066.687343917787075, 7420865.431300655938685 ], [ 9568962.136078163981438, 7420876.793260391801596 ], [ 9568627.754591720178723, 7420732.452630357816815 ], [ 9568499.336427142843604, 7420673.140967351384461 ], [ 9568176.743674771860242, 7420408.326670782640576 ], [ 9567777.474057143554091, 7420068.903575658798218 ], [ 9567819.385845426470041, 7419981.165961871854961 ], [ 9567813.330065127462149, 7419960.302271507680416 ], [ 9567623.140715107321739, 7419794.939467625692487 ], [ 9567277.538223991170526, 7419836.685568322427571 ], [ 9567153.461519552394748, 7419857.58803287986666 ], [ 9566995.209731440991163, 7419905.356926156207919 ], [ 9566972.166596844792366, 7419877.317351839505136 ], [ 9566825.614487217739224, 7419919.689606841653585 ], [ 9566596.530107112601399, 7419990.160634823143482 ], [ 9566241.665834363549948, 7420090.921238225884736 ], [ 9565672.010604126378894, 7420272.266246170736849 ], [ 9564939.227792082354426, 7420953.785154053010046 ], [ 9565089.275333721190691, 7421171.486459477804601 ], [ 9565694.853363638743758, 7422014.774891835637391 ], [ 9565544.60544691234827, 7422083.758917048573494 ], [ 9565618.599512442946434, 7422580.591106617823243 ], [ 9565601.389519168063998, 7422617.912017496302724 ], [ 9565563.841454923152924, 7422595.848061063326895 ], [ 9565531.681254032999277, 7422590.156039931811392 ], [ 9565514.849747022613883, 7422608.953417687676847 ], [ 9565497.161079937592149, 7422704.857917750254273 ], [ 9565473.438896449282765, 7422712.545194967649877 ], [ 9565451.542352611199021, 7422716.496419301256537 ], [ 9565428.009412257000804, 7422695.468887207098305 ], [ 9565394.24621069803834, 7422660.377486167475581 ], [ 9565352.891019869595766, 7422659.321225720457733 ], [ 9565300.782366229221225, 7422636.063971970230341 ], [ 9565280.277316024526954, 7422567.38799718208611 ], [ 9565253.182151965796947, 7422549.275323614478111 ], [ 9565228.992426617071033, 7422551.759456687606871 ], [ 9565204.780437368899584, 7422568.287763925269246 ], [ 9565191.867376435548067, 7422590.899327677674592 ], [ 9565228.936766870319843, 7422664.524287829175591 ], [ 9565222.090618187561631, 7422696.525152576155961 ], [ 9565221.600812427699566, 7422731.792762185446918 ], [ 9565204.045728728175163, 7422740.379852803424001 ], [ 9565181.11391362734139, 7422729.895388090983033 ], [ 9565168.66839455626905, 7422703.762530267238617 ], [ 9565150.12256739102304, 7422686.842725411988795 ], [ 9565137.153846712782979, 7422696.877241063863039 ], [ 9565114.878816602751613, 7422729.465055888518691 ], [ 9565083.776150876656175, 7422738.991051626391709 ], [ 9565043.222460379824042, 7422722.227654215879738 ], [ 9564998.750323807820678, 7422717.572248058393598 ], [ 9564964.085434375330806, 7422736.800267175771296 ], [ 9564952.986881142482162, 7422786.699448597617447 ], [ 9564939.528354706242681, 7422802.778359446674585 ], [ 9564905.54251416772604, 7422799.198745022527874 ], [ 9564878.258106974884868, 7422782.904674014076591 ], [ 9564858.576821001246572, 7422753.720181005075574 ], [ 9564816.887671699747443, 7422716.965871831402183 ], [ 9564783.80351903475821, 7422659.966718197800219 ], [ 9564759.324363011866808, 7422660.964297588914633 ], [ 9564743.672842605039477, 7422671.839877299033105 ], [ 9564727.141898222267628, 7422721.640838159248233 ], [ 9564697.84260824508965, 7422779.814085776917636 ], [ 9564663.110927117988467, 7422793.115360366180539 ], [ 9564643.251529959961772, 7422780.185738726519048 ], [ 9564615.26580997556448, 7422741.749093645252287 ], [ 9564582.771650612354279, 7422695.351524396799505 ], [ 9564518.061630614101887, 7422680.818110166117549 ], [ 9564486.825381496921182, 7422693.219433659687638 ], [ 9564463.403760634362698, 7422713.386297008953989 ], [ 9564451.058429107069969, 7422748.61486207600683 ], [ 9564441.69645993039012, 7422822.280440812930465 ], [ 9564447.618656842038035, 7422895.438133848831058 ], [ 9564425.833432491868734, 7422932.838803887367249 ], [ 9564390.51175806298852, 7422960.263468377292156 ], [ 9564373.023466059938073, 7422945.279652510769665 ], [ 9564374.281376305967569, 7422922.178029668517411 ], [ 9564367.101269148290157, 7422897.726767995394766 ], [ 9564307.946091743186116, 7422844.129872056655586 ], [ 9564289.166493644937873, 7422853.695130351930857 ], [ 9564247.477344343438745, 7422894.244914604350924 ], [ 9564219.213325630873442, 7422892.0149643747136 ], [ 9564193.710030291229486, 7422872.199733048677444 ], [ 9564180.162448259070516, 7422821.674056400544941 ], [ 9564183.168074510991573, 7422805.184330724179745 ], [ 9564194.199836049228907, 7422789.06629347987473 ], [ 9564201.546922441571951, 7422723.264362688176334 ], [ 9564193.60984274931252, 7422684.867120548151433 ], [ 9564169.731811974197626, 7422670.23592393565923 ], [ 9564152.087672682479024, 7422665.873954886570573 ], [ 9564135.189373981207609, 7422682.089538319036365 ], [ 9564121.819903137162328, 7422713.992672955617309 ], [ 9564093.978898487985134, 7422766.943168254569173 ], [ 9564055.061604507267475, 7422783.37413056474179 ], [ 9564018.782582458108664, 7422828.01175388507545 ], [ 9564023.424605222418904, 7422838.339864588342607 ], [ 9564040.734786041080952, 7422841.019698588177562 ], [ 9564049.918644033372402, 7422858.467983481474221 ], [ 9564043.428717719390988, 7422902.832185066305101 ], [ 9564032.229976944625378, 7422952.06735663395375 ], [ 9564010.288905309513211, 7422994.828073081560433 ], [ 9563989.683667562901974, 7423003.161158718168736 ], [ 9563969.601631423458457, 7422998.818563676439226 ], [ 9563953.02615924552083, 7422982.387144989334047 ], [ 9563945.812656242400408, 7422932.154166570864618 ], [ 9563907.273848529905081, 7422880.141468252055347 ], [ 9563882.304886745288968, 7422858.546226999722421 ], [ 9563861.721912898123264, 7422862.145429701544344 ], [ 9563810.793245859444141, 7422900.093646755442023 ], [ 9563774.18026533909142, 7422936.12506384961307 ], [ 9563749.567525923252106, 7422937.279167379252613 ], [ 9563738.914250653237104, 7422929.474301083013415 ], [ 9563717.752415454015136, 7422915.918499341234565 ], [ 9563697.069254066795111, 7422917.463820419274271 ], [ 9563681.473393404856324, 7422932.584510018117726 ], [ 9563675.172710226848722, 7422964.09745202306658 ], [ 9563686.20447176322341, 7423031.192472590133548 ], [ 9563681.451129507273436, 7423055.996259778738022 ], [ 9563667.024123499169946, 7423065.659586353227496 ], [ 9563629.342475865036249, 7423061.786429720930755 ], [ 9563585.293353360146284, 7423057.991520554758608 ], [ 9563482.200372936204076, 7423132.383815598674119 ], [ 9563472.960855199024081, 7423188.31054666172713 ], [ 9563473.506320705637336, 7423292.359987092204392 ], [ 9563472.537841135635972, 7423321.448696587234735 ], [ 9563478.215135164558887, 7423349.813716748729348 ], [ 9563489.558591276407242, 7423392.498377065174282 ], [ 9563490.994612708687782, 7423413.410425161011517 ], [ 9563480.007378967478871, 7423454.002260368317366 ], [ 9563473.094438588246703, 7423476.909842826426029 ], [ 9563474.931210186332464, 7423489.840625904500484 ], [ 9563481.799622770398855, 7423499.70011795591563 ], [ 9563506.712924808263779, 7423523.918526635505259 ], [ 9563528.37569771707058, 7423539.998965769074857 ], [ 9563543.259113635867834, 7423555.218682180158794 ], [ 9563565.545275693759322, 7423607.27503309212625 ], [ 9563587.731250207871199, 7423671.675932646729052 ], [ 9563586.896354027092457, 7423685.702566433697939 ], [ 9563582.510366087779403, 7423697.753362721763551 ], [ 9563574.061216738075018, 7423708.395639950409532 ], [ 9563557.697251591831446, 7423716.005659638904035 ], [ 9563516.731678979471326, 7423726.921844879165292 ], [ 9563499.710928836837411, 7423740.04867579229176 ], [ 9563494.935322683304548, 7423756.168689302168787 ], [ 9563478.448906095698476, 7423773.951607148163021 ], [ 9563452.834291264414787, 7423787.235023428685963 ], [ 9563429.078711928799748, 7423802.37697194237262 ], [ 9563411.378912894055247, 7423823.66182810254395 ], [ 9563401.682985244318843, 7423844.320714940316975 ], [ 9563403.419569300487638, 7423868.735833964310586 ], [ 9563411.479100435972214, 7423883.66274346690625 ], [ 9563447.947365617379546, 7423899.939563503488898 ], [ 9563479.261538378894329, 7423912.479781082831323 ], [ 9563503.417867880314589, 7423917.801065182313323 ], [ 9563519.269763369113207, 7423915.609947759658098 ], [ 9563528.676260342821479, 7423906.669412540271878 ], [ 9563552.264860440045595, 7423884.56266291346401 ], [ 9563564.465476632118225, 7423881.236874176189303 ], [ 9563579.014934077858925, 7423884.758297589607537 ], [ 9563601.06732520647347, 7423902.73714538756758 ], [ 9563634.785998966544867, 7423916.901141881942749 ], [ 9563658.463654659688473, 7423915.218676855787635 ], [ 9563673.870272183790803, 7423892.114164991304278 ], [ 9563685.703534055501223, 7423877.148112326860428 ], [ 9563705.896889684721828, 7423877.754579259082675 ], [ 9563731.299997482448816, 7423889.238333022221923 ], [ 9563768.948249271139503, 7423910.81688055023551 ], [ 9563797.490566710010171, 7423932.59112399443984 ], [ 9563804.013888869434595, 7423960.645360649563372 ], [ 9563800.251290081068873, 7423989.756140270270407 ], [ 9563785.868811869993806, 7424010.845872788690031 ], [ 9563759.99816220998764, 7424021.175558618269861 ], [ 9563731.043962655588984, 7424023.91449277382344 ], [ 9563669.139193823561072, 7424056.410063963383436 ], [ 9563635.954853620380163, 7424078.9868383705616 ], [ 9563617.876568315550685, 7424099.020356997847557 ], [ 9563612.121350640431046, 7424119.601721038110554 ], [ 9563614.692830877378583, 7424166.399094250053167 ], [ 9563608.503467189148068, 7424231.82198226545006 ], [ 9563602.469950787723064, 7424257.353492273017764 ], [ 9563594.900225413963199, 7424276.311426490545273 ], [ 9563579.783038564026356, 7424288.5979142813012 ], [ 9563553.778805516660213, 7424283.824181043542922 ], [ 9563538.127285111695528, 7424299.514905429445207 ], [ 9563507.024619383737445, 7424345.530778949148953 ], [ 9563484.860908765345812, 7424431.204767395742238 ], [ 9563486.308062145486474, 7424447.150133462622762 ], [ 9563493.510433200746775, 7424456.77606357075274 ], [ 9563524.268008505925536, 7424468.338934432715178 ], [ 9563555.081243557855487, 7424467.086778380908072 ], [ 9563599.430928688496351, 7424456.326070637442172 ], [ 9563628.897197902202606, 7424461.275994343683124 ], [ 9563658.407994912937284, 7424477.573591564781964 ], [ 9563701.03222793713212, 7424509.934108202345669 ], [ 9563755.84594520367682, 7424552.35124138277024 ], [ 9563777.68682929687202, 7424576.37728504370898 ], [ 9563795.041537910699844, 7424607.622992247343063 ], [ 9563796.288316208869219, 7424633.703569350764155 ], [ 9563789.130472952499986, 7424665.223423611372709 ], [ 9563770.072576127946377, 7424704.823968321084976 ], [ 9563756.491598250344396, 7424717.913323262706399 ], [ 9563740.060841409489512, 7424725.133021762594581 ], [ 9563724.843467017635703, 7424726.874359264969826 ], [ 9563701.755804628133774, 7424731.726627619937062 ], [ 9563677.087405467405915, 7424742.937727007083595 ], [ 9563660.044391427189112, 7424741.196385897696018 ], [ 9563645.227767201140523, 7424733.859278785996139 ], [ 9563630.633781960234046, 7424732.978826400823891 ], [ 9563616.3848871383816, 7424736.715858330950141 ], [ 9563603.471826206892729, 7424745.226906361989677 ], [ 9563594.243440419435501, 7424751.174862714484334 ], [ 9563585.404672849923372, 7424759.56853256188333 ], [ 9563580.150392884388566, 7424769.879649914801121 ], [ 9563580.027941444888711, 7424785.08221416734159 ], [ 9563583.367526169866323, 7424799.77609802596271 ], [ 9563585.84995081461966, 7424821.376744813285768 ], [ 9563592.985530173406005, 7424840.903468229807913 ], [ 9563606.299341272562742, 7424937.813876129686832 ], [ 9563628.563239431008697, 7424989.742543708533049 ], [ 9563883.518269196152687, 7425867.358311301097274 ], [ 9564170.421992816030979, 7426164.19810607843101 ], [ 9564381.305636174976826, 7426490.30642008036375 ], [ 9564722.388555964455009, 7426839.874379081651568 ], [ 9565064.261844139546156, 7427110.681977811269462 ], [ 9565639.939458828419447, 7427364.040570402517915 ], [ 9565918.160262169316411, 7427483.510483607649803 ], [ 9566024.058493759483099, 7427401.599802480079234 ], [ 9566106.323597457259893, 7427300.842043843120337 ], [ 9566170.599471440538764, 7427191.356561880558729 ], [ 9566216.641212834045291, 7427063.612405608408153 ], [ 9566269.573630703613162, 7426724.974337658844888 ], [ 9566321.314930025488138, 7426522.831897180527449 ], [ 9566336.599096111953259, 7426487.977585499174893 ], [ 9566493.069772370159626, 7426546.472642438486218 ], [ 9566558.280730076134205, 7426403.474632291123271 ], [ 9566651.199109042063355, 7426252.925450441427529 ], [ 9566821.729436988011003, 7426038.232069457881153 ], [ 9566986.849637681618333, 7425835.324792880564928 ], [ 9567140.114312605932355, 7425725.135979041457176 ], [ 9567280.34347515925765, 7425613.442007790319622 ], [ 9567435.289074394851923, 7425529.535611681640148 ], [ 9567758.850306333974004, 7425383.249485742300749 ], [ 9568062.396293828263879, 7425189.399182143621147 ], [ 9568163.118169097229838, 7425113.910993471741676 ], [ 9568183.200205238536, 7425131.11002625990659 ], [ 9568215.026447655633092, 7425158.111997683532536 ], [ 9568222.128631167113781, 7425164.138537469319999 ], [ 9568211.597807340323925, 7425169.245446603745222 ], [ 9568186.228095386177301, 7425195.308345600031316 ], [ 9568159.13293132930994, 7425231.389560534618795 ], [ 9568129.900433046743274, 7425291.323099282570183 ], [ 9568094.589890565723181, 7425384.188713704235852 ], [ 9568077.780647456645966, 7425436.629122080281377 ], [ 9568049.583420436829329, 7425537.988826884888113 ], [ 9568027.208202790468931, 7425669.073544671759009 ], [ 9568021.441853165626526, 7425734.724359184503555 ], [ 9568018.558678355067968, 7425805.052554680965841 ], [ 9568020.484505545347929, 7425878.414504450745881 ], [ 9568025.505014579743147, 7425932.130215846933424 ], [ 9568030.581183359026909, 7425975.592271394096315 ], [ 9568059.223688341677189, 7425971.972054855898023 ], [ 9568077.546876525506377, 7426114.081499367021024 ], [ 9568073.517110960558057, 7426116.331945281475782 ], [ 9568021.875999180600047, 7426179.755650408565998 ], [ 9568047.824572483077645, 7426514.005776490084827 ], [ 9567563.81855846196413, 7426575.749691752716899 ], [ 9567681.438732435926795, 7427735.393695762380958 ], [ 9567733.636441668495536, 7427792.332296658307314 ], [ 9567922.222791023552418, 7427937.254568315111101 ], [ 9568021.16355443932116, 7428050.097731814719737 ], [ 9568025.727653561159968, 7428058.808157023973763 ], [ 9568041.857847776263952, 7428065.385023892857134 ], [ 9568047.579669604077935, 7428070.47426993958652 ], [ 9568387.950144654139876, 7428360.410217992961407 ], [ 9568426.13272999599576, 7428486.316106715239584 ], [ 9568443.97724436968565, 7428558.21570682618767 ], [ 9568173.136923270300031, 7428705.971184222958982 ], [ 9568273.892194386571646, 7428874.969473937526345 ], [ 9568611.568737760186195, 7428782.512290816754103 ], [ 9568572.773895217105746, 7428735.921962039545178 ], [ 9568706.379548067227006, 7428669.932525838725269 ], [ 9568726.87346632219851, 7428662.415520976297557 ], [ 9568752.031671242788434, 7428702.839083422906697 ], [ 9568903.70447744615376, 7429056.559138686396182 ], [ 9568994.708161171525717, 7429197.217704216018319 ], [ 9569037.477109534665942, 7429303.266357161104679 ], [ 9569015.569433746859431, 7429315.149691456928849 ], [ 9569023.183686915785074, 7429374.155512378551066 ], [ 9569032.823954818770289, 7429392.930185930803418 ], [ 9569048.709246154874563, 7429385.197129273787141 ], [ 9569076.438931312412024, 7429368.438936759717762 ], [ 9569206.371040964499116, 7429583.459476009942591 ], [ 9569262.943606186658144, 7429722.600500690750778 ], [ 9569288.201998647302389, 7429812.562855336815119 ], [ 9569387.276345452293754, 7430003.748561705462635 ], [ 9569407.759131761267781, 7430074.761596236377954 ], [ 9569429.41077271848917, 7430237.700496049597859 ], [ 9569581.150370620191097, 7430698.400275615975261 ], [ 9569602.067302940413356, 7430982.266373348422348 ], [ 9569461.203619290143251, 7431329.001657675020397 ], [ 9569165.906406061723828, 7431947.786532529629767 ], [ 9568857.751791648566723, 7432545.468615951016545 ], [ 9568785.505442125722766, 7432727.966876174323261 ], [ 9568866.635087013244629, 7432770.840293086133897 ], [ 9568644.318931950256228, 7433099.400731244124472 ], [ 9568151.863768579438329, 7433812.645154900848866 ], [ 9568182.732663376256824, 7433829.45213411282748 ], [ 9568206.733145592734218, 7433846.631333508528769 ], [ 9568238.359012925997376, 7433752.90036064106971 ], [ 9568255.635797895491123, 7433761.911021435633302 ], [ 9568287.183741586282849, 7433711.392691066488624 ], [ 9568487.558825016021729, 7433839.148484848439693 ], [ 9569118.150344513356686, 7433022.327330566942692 ], [ 9569118.862789254635572, 7433023.659215101972222 ], [ 9569119.541838146746159, 7433024.246811292134225 ], [ 9569114.922079280018806, 7433032.806134186685085 ], [ 9569154.952568167820573, 7433066.573440727777779 ], [ 9569150.154698114842176, 7433076.09255719743669 ], [ 9569149.575836762785912, 7433097.089497410692275 ], [ 9569228.668334972113371, 7433238.565699392929673 ], [ 9569290.328200923278928, 7433346.295398774556816 ], [ 9569387.888602653518319, 7433543.405449898913503 ], [ 9569393.643820326775312, 7433550.672546491958201 ], [ 9569966.360336558893323, 7434573.363969589583576 ], [ 9570217.062961775809526, 7434990.338432658463717 ], [ 9570493.870007582008839, 7435444.933548681437969 ], [ 9571469.006483033299446, 7435040.884690882638097 ], [ 9571226.986778099089861, 7436251.507289657369256 ], [ 9571037.710247904062271, 7436219.489620509557426 ], [ 9570711.366028692573309, 7436386.49633448664099 ], [ 9570484.407850865274668, 7436578.706450839526951 ], [ 9570053.334254717454314, 7437077.46778919827193 ], [ 9570021.040470438078046, 7437070.550126955844462 ], [ 9569973.863270239904523, 7437119.522605270147324 ], [ 9569951.866538858041167, 7437162.890648553147912 ], [ 9569677.820216424763203, 7437331.97542320843786 ], [ 9568939.805388310924172, 7437753.801969516091049 ], [ 9568838.493519740179181, 7437826.845908167771995 ], [ 9568456.322575898841023, 7438018.268586524762213 ], [ 9568118.612636677920818, 7438230.236452721990645 ], [ 9568158.264639299362898, 7438699.408695515245199 ], [ 9567968.242268515750766, 7438657.345304934307933 ], [ 9567974.787854572758079, 7438604.364574511535466 ], [ 9567795.596870245411992, 7438530.000075952149928 ], [ 9567761.377258773893118, 7438470.003302965313196 ], [ 9567481.898545188829303, 7438363.103964133188128 ], [ 9567142.541077505797148, 7438253.618931167759001 ], [ 9567138.533575836569071, 7438173.221132560633123 ], [ 9566970.129450164735317, 7438010.193734836764634 ], [ 9566991.959202310070395, 7437926.368647708557546 ], [ 9566519.597207026556134, 7437590.01906958129257 ], [ 9566383.420073939487338, 7437995.474791388958693 ], [ 9566144.116564581170678, 7437990.006642423570156 ], [ 9566045.008821928873658, 7438199.170989071018994 ], [ 9566020.941548017784953, 7438217.398659269325435 ], [ 9565788.406263699755073, 7438215.027099753729999 ], [ 9565573.170028250664473, 7437955.355522904545069 ], [ 9565454.470055216923356, 7438548.875341031700373 ], [ 9565450.061803383752704, 7438609.107932578772306 ], [ 9565471.691180443391204, 7438655.522432500496507 ], [ 9565467.91744970716536, 7438705.81818840559572 ], [ 9565417.623303767293692, 7438850.415404739789665 ], [ 9565420.139124257490039, 7438876.818359797820449 ], [ 9565445.764871038496494, 7438941.836265170015395 ], [ 9565519.469505893066525, 7439017.10639379080385 ], [ 9565562.917503148317337, 7438975.511716708540916 ], [ 9565570.375909032300115, 7438995.505360201001167 ], [ 9565551.562915088608861, 7439096.434844111092389 ], [ 9565630.811260582879186, 7439210.675512008368969 ], [ 9565651.494421971961856, 7439289.241451153531671 ], [ 9565626.347349002957344, 7439391.076482334174216 ], [ 9565528.208085920661688, 7439606.238015601411462 ], [ 9565610.450925717130303, 7439878.256537146866322 ], [ 9565597.426545294001698, 7440166.870082185603678 ], [ 9565532.048608353361487, 7440551.619908168911934 ], [ 9565537.202700775116682, 7440612.319001281633973 ], [ 9565563.474100602790713, 7440676.096693779341877 ], [ 9565518.423102680593729, 7440726.699656997807324 ], [ 9565588.187027560546994, 7441472.215085969306529 ], [ 9565652.184602815657854, 7442033.295939418487251 ], [ 9565764.450309282168746, 7442247.079729137942195 ], [ 9565778.899579185992479, 7442320.75433917529881 ], [ 9566698.431968985125422, 7443023.708495624363422 ], [ 9567047.385176775977015, 7443137.771739070303738 ], [ 9567246.613669447600842, 7442739.12645628862083 ], [ 9567417.70059484988451, 7441572.274861291050911 ], [ 9567742.553132882341743, 7440788.792159896343946 ], [ 9568621.576359981670976, 7439909.760019829496741 ], [ 9568832.682642322033644, 7439660.14695234503597 ], [ 9569655.144436148926616, 7438773.382798319682479 ], [ 9569940.122332580387592, 7438572.121576988138258 ], [ 9570895.744501296430826, 7437830.020895089022815 ], [ 9571851.043843487277627, 7437215.351999504491687 ], [ 9572623.745824931189418, 7436850.011236247606575 ], [ 9573258.667672619223595, 7436635.220149552449584 ], [ 9573888.691462712362409, 7436510.925827980041504 ], [ 9574942.820248831063509, 7436399.350690419785678 ], [ 9576117.418987883254886, 7436213.807183868251741 ], [ 9576571.034780917689204, 7436107.017339110374451 ], [ 9577246.844277575612068, 7435895.734537751413882 ], [ 9578526.762386867776513, 7435452.280798979103565 ], [ 9579662.911373803392053, 7435050.680515489540994 ], [ 9579523.305600399151444, 7434677.468347385525703 ], [ 9579427.281407641246915, 7434257.670213738456368 ], [ 9579771.548064867034554, 7433376.538332617841661 ], [ 9579777.71516465768218, 7433347.235591831617057 ], [ 9579790.717281183227897, 7433285.516077041625977 ], [ 9579794.802706494927406, 7433266.105185551568866 ], [ 9579803.619210164994001, 7433224.267142746597528 ], [ 9579806.368801588192582, 7433211.202594185248017 ], [ 9579808.350288525223732, 7433201.800833731889725 ], [ 9579820.216946242377162, 7433145.488444707356393 ], [ 9579838.940884593874216, 7433056.603843619115651 ], [ 9579841.43444118835032, 7433044.753946253098547 ], [ 9579854.970891268923879, 7433025.167378745041788 ], [ 9579892.474427716806531, 7432868.613723322749138 ], [ 9579922.419370740652084, 7432743.635525486432016 ], [ 9579934.196972865611315, 7432695.74831553734839 ], [ 9579937.135807424783707, 7432683.820627055130899 ], [ 9579957.340295001864433, 7432601.776646395213902 ], [ 9579968.449980184435844, 7432556.632262524217367 ], [ 9579995.845706867054105, 7432445.309881463646889 ], [ 9580037.835418796166778, 7432300.440415217541158 ], [ 9580050.147354476153851, 7432256.923307909630239 ], [ 9580128.505144046619534, 7431979.571138893254101 ], [ 9580153.785800404846668, 7431890.210313098505139 ], [ 9580164.884353637695312, 7431853.275589313358068 ], [ 9580169.938258519396186, 7431836.492477636784315 ], [ 9580192.858941672369838, 7431755.63246398139745 ], [ 9580237.642772819846869, 7431599.652766500599682 ], [ 9580279.955311270430684, 7431450.020955204963684 ], [ 9580305.792565084993839, 7431358.688417283818126 ], [ 9580343.051198652014136, 7431227.957866095006466 ], [ 9580349.051319206133485, 7431206.926823893561959 ], [ 9580364.413408935070038, 7431152.998322756960988 ], [ 9580368.910716362297535, 7431137.234979148954153 ], [ 9580454.348425546661019, 7430837.424243845045567 ], [ 9580463.821714213117957, 7430804.077845043502748 ], [ 9580468.129778508096933, 7430790.175395833328366 ], [ 9580654.801432618871331, 7430715.690022123046219 ], [ 9580651.061097726225853, 7430706.075900109484792 ], [ 9580416.499798675999045, 7430132.559285600669682 ], [ 9580383.181875083595514, 7430052.089043067768216 ], [ 9580368.966376109048724, 7430012.715708018280566 ], [ 9580362.643429031595588, 7429989.63217989820987 ], [ 9580359.281580409035087, 7429959.891925640404224 ], [ 9580357.25556567683816, 7429930.562938697636127 ], [ 9580356.220294412225485, 7429799.210378953255713 ], [ 9580356.643308477476239, 7429779.925684587098658 ], [ 9580357.16651008464396, 7429759.035618010908365 ], [ 9580358.368760583922267, 7429685.323695953004062 ], [ 9580363.30021402798593, 7429384.3944580135867 ], [ 9580364.880950797349215, 7429259.47241420019418 ], [ 9580365.281700963154435, 7429144.830165745690465 ], [ 9580365.470944097265601, 7429090.035058606415987 ], [ 9580365.682451130822301, 7429068.187599749304354 ], [ 9580366.261312482878566, 7429046.438084919005632 ], [ 9580366.895833579823375, 7429026.137287691235542 ], [ 9580367.830917302519083, 7428986.514669739641249 ], [ 9580368.376382807269692, 7428964.021485119126737 ], [ 9580368.843924667686224, 7428957.659194953739643 ], [ 9580426.474025052040815, 7428958.618432213552296 ], [ 9582939.734168691560626, 7429001.059905673377216 ], [ 9583761.862004047259688, 7429014.33270197827369 ], [ 9584319.917743343859911, 7429021.027837937697768 ], [ 9584325.027307970449328, 7428999.160997144877911 ], [ 9584347.536109009757638, 7427406.395027590915561 ], [ 9584360.97237154841423, 7427380.187690613791347 ] ] ] ] } }
]
}
